inning,half,diff,base_code,outs,wp_bat
1,0,-10,0,0,0.012408
1,0,-10,0,1,0.01012
1,0,-10,0,2,0.008807
1,0,-10,1,0,0.016704
1,0,-10,1,1,0.012475
1,0,-10,1,2,0.009848
1,0,-10,2,0,0.018642
1,0,-10,2,1,0.013499
1,0,-10,2,2,0.010316
1,0,-10,4,0,0.019562
1,0,-10,4,1,0.015494
1,0,-10,4,2,0.010509
1,0,-10,3,0,0.024868
1,0,-10,3,1,0.016922
1,0,-10,3,2,0.011978
1,0,-10,5,0,0.028237
1,0,-10,5,1,0.019157
1,0,-10,5,2,0.012493
1,0,-10,6,0,0.027267
1,0,-10,6,1,0.019899
1,0,-10,6,2,0.012853
1,0,-10,7,0,0.039311
1,0,-10,7,1,0.024896
1,0,-10,7,2,0.015903
1,0,-9,0,0,0.01981
1,0,-9,0,1,0.016422
1,0,-9,0,2,0.014434
1,0,-9,1,0,0.026142
1,0,-9,1,1,0.019965
1,0,-9,1,2,0.016018
1,0,-9,2,0,0.02914
1,0,-9,2,1,0.021555
1,0,-9,2,2,0.016755
1,0,-9,4,0,0.03077
1,0,-9,4,1,0.024584
1,0,-9,4,2,0.017051
1,0,-9,3,0,0.037966
1,0,-9,3,1,0.02654
1,0,-9,3,2,0.019209
1,0,-9,5,0,0.043092
1,0,-9,5,1,0.029976
1,0,-9,5,2,0.019973
1,0,-9,6,0,0.041912
1,0,-9,6,1,0.031182
1,0,-9,6,2,0.020568
1,0,-9,7,0,0.05847
1,0,-9,7,1,0.038307
1,0,-9,7,2,0.025029
1,0,-8,0,0,0.031057
1,0,-8,0,1,0.026169
1,0,-8,0,2,0.023231
1,0,-8,1,0,0.040149
1,0,-8,1,1,0.031362
1,0,-8,1,2,0.02558
1,0,-8,2,0,0.044656
1,0,-8,2,1,0.033773
1,0,-8,2,2,0.026717
1,0,-8,4,0,0.047423
1,0,-8,4,1,0.038268
1,0,-8,4,2,0.027162
1,0,-8,3,0,0.056794
1,0,-8,3,1,0.040824
1,0,-8,3,2,0.030242
1,0,-8,5,0,0.064394
1,0,-8,5,1,0.045971
1,0,-8,5,2,0.031343
1,0,-8,6,0,0.063082
1,0,-8,6,1,0.047877
1,0,-8,6,2,0.032293
1,0,-8,7,0,0.085008
1,0,-8,7,1,0.057687
1,0,-8,7,2,0.03863
1,0,-7,0,0,0.047754
1,0,-7,0,1,0.040897
1,0,-7,0,2,0.036678
1,0,-7,1,0,0.060428
1,0,-7,1,1,0.048294
1,0,-7,1,2,0.040064
1,0,-7,2,0,0.06699
1,0,-7,2,1,0.051846
1,0,-7,2,2,0.041773
1,0,-7,4,0,0.071486
1,0,-7,4,1,0.058349
1,0,-7,4,2,0.042424
1,0,-7,3,0,0.083132
1,0,-7,3,1,0.061498
1,0,-7,3,2,0.046682
1,0,-7,5,0,0.094075
1,0,-7,5,1,0.06899
1,0,-7,5,2,0.048216
1,0,-7,6,0,0.092803
1,0,-7,6,1,0.071906
1,0,-7,6,2,0.049677
1,0,-7,7,0,0.120638
1,0,-7,7,1,0.084877
1,0,-7,7,2,0.058388
1,0,-6,0,0,0.071897
1,0,-6,0,1,0.062585
1,0,-6,0,2,0.056717
1,0,-6,1,0,0.088985
1,0,-6,1,1,0.072775
1,0,-6,1,2,0.061439
1,0,-6,2,0,0.098203
1,0,-6,2,1,0.077844
1,0,-6,2,2,0.063933
1,0,-6,4,0,0.105175
1,0,-6,4,1,0.086987
1,0,-6,4,2,0.06486
1,0,-6,3,0,0.118878
1,0,-6,3,1,0.09057
1,0,-6,3,2,0.070528
1,0,-6,5,0,0.134117
1,0,-6,5,1,0.101123
1,0,-6,5,2,0.07259
1,0,-6,6,0,0.13316
1,0,-6,6,1,0.105422
1,0,-6,6,2,0.074743
1,0,-6,7,0,0.166877
1,0,-6,7,1,0.121783
1,0,-6,7,2,0.086279
1,0,-5,0,0,0.105766
1,0,-5,0,1,0.093577
1,0,-5,0,2,0.085715
1,0,-5,1,0,0.12794
1,0,-5,1,1,0.107088
1,0,-5,1,2,0.092053
1,0,-5,2,0,0.140397
1,0,-5,2,1,0.114064
1,0,-5,2,2,0.095568
1,0,-5,4,0,0.150666
1,0,-5,4,1,0.126512
1,0,-5,4,2,0.096849
1,0,-5,3,0,0.165767
1,0,-5,3,1,0.130133
1,0,-5,3,2,0.104068
1,0,-5,5,0,0.186193
1,0,-5,5,1,0.144461
1,0,-5,5,2,0.106731
1,0,-5,6,0,0.185907
1,0,-5,6,1,0.150532
1,0,-5,6,2,0.10975
1,0,-5,7,0,0.224693
1,0,-5,7,1,0.170064
1,0,-5,7,2,0.124393
1,0,-4,0,0,0.151656
1,0,-4,0,1,0.136362
1,0,-4,0,2,0.126273
1,0,-4,1,0,0.179191
1,0,-4,1,1,0.153498
1,0,-4,1,2,0.13441
1,0,-4,2,0,0.195324
1,0,-4,2,1,0.162712
1,0,-4,2,2,0.139168
1,0,-4,4,0,0.20961
1,0,-4,4,1,0.179044
1,0,-4,4,2,0.140875
1,0,-4,3,0,0.224956
1,0,-4,3,1,0.182011
1,0,-4,3,2,0.149605
1,0,-4,5,0,0.25115
1,0,-4,5,1,0.200664
1,0,-4,5,2,0.152899
1,0,-4,6,0,0.251882
1,0,-4,6,1,0.208824
1,0,-4,6,2,0.156896
1,0,-4,7,0,0.294075
1,0,-4,7,1,0.230702
1,0,-4,7,2,0.17461
1,0,-3,0,0,0.211382
1,0,-3,0,1,0.193108
1,0,-3,0,2,0.180792
1,0,-3,1,0,0.243877
1,0,-3,1,1,0.213745
1,0,-3,1,2,0.19071
1,0,-3,2,0,0.263804
1,0,-3,2,1,0.225345
1,0,-3,2,2,0.196851
1,0,-3,4,0,0.282474
1,0,-3,4,1,0.245856
1,0,-3,4,2,0.199031
1,0,-3,3,0,0.296507
1,0,-3,3,1,0.247229
1,0,-3,3,2,0.208956
1,0,-3,5,0,0.328435
1,0,-3,5,1,0.270366
1,0,-3,5,2,0.212856
1,0,-3,6,0,0.330375
1,0,-3,6,1,0.280716
1,0,-3,6,2,0.2178
1,0,-3,7,0,0.373643
1,0,-3,7,1,0.303513
1,0,-3,7,2,0.238086
1,0,-2,0,0,0.285526
1,0,-2,0,1,0.264891
1,0,-2,0,2,0.250703
1,0,-2,1,0,0.321703
1,0,-2,1,1,0.288296
1,0,-2,1,2,0.262084
1,0,-2,2,0,0.345013
1,0,-2,2,1,0.30211
1,0,-2,2,2,0.269572
1,0,-2,4,0,0.367816
1,0,-2,4,1,0.326546
1,0,-2,4,2,0.272216
1,0,-2,3,0,0.378874
1,0,-2,3,1,0.325347
1,0,-2,3,2,0.282715
1,0,-2,5,0,0.415619
1,0,-2,5,1,0.352502
1,0,-2,5,2,0.287114
1,0,-2,6,0,0.418675
1,0,-2,6,1,0.364774
1,0,-2,6,2,0.292775
1,0,-2,7,0,0.460432
1,0,-2,7,1,0.386767
1,0,-2,7,2,0.314662
1,0,-1,0,0,0.372604
1,0,-1,0,1,0.350753
1,0,-1,0,2,0.335462
1,0,-1,1,0,0.410316
1,0,-1,1,1,0.375541
1,0,-1,1,2,0.347641
1,0,-1,2,0,0.435927
1,0,-1,2,1,0.390971
1,0,-1,2,2,0.356185
1,0,-1,4,0,0.461791
1,0,-1,4,1,0.418313
1,0,-1,4,2,0.359203
1,0,-1,3,0,0.468663
1,0,-1,3,1,0.413947
1,0,-1,3,2,0.369459
1,0,-1,5,0,0.508323
1,0,-1,5,1,0.443869
1,0,-1,5,2,0.374157
1,0,-1,6,0,0.512028
1,0,-1,6,1,0.457249
1,0,-1,6,2,0.380057
1,0,-1,7,0,0.550043
1,0,-1,7,1,0.47699
1,0,-1,7,2,0.402264
1,0,0,0,0,0.468492
1,0,0,0,1,0.446947
1,0,0,0,2,0.431651
1,0,0,1,0,0.505126
1,0,0,1,1,0.471327
1,0,0,1,2,0.44373
1,0,0,2,0,0.531237
1,0,0,2,1,0.487276
1,0,0,2,2,0.452712
1,0,0,4,0,0.558203
1,0,0,4,1,0.515592
1,0,0,4,2,0.455896
1,0,0,3,0,0.560878
1,0,0,3,1,0.508486
1,0,0,3,2,0.465201
1,0,0,5,0,0.600671
1,0,0,5,1,0.539066
1,0,0,5,2,0.469895
1,0,0,6,0,0.604451
1,0,0,6,1,0.552419
1,0,0,6,2,0.475506
1,0,0,7,0,0.637264
1,0,0,7,1,0.569089
1,0,0,7,2,0.496645
1,0,1,0,0,0.566346
1,0,1,0,1,0.546531
1,0,1,0,2,0.532307
1,0,1,1,0,0.599625
1,0,1,1,1,0.568888
1,0,1,1,2,0.543455
1,0,1,2,0,0.62429
1,0,1,2,1,0.58411
1,0,1,2,2,0.552135
1,0,1,4,0,0.650157
1,0,1,4,1,0.61118
1,0,1,4,2,0.555222
1,0,1,3,0,0.649632
1,0,1,3,1,0.602541
1,0,1,3,2,0.563164
1,0,1,5,0,0.686746
1,0,1,5,1,0.63148
1,0,1,5,2,0.567535
1,0,1,6,0,0.690224
1,0,1,6,1,0.643827
1,0,1,6,2,0.572505
1,0,1,7,0,0.717208
1,0,1,7,1,0.657188
1,0,1,7,2,0.591414
1,0,2,0,0,0.65882
1,0,2,0,1,0.641662
1,0,2,0,2,0.629238
1,0,2,1,0,0.687338
1,0,2,1,1,0.660962
1,0,2,1,2,0.63891
1,0,2,2,0,0.709165
1,0,2,2,1,0.674541
1,0,2,2,2,0.646727
1,0,2,4,0,0.732309
1,0,2,4,1,0.698723
1,0,2,4,2,0.649516
1,0,2,3,0,0.729767
1,0,2,3,1,0.689734
1,0,2,3,2,0.655946
1,0,2,5,0,0.762275
1,0,2,5,1,0.71538
1,0,2,5,2,0.659774
1,0,2,6,0,0.765233
1,0,2,6,1,0.726083
1,0,2,6,2,0.663919
1,0,2,7,0,0.786485
1,0,2,7,1,0.73632
1,0,2,7,2,0.679933
1,0,3,0,0,0.740664
1,0,3,0,1,0.726569
1,0,3,0,2,0.716291
1,0,3,1,0,0.763885
1,0,3,1,1,0.742376
1,0,3,1,2,0.724245
1,0,3,2,0,0.78214
1,0,3,2,1,0.753805
1,0,3,2,2,0.730872
1,0,3,4,0,0.801655
1,0,3,4,1,0.774181
1,0,3,4,2,0.733244
1,0,3,3,0,0.798164
1,0,3,3,1,0.765765
1,0,3,3,2,0.738217
1,0,3,5,0,0.825126
1,0,3,5,1,0.787237
1,0,3,5,2,0.741394
1,0,3,6,0,0.82749
1,0,3,6,1,0.79602
1,0,3,6,2,0.744678
1,0,3,7,0,0.843595
1,0,3,7,1,0.803559
1,0,3,7,2,0.757601
1,0,4,0,0,0.809107
1,0,4,0,1,0.798048
1,0,4,0,2,0.789938
1,0,4,1,0,0.827191
1,0,4,1,1,0.810416
1,0,4,1,2,0.796182
1,0,4,2,0,0.841729
1,0,4,2,1,0.819565
1,0,4,2,2,0.801518
1,0,4,4,0,0.857369
1,0,4,4,1,0.835892
1,0,4,4,2,0.803433
1,0,4,3,0,0.853716
1,0,4,3,1,0.828606
1,0,4,3,2,0.807129
1,0,4,5,0,0.87504
1,0,4,5,1,0.845723
1,0,4,5,2,0.809644
1,0,4,6,0,0.876836
1,0,4,6,1,0.852596
1,0,4,6,2,0.812135
1,0,4,7,0,0.888626
1,0,4,7,1,0.857959
1,0,4,7,2,0.822127
1,0,5,0,0,0.863608
1,0,5,0,1,0.855274
1,0,5,0,2,0.849134
1,0,5,1,0,0.877148
1,0,5,1,1,0.864571
1,0,5,1,2,0.85384
1,0,5,2,0,0.888242
1,0,5,2,1,0.871582
1,0,5,2,2,0.857949
1,0,5,4,0,0.900236
1,0,5,4,1,0.884104
1,0,5,4,2,0.859427
1,0,5,3,0,0.896905
1,0,5,3,1,0.878176
1,0,5,3,2,0.862079
1,0,5,5,0,0.913083
1,0,5,5,1,0.891248
1,0,5,5,2,0.86399
1,0,5,6,0,0.91439
1,0,5,6,1,0.896411
1,0,5,6,2,0.865808
1,0,5,7,0,0.922756
1,0,5,7,1,0.90011
1,0,5,7,2,0.873247
1,0,6,0,0,0.905191
1,0,6,0,1,0.899131
1,0,6,0,2,0.894648
1,0,6,1,0,0.914982
1,0,6,1,1,0.905875
1,0,6,1,2,0.89807
1,0,6,2,0,0.923136
1,0,6,2,1,0.911047
1,0,6,2,2,0.901113
1,0,6,4,0,0.931988
1,0,6,4,1,0.92029
1,0,6,4,2,0.90221
1,0,6,3,0,0.929206
1,0,6,3,1,0.915705
1,0,6,3,2,0.904055
1,0,6,5,0,0.94104
1,0,6,5,1,0.92532
1,0,6,5,2,0.905454
1,0,6,6,0,0.941957
1,0,6,6,1,0.929061
1,0,6,6,2,0.906738
1,0,6,7,0,0.947728
1,0,6,7,1,0.931542
1,0,6,7,2,0.912092
1,0,7,0,0,0.93575
1,0,7,0,1,0.931481
1,0,7,0,2,0.928313
1,0,7,1,0,0.942613
1,0,7,1,1,0.936222
1,0,7,1,2,0.930723
1,0,7,2,0,0.948411
1,0,7,2,1,0.939911
1,0,7,2,2,0.9329
1,0,7,4,0,0.954726
1,0,7,4,1,0.946507
1,0,7,4,2,0.933686
1,0,7,3,0,0.952547
1,0,7,3,1,0.943108
1,0,7,3,2,0.934935
1,0,7,5,0,0.960926
1,0,7,5,1,0.949948
1,0,7,5,2,0.935926
1,0,7,6,0,0.961549
1,0,7,6,1,0.952574
1,0,7,6,2,0.936806
1,0,7,7,0,0.965429
1,0,7,7,1,0.954197
1,0,7,7,2,0.940545
1,0,8,0,0,0.957475
1,0,8,0,1,0.954552
1,0,8,0,2,0.952376
1,0,8,1,0,0.962152
1,0,8,1,1,0.957791
1,0,8,1,2,0.954026
1,0,8,2,0,0.966155
1,0,8,2,1,0.960344
1,0,8,2,2,0.955537
1,0,8,4,0,0.970526
1,0,8,4,1,0.964912
1,0,8,4,2,0.956084
1,0,8,3,0,0.968902
1,0,8,3,1,0.962482
1,0,8,3,2,0.956907
1,0,8,5,0,0.974664
1,0,8,5,1,0.967206
1,0,8,5,2,0.95759
1,0,8,6,0,0.975076
1,0,8,6,1,0.968997
1,0,8,6,2,0.958177
1,0,8,7,0,0.977623
1,0,8,7,1,0.970034
1,0,8,7,2,0.960716
1,0,9,0,0,0.972468
1,0,9,0,1,0.970518
1,0,9,0,2,0.969063
1,0,9,1,0,0.975575
1,0,9,1,1,0.972675
1,0,9,1,2,0.970163
1,0,9,2,0,0.978265
1,0,9,2,1,0.974394
1,0,9,2,2,0.971183
1,0,9,4,0,0.981209
1,0,9,4,1,0.977472
1,0,9,4,2,0.971553
1,0,9,3,0,0.980047
1,0,9,3,1,0.97579
1,0,9,3,2,0.972083
1,0,9,5,0,0.983906
1,0,9,5,1,0.978965
1,0,9,5,2,0.972541
1,0,9,6,0,0.984171
1,0,9,6,1,0.980156
1,0,9,6,2,0.972923
1,0,9,7,0,0.985806
1,0,9,7,1,0.980804
1,0,9,7,2,0.974605
1,0,10,0,0,0.98254
1,0,10,0,1,0.981271
1,0,10,0,2,0.980321
1,0,10,1,0,0.984556
1,0,10,1,1,0.982673
1,0,10,1,2,0.981037
1,0,10,2,0,0.986319
1,0,10,2,1,0.983802
1,0,10,2,2,0.981709
1,0,10,4,0,0.988253
1,0,10,4,1,0.985825
1,0,10,4,2,0.981952
1,0,10,3,0,0.98745
1,0,10,3,1,0.984693
1,0,10,3,2,0.982286
1,0,10,5,0,0.989972
1,0,10,5,1,0.986775
1,0,10,5,2,0.982586
1,0,10,6,0,0.990139
1,0,10,6,1,0.987548
1,0,10,6,2,0.982829
1,0,10,7,0,0.991167
1,0,10,7,1,0.987944
1,0,10,7,2,0.983918
1,1,-10,0,0,0.02033
1,1,-10,0,1,0.016829
1,1,-10,0,2,0.01456
1,1,-10,1,0,0.02674
1,1,-10,1,1,0.020663
1,1,-10,1,2,0.016292
1,1,-10,2,0,0.029311
1,1,-10,2,1,0.022301
1,1,-10,2,2,0.017182
1,1,-10,4,0,0.031398
1,1,-10,4,1,0.024118
1,1,-10,4,2,0.01733
1,1,-10,3,0,0.038515
1,1,-10,3,1,0.027737
1,1,-10,3,2,0.019677
1,1,-10,5,0,0.040349
1,1,-10,5,1,0.029822
1,1,-10,5,2,0.019749
1,1,-10,6,0,0.044664
1,1,-10,6,1,0.033381
1,1,-10,6,2,0.020663
1,1,-10,7,0,0.053944
1,1,-10,7,1,0.039384
1,1,-10,7,2,0.024729
1,1,-9,0,0,0.031931
1,1,-9,0,1,0.02686
1,1,-9,0,2,0.023516
1,1,-9,1,0,0.041137
1,1,-9,1,1,0.032469
1,1,-9,1,2,0.026081
1,1,-9,2,0,0.044994
1,1,-9,2,1,0.034924
1,1,-9,2,2,0.027448
1,1,-9,4,0,0.048005
1,1,-9,4,1,0.037779
1,1,-9,4,2,0.027675
1,1,-9,3,0,0.057807
1,1,-9,3,1,0.042673
1,1,-9,3,2,0.031041
1,1,-9,5,0,0.06077
1,1,-9,5,1,0.045804
1,1,-9,5,2,0.031202
1,1,-9,6,0,0.066846
1,1,-9,6,1,0.051062
1,1,-9,6,2,0.032568
1,1,-9,7,0,0.079423
1,1,-9,7,1,0.059282
1,1,-9,7,2,0.038358
1,1,-8,0,0,0.049104
1,1,-8,0,1,0.041973
1,1,-8,0,2,0.037187
1,1,-8,1,0,0.061933
1,1,-8,1,1,0.049933
1,1,-8,1,2,0.040876
1,1,-8,2,0,0.067559
1,1,-8,2,1,0.053516
1,1,-8,2,2,0.042915
1,1,-8,4,0,0.071825
1,1,-8,4,1,0.057877
1,1,-8,4,2,0.043256
1,1,-8,3,0,0.084802
1,1,-8,3,1,0.064198
1,1,-8,3,2,0.047924
1,1,-8,5,0,0.089443
1,1,-8,5,1,0.068791
1,1,-8,5,2,0.04824
1,1,-8,6,0,0.097717
1,1,-8,6,1,0.076317
1,1,-8,6,2,0.050222
1,1,-8,7,0,0.114136
1,1,-8,7,1,0.087146
1,1,-8,7,2,0.058192
1,1,-7,0,0,0.073835
1,1,-7,0,1,0.064126
1,1,-7,0,2,0.057498
1,1,-7,1,0,0.091122
1,1,-7,1,1,0.07505
1,1,-7,1,2,0.062629
1,1,-7,2,0,0.09908
1,1,-7,2,1,0.080123
1,1,-7,2,2,0.065581
1,1,-7,4,0,0.105007
1,1,-7,4,1,0.086583
1,1,-7,4,2,0.066081
1,1,-7,3,0,0.12142
1,1,-7,3,1,0.094306
1,1,-7,3,2,0.07231
1,1,-7,5,0,0.128446
1,1,-7,5,1,0.100873
1,1,-7,5,2,0.072873
1,1,-7,6,0,0.139303
1,1,-7,6,1,0.111264
1,1,-7,6,2,0.075656
1,1,-7,7,0,0.159858
1,1,-7,7,1,0.124918
1,1,-7,7,2,0.086223
1,1,-6,0,0,0.108376
1,1,-6,0,1,0.095631
1,1,-6,0,2,0.086781
1,1,-6,1,0,0.130811
1,1,-6,1,1,0.110064
1,1,-6,1,2,0.093659
1,1,-6,2,0,0.141684
1,1,-6,2,1,0.117009
1,1,-6,2,2,0.097786
1,1,-6,4,0,0.149723
1,1,-6,4,1,0.12625
1,1,-6,4,2,0.098497
1,1,-6,3,0,0.169421
1,1,-6,3,1,0.135053
1,1,-6,3,2,0.106453
1,1,-6,5,0,0.179635
1,1,-6,5,1,0.144171
1,1,-6,5,2,0.107387
1,1,-6,6,0,0.193309
1,1,-6,6,1,0.157946
1,1,-6,6,2,0.111144
1,1,-6,7,0,0.217853
1,1,-6,7,1,0.174317
1,1,-6,7,2,0.124571
1,1,-5,0,0,0.154985
1,1,-5,0,1,0.138933
1,1,-5,0,2,0.127599
1,1,-5,1,0,0.182887
1,1,-5,1,1,0.157201
1,1,-5,1,2,0.136435
1,1,-5,2,0,0.197175
1,1,-5,2,1,0.166346
1,1,-5,2,2,0.141979
1,1,-5,4,0,0.207756
1,1,-5,4,1,0.179051
1,1,-5,4,2,0.142959
1,1,-5,3,0,0.229982
1,1,-5,3,1,0.188213
1,1,-5,3,2,0.152618
1,1,-5,5,0,0.244151
1,1,-5,5,1,0.20045
1,1,-5,5,2,0.154065
1,1,-5,6,0,0.260612
1,1,-5,6,1,0.217874
1,1,-5,6,2,0.158916
1,1,-5,7,0,0.288372
1,1,-5,7,1,0.236402
1,1,-5,7,2,0.175174
1,1,-4,0,0,0.215467
1,1,-4,0,1,0.196181
1,1,-4,0,2,0.182341
1,1,-4,1,0,0.248516
1,1,-4,1,1,0.218196
1,1,-4,1,2,0.193151
1,1,-4,2,0,0.266473
1,1,-4,2,1,0.229714
1,1,-4,2,2,0.200269
1,1,-4,4,0,0.27991
1,1,-4,4,1,0.246393
1,1,-4,4,2,0.201565
1,1,-4,3,0,0.303166
1,1,-4,3,1,0.254775
1,1,-4,3,2,0.212616
1,1,-4,5,0,0.321809
1,1,-4,5,1,0.270542
1,1,-4,5,2,0.214713
1,1,-4,6,0,0.340648
1,1,-4,6,1,0.291429
1,1,-4,6,2,0.220658
1,1,-4,7,0,0.370149
1,1,-4,7,1,0.311047
1,1,-4,7,2,0.239289
1,1,-3,0,0,0.290505
1,1,-3,0,1,0.268559
1,1,-3,0,2,0.252559
1,1,-3,1,0,0.327518
1,1,-3,1,1,0.293631
1,1,-3,1,2,0.265055
1,1,-3,2,0,0.34895
1,1,-3,2,1,0.307413
1,1,-3,2,2,0.273723
1,1,-3,4,0,0.36528
1,1,-3,4,1,0.328155
1,1,-3,4,2,0.275363
1,1,-3,3,0,0.387431
1,1,-3,3,1,0.334337
1,1,-3,3,2,0.287147
1,1,-3,5,0,0.41054
1,1,-3,5,1,0.353691
1,1,-3,5,2,0.289985
1,1,-3,6,0,0.430866
1,1,-3,6,1,0.377221
1,1,-3,6,2,0.296827
1,1,-3,7,0,0.46009
1,1,-3,7,1,0.396462
1,1,-3,7,2,0.316861
1,1,-2,0,0,0.378898
1,1,-2,0,1,0.355442
1,1,-2,0,2,0.338081
1,1,-2,1,0,0.417773
1,1,-2,1,1,0.382188
1,1,-2,1,2,0.351601
1,1,-2,2,0,0.441833
1,1,-2,2,1,0.397721
1,1,-2,2,2,0.361524
1,1,-2,4,0,0.46059
1,1,-2,4,1,0.421895
1,1,-2,4,2,0.363483
1,1,-2,3,0,0.479384
1,1,-2,3,1,0.424586
1,1,-2,3,2,0.375051
1,1,-2,5,0,0.50609
1,1,-2,5,1,0.44699
1,1,-2,5,2,0.378613
1,1,-2,6,0,0.526596
1,1,-2,6,1,0.47166
1,1,-2,6,2,0.385902
1,1,-2,7,0,0.55347
1,1,-2,7,1,0.489053
1,1,-2,7,2,0.406019
1,1,-1,0,0,0.476898
1,1,-1,0,1,0.453561
1,1,-1,0,2,0.43605
1,1,-1,1,0,0.514871
1,1,-1,1,1,0.480032
1,1,-1,1,2,0.449595
1,1,-1,2,0,0.539989
1,1,-1,2,1,0.496346
1,1,-1,2,2,0.460156
1,1,-1,4,0,0.5601
1,1,-1,4,1,0.522419
1,1,-1,4,2,0.462329
1,1,-1,3,0,0.573966
1,1,-1,3,1,0.52112
1,1,-1,3,2,0.472721
1,1,-1,5,0,0.60243
1,1,-1,5,1,0.545243
1,1,-1,5,2,0.476797
1,1,-1,6,0,0.621512
1,1,-1,6,1,0.569028
1,1,-1,6,2,0.483824
1,1,-1,7,0,0.644598
1,1,-1,7,1,0.583642
1,1,-1,7,2,0.502722
1,1,0,0,0,0.578099
1,1,0,0,1,0.556653
1,1,0,0,2,0.540383
1,1,0,1,0,0.612432
1,1,0,1,1,0.580828
1,1,0,1,2,0.55287
1,1,0,2,0,0.636458
1,1,0,2,1,0.596522
1,1,0,2,2,0.563131
1,1,0,4,0,0.656156
1,1,0,4,1,0.622082
1,1,0,4,2,0.565312
1,1,0,3,0,0.665134
1,1,0,3,1,0.617759
1,1,0,3,2,0.573957
1,1,0,5,0,0.692737
1,1,0,5,1,0.641416
1,1,0,5,2,0.578119
1,1,0,6,0,0.709144
1,1,0,6,1,0.662527
1,1,0,6,2,0.584282
1,1,0,7,0,0.727853
1,1,0,7,1,0.674093
1,1,0,7,2,0.600886
1,1,1,0,0,0.674097
1,1,1,0,1,0.6558
1,1,1,0,2,0.641809
1,1,1,1,0,0.703017
1,1,1,1,1,0.676317
1,1,1,1,2,0.652478
1,1,1,2,0,0.72413
1,1,1,2,1,0.69017
1,1,1,2,2,0.661598
1,1,1,4,0,0.741744
1,1,1,4,1,0.713018
1,1,1,4,2,0.66358
1,1,1,3,0,0.746956
1,1,1,3,1,0.707285
1,1,1,3,2,0.670356
1,1,1,5,0,0.771434
1,1,1,5,1,0.728449
1,1,1,5,2,0.674178
1,1,1,6,0,0.784683
1,1,1,6,1,0.745942
1,1,1,6,2,0.679222
1,1,1,7,0,0.799087
1,1,1,7,1,0.754647
1,1,1,7,2,0.692909
1,1,2,0,0,0.757963
1,1,2,0,1,0.743279
1,1,2,0,2,0.731979
1,1,2,1,0,0.780936
1,1,2,1,1,0.75967
1,1,2,1,2,0.740548
1,1,2,2,0,0.798279
1,1,2,2,1,0.771089
1,1,2,2,2,0.748104
1,1,2,4,0,0.812945
1,1,2,4,1,0.790098
1,1,2,4,2,0.749774
1,1,2,3,0,0.815564
1,1,2,3,1,0.784183
1,1,2,3,2,0.754823
1,1,2,5,0,0.835798
1,1,2,5,1,0.801807
1,1,2,5,2,0.758065
1,1,2,6,0,0.84594
1,1,2,6,1,0.815492
1,1,2,6,2,0.761958
1,1,2,7,0,0.856556
1,1,2,7,1,0.821771
1,1,2,7,2,0.772653
1,1,3,0,0,0.826551
1,1,3,0,1,0.815362
1,1,3,0,2,0.806709
1,1,3,1,0,0.843909
1,1,3,1,1,0.827802
1,1,3,1,2,0.81324
1,1,3,2,0,0.857367
1,1,3,2,1,0.836689
1,1,3,2,2,0.819142
1,1,3,4,0,0.868871
1,1,3,4,1,0.851583
1,1,3,4,2,0.820464
1,1,3,3,0,0.869914
1,1,3,3,1,0.846275
1,1,3,3,2,0.824072
1,1,3,5,0,0.885688
1,1,3,5,1,0.860096
1,1,3,5,2,0.826648
1,1,3,6,0,0.893109
1,1,3,6,1,0.870296
1,1,3,6,2,0.829512
1,1,3,7,0,0.900647
1,1,3,7,1,0.874667
1,1,3,7,2,0.837493
1,1,4,0,0,0.879597
1,1,4,0,1,0.871437
1,1,4,0,2,0.865102
1,1,4,1,0,0.89217
1,1,4,1,1,0.88048
1,1,4,1,2,0.869864
1,1,4,2,0,0.90213
1,1,4,2,1,0.887072
1,1,4,2,2,0.874256
1,1,4,4,0,0.910716
1,1,4,4,1,0.898177
1,1,4,4,2,0.875249
1,1,4,3,0,0.910914
1,1,4,3,1,0.893831
1,1,4,3,2,0.877738
1,1,4,5,0,0.922629
1,1,4,5,1,0.904144
1,1,4,5,2,0.879679
1,1,4,6,0,0.927858
1,1,4,6,1,0.911446
1,1,4,6,2,0.881704
1,1,4,7,0,0.933039
1,1,4,7,1,0.914395
1,1,4,7,2,0.887428
1,1,5,0,0,0.918752
1,1,5,0,1,0.913017
1,1,5,0,2,0.908551
1,1,5,1,0,0.927537
1,1,5,1,1,0.919354
1,1,5,1,2,0.911897
1,1,5,2,0,0.934621
1,1,5,2,1,0.924052
1,1,5,2,2,0.915034
1,1,5,4,0,0.940771
1,1,5,4,1,0.931998
1,1,5,4,2,0.915749
1,1,5,3,0,0.940583
1,1,5,3,1,0.928667
1,1,5,3,2,0.917415
1,1,5,5,0,0.948937
1,1,5,5,1,0.936052
1,1,5,5,2,0.918815
1,1,5,6,0,0.952504
1,1,5,6,1,0.941101
1,1,5,6,2,0.9202
1,1,5,7,0,0.955966
1,1,5,7,1,0.943038
1,1,5,7,2,0.924168
1,1,6,0,0,0.946543
1,1,6,0,1,0.942639
1,1,6,0,2,0.939591
1,1,6,1,0,0.952494
1,1,6,1,1,0.946942
1,1,6,1,2,0.941868
1,1,6,2,0,0.957365
1,1,6,2,1,0.950177
1,1,6,2,2,0.944032
1,1,6,4,0,0.961617
1,1,6,4,1,0.955667
1,1,6,4,2,0.944529
1,1,6,3,0,0.961302
1,1,6,3,1,0.953242
1,1,6,3,2,0.945615
1,1,6,5,0,0.967058
1,1,6,5,1,0.958347
1,1,6,5,2,0.946589
1,1,6,6,0,0.969423
1,1,6,6,1,0.961736
1,1,6,6,2,0.947508
1,1,6,7,0,0.971681
1,1,6,7,1,0.962979
1,1,6,7,2,0.950179
1,1,7,0,0,0.965617
1,1,7,0,1,0.963032
1,1,7,0,2,0.961009
1,1,7,1,0,0.969541
1,1,7,1,1,0.965875
1,1,7,1,2,0.962517
1,1,7,2,0,0.972793
1,1,7,2,1,0.968039
1,1,7,2,2,0.963966
1,1,7,4,0,0.975647
1,1,7,4,1,0.971719
1,1,7,4,2,0.9643
1,1,7,3,0,0.975334
1,1,7,3,1,0.970024
1,1,7,3,2,0.964993
1,1,7,5,0,0.979183
1,1,7,5,1,0.973449
1,1,7,5,2,0.96565
1,1,7,6,0,0.980714
1,1,7,6,1,0.975665
1,1,7,6,2,0.966245
1,1,7,7,0,0.982153
1,1,7,7,1,0.976447
1,1,7,7,2,0.967997
1,1,8,0,0,0.978335
1,1,8,0,1,0.976664
1,1,8,0,2,0.975354
1,1,8,1,0,0.980862
1,1,8,1,1,0.978498
1,1,8,1,2,0.976328
1,1,8,2,0,0.98298
1,1,8,2,1,0.979909
1,1,8,2,2,0.977274
1,1,8,4,0,0.984845
1,1,8,4,1,0.982313
1,1,8,4,2,0.977493
1,1,8,3,0,0.984584
1,1,8,3,1,0.981168
1,1,8,3,2,0.977926
1,1,8,5,0,0.987094
1,1,8,5,1,0.983406
1,1,8,5,2,0.978357
1,1,8,6,0,0.988063
1,1,8,6,1,0.984823
1,1,8,6,2,0.978734
1,1,8,7,0,0.988963
1,1,8,7,1,0.985305
1,1,8,7,2,0.979857
1,1,9,0,0,0.986605
1,1,9,0,1,0.985548
1,1,9,0,2,0.984718
1,1,9,1,0,0.988199
1,1,9,1,1,0.986707
1,1,9,1,2,0.985334
1,1,9,2,0,0.989547
1,1,9,2,1,0.987606
1,1,9,2,2,0.985938
1,1,9,4,0,0.99074
1,1,9,4,1,0.989142
1,1,9,4,2,0.986079
1,1,9,3,0,0.99054
1,1,9,3,1,0.988388
1,1,9,3,2,0.986343
1,1,9,5,0,0.992141
1,1,9,5,1,0.989819
1,1,9,5,2,0.98662
1,1,9,6,0,0.992743
1,1,9,6,1,0.990706
1,1,9,6,2,0.986854
1,1,9,7,0,0.993294
1,1,9,7,1,0.990997
1,1,9,7,2,0.987559
1,1,10,0,0,0.991867
1,1,10,0,1,0.991211
1,1,10,0,2,0.990696
1,1,10,1,0,0.992851
1,1,10,1,1,0.991928
1,1,10,1,2,0.991077
1,1,10,2,0,0.993693
1,1,10,2,1,0.99249
1,1,10,2,2,0.991455
1,1,10,4,0,0.994439
1,1,10,4,1,0.993451
1,1,10,4,2,0.991543
1,1,10,3,0,0.994296
1,1,10,3,1,0.992966
1,1,10,3,2,0.991702
1,1,10,5,0,0.995295
1,1,10,5,1,0.993862
1,1,10,5,2,0.991876
1,1,10,6,0,0.995662
1,1,10,6,1,0.994407
1,1,10,6,2,0.992018
1,1,10,7,0,0.995993
1,1,10,7,1,0.99458
1,1,10,7,2,0.992452
2,0,-10,0,0,0.009656
2,0,-10,0,1,0.007681
2,0,-10,0,2,0.006577
2,0,-10,1,0,0.013383
2,0,-10,1,1,0.00968
2,0,-10,1,2,0.007448
2,0,-10,2,0,0.01498
2,0,-10,2,1,0.010514
2,0,-10,2,2,0.007821
2,0,-10,4,0,0.015598
2,0,-10,4,1,0.012183
2,0,-10,4,2,0.00798
2,0,-10,3,0,0.020606
2,0,-10,3,1,0.013529
2,0,-10,3,2,0.009263
2,0,-10,5,0,0.023428
2,0,-10,5,1,0.015378
2,0,-10,5,2,0.009708
2,0,-10,6,0,0.022426
2,0,-10,6,1,0.015948
2,0,-10,6,2,0.00998
2,0,-10,7,0,0.033655
2,0,-10,7,1,0.020463
2,0,-10,7,2,0.012656
2,0,-9,0,0,0.015846
2,0,-9,0,1,0.012838
2,0,-9,0,2,0.011114
2,0,-9,1,0,0.0215
2,0,-9,1,1,0.015938
2,0,-9,1,2,0.012482
2,0,-9,2,0,0.024065
2,0,-9,2,1,0.01728
2,0,-9,2,2,0.01309
2,0,-9,4,0,0.02526
2,0,-9,4,1,0.019887
2,0,-9,4,2,0.013342
2,0,-9,3,0,0.032263
2,0,-9,3,1,0.021805
2,0,-9,3,2,0.015284
2,0,-9,5,0,0.036699
2,0,-9,5,1,0.024743
2,0,-9,5,2,0.015967
2,0,-9,6,0,0.035419
2,0,-9,6,1,0.025715
2,0,-9,6,2,0.016442
2,0,-9,7,0,0.051316
2,0,-9,7,1,0.032368
2,0,-9,7,2,0.020477
2,0,-8,0,0,0.025533
2,0,-8,0,1,0.021068
2,0,-8,0,2,0.018437
2,0,-8,1,0,0.033889
2,0,-8,1,1,0.025756
2,0,-8,1,2,0.020536
2,0,-8,2,0,0.037887
2,0,-8,2,1,0.027861
2,0,-8,2,2,0.021506
2,0,-8,4,0,0.040075
2,0,-8,4,1,0.031843
2,0,-8,4,2,0.021894
2,0,-8,3,0,0.049467
2,0,-8,3,1,0.034456
2,0,-8,3,2,0.024755
2,0,-8,5,0,0.056263
2,0,-8,5,1,0.03901
2,0,-8,5,2,0.02577
2,0,-8,6,0,0.054763
2,0,-8,6,1,0.040618
2,0,-8,6,2,0.026572
2,0,-8,7,0,0.0764
2,0,-8,7,1,0.050082
2,0,-8,7,2,0.03248
2,0,-7,0,0,0.040356
2,0,-7,0,1,0.033912
2,0,-7,0,2,0.030012
2,0,-7,1,0,0.052343
2,0,-7,1,1,0.040801
2,0,-7,1,2,0.033138
2,0,-7,2,0,0.05837
2,0,-7,2,1,0.044012
2,0,-7,2,2,0.034649
2,0,-7,4,0,0.062171
2,0,-7,4,1,0.049943
2,0,-7,4,2,0.035236
2,0,-7,3,0,0.074173
2,0,-7,3,1,0.053311
2,0,-7,3,2,0.039315
2,0,-7,5,0,0.084283
2,0,-7,5,1,0.060163
2,0,-7,5,2,0.040772
2,0,-7,6,0,0.082732
2,0,-7,6,1,0.062739
2,0,-7,6,2,0.042073
2,0,-7,7,0,0.110883
2,0,-7,7,1,0.075651
2,0,-7,7,2,0.050437
2,0,-6,0,0,0.062459
2,0,-6,0,1,0.053458
2,0,-6,0,2,0.047862
2,0,-6,1,0,0.079082
2,0,-6,1,1,0.063249
2,0,-6,1,2,0.052365
2,0,-6,2,0,0.087829
2,0,-6,2,1,0.067989
2,0,-6,2,2,0.054651
2,0,-6,4,0,0.094085
2,0,-6,4,1,0.076571
2,0,-6,4,2,0.055513
2,0,-6,3,0,0.108575
2,0,-6,3,1,0.080605
2,0,-6,3,2,0.061113
2,0,-6,5,0,0.123117
2,0,-6,5,1,0.090573
2,0,-6,5,2,0.063124
2,0,-6,6,0,0.121827
2,0,-6,6,1,0.094543
2,0,-6,6,2,0.065139
2,0,-6,7,0,0.156637
2,0,-6,7,1,0.111309
2,0,-6,7,2,0.076531
2,0,-5,0,0,0.09444
2,0,-5,0,1,0.082331
2,0,-5,0,2,0.074601
2,0,-5,1,0,0.116604
2,0,-5,1,1,0.095713
2,0,-5,1,2,0.08084
2,0,-5,2,0,0.128779
2,0,-5,2,1,0.102453
2,0,-5,2,2,0.084182
2,0,-5,4,0,0.138495
2,0,-5,4,1,0.11448
2,0,-5,4,2,0.085407
2,0,-5,3,0,0.154829
2,0,-5,3,1,0.118812
2,0,-5,3,2,0.092756
2,0,-5,5,0,0.174935
2,0,-5,5,1,0.132775
2,0,-5,5,2,0.095414
2,0,-5,6,0,0.174356
2,0,-5,6,1,0.138627
2,0,-5,6,2,0.098374
2,0,-5,7,0,0.21502
2,0,-5,7,1,0.159137
2,0,-5,7,2,0.113214
2,0,-4,0,0,0.139116
2,0,-4,0,1,0.123531
2,0,-4,0,2,0.113321
2,0,-4,1,0,0.167335
2,0,-4,1,1,0.140988
2,0,-4,1,2,0.121574
2,0,-4,2,0,0.183548
2,0,-4,2,1,0.150174
2,0,-4,2,2,0.126262
2,0,-4,4,0,0.197683
2,0,-4,4,1,0.166426
2,0,-4,4,2,0.127946
2,0,-4,3,0,0.214572
2,0,-4,3,1,0.170283
2,0,-4,3,2,0.137069
2,0,-4,5,0,0.241103
2,0,-4,5,1,0.189007
2,0,-4,5,2,0.140422
2,0,-4,6,0,0.241712
2,0,-4,6,1,0.197189
2,0,-4,6,2,0.144506
2,0,-4,7,0,0.286352
2,0,-4,7,1,0.220554
2,0,-4,7,2,0.16286
2,0,-3,0,0,0.199014
2,0,-3,0,1,0.179971
2,0,-3,0,2,0.167183
2,0,-3,1,0,0.233026
2,0,-3,1,1,0.201515
2,0,-3,1,2,0.177512
2,0,-3,2,0,0.253572
2,0,-3,2,1,0.213419
2,0,-3,2,2,0.183769
2,0,-3,4,0,0.272732
2,0,-3,4,1,0.234425
2,0,-3,4,2,0.185984
2,0,-3,3,0,0.288286
2,0,-3,3,1,0.236626
2,0,-3,3,2,0.196569
2,0,-3,5,0,0.321422
2,0,-3,5,1,0.260473
2,0,-3,5,2,0.200607
2,0,-3,6,0,0.323518
2,0,-3,6,1,0.271226
2,0,-3,6,2,0.205834
2,0,-3,7,0,0.369368
2,0,-3,7,1,0.295704
2,0,-3,7,2,0.22719
2,0,-2,0,0,0.275433
2,0,-2,0,1,0.253561
2,0,-2,0,2,0.23853
2,0,-2,1,0,0.313871
2,0,-2,1,1,0.278443
2,0,-2,1,2,0.250625
2,0,-2,2,0,0.338437
2,0,-2,2,1,0.292975
2,0,-2,2,2,0.258481
2,0,-2,4,0,0.362516
2,0,-2,4,1,0.318645
2,0,-2,4,2,0.261243
2,0,-2,3,0,0.374545
2,0,-2,3,1,0.317816
2,0,-2,3,2,0.272537
2,0,-2,5,0,0.41341
2,0,-2,5,1,0.34643
2,0,-2,5,2,0.277164
2,0,-2,6,0,0.416923
2,0,-2,6,1,0.359559
2,0,-2,6,2,0.283298
2,0,-2,7,0,0.460848
2,0,-2,7,1,0.382944
2,0,-2,7,2,0.306522
2,0,-1,0,0,0.367273
2,0,-1,0,1,0.343914
2,0,-1,0,2,0.327529
2,0,-1,1,0,0.407556
2,0,-1,1,1,0.370468
2,0,-1,1,2,0.340596
2,0,-1,2,0,0.434978
2,0,-1,2,1,0.387009
2,0,-1,2,2,0.349768
2,0,-1,4,0,0.462826
2,0,-1,4,1,0.416305
2,0,-1,4,2,0.353
2,0,-1,3,0,0.469613
2,0,-1,3,1,0.411445
2,0,-1,3,2,0.363936
2,0,-1,5,0,0.512058
2,0,-1,5,1,0.443492
2,0,-1,5,2,0.36894
2,0,-1,6,0,0.516307
2,0,-1,6,1,0.457973
2,0,-1,6,2,0.375341
2,0,-1,7,0,0.5557
2,0,-1,7,1,0.478502
2,0,-1,7,2,0.398921
2,0,0,0,0,0.470033
2,0,0,0,1,0.447117
2,0,0,0,2,0.430782
2,0,0,1,0,0.508867
2,0,0,1,1,0.473061
2,0,0,1,2,0.443667
2,0,0,2,0,0.536848
2,0,0,2,1,0.490207
2,0,0,2,2,0.45336
2,0,0,4,0,0.56594
2,0,0,4,1,0.520654
2,0,0,4,2,0.456795
2,0,0,3,0,0.567638
2,0,0,3,1,0.512396
2,0,0,3,2,0.466503
2,0,0,5,0,0.610136
2,0,0,5,1,0.545185
2,0,0,5,2,0.471501
2,0,0,6,0,0.614315
2,0,0,6,1,0.559505
2,0,0,6,2,0.477467
2,0,0,7,0,0.647635
2,0,0,7,1,0.576363
2,0,0,7,2,0.499714
2,0,1,0,0,0.574959
2,0,1,0,1,0.554246
2,0,1,0,2,0.53931
2,0,1,1,0,0.609587
2,0,1,1,1,0.577605
2,0,1,1,2,0.550989
2,0,1,2,0,0.635618
2,0,1,2,1,0.59373
2,0,1,2,2,0.560225
2,0,1,4,0,0.663094
2,0,1,4,1,0.62242
2,0,1,4,2,0.563512
2,0,1,3,0,0.661319
2,0,1,3,1,0.612572
2,0,1,3,2,0.571581
2,0,1,5,0,0.700314
2,0,1,5,1,0.643134
2,0,1,5,2,0.576165
2,0,1,6,0,0.70402
2,0,1,6,1,0.656109
2,0,1,6,2,0.581314
2,0,1,7,0,0.73076
2,0,1,7,1,0.669213
2,0,1,7,2,0.600846
2,0,2,0,0,0.672592
2,0,2,0,1,0.655075
2,0,2,0,2,0.642332
2,0,2,1,0,0.701557
2,0,2,1,1,0.674757
2,0,2,1,2,0.652223
2,0,2,2,0,0.724077
2,0,2,2,1,0.688822
2,0,2,2,2,0.660355
2,0,2,4,0,0.748098
2,0,2,4,1,0.713883
2,0,2,4,2,0.663261
2,0,2,3,0,0.744405
2,0,2,3,1,0.703941
2,0,2,3,2,0.669602
2,0,2,5,0,0.777783
2,0,2,5,1,0.730419
2,0,2,5,2,0.673529
2,0,2,6,0,0.780814
2,0,2,6,1,0.741378
2,0,2,6,2,0.677696
2,0,2,7,0,0.801315
2,0,2,7,1,0.751096
2,0,2,7,2,0.693848
2,0,3,0,0,0.757052
2,0,3,0,1,0.74305
2,0,3,0,2,0.732795
2,0,3,1,0,0.779995
2,0,3,1,1,0.758729
2,0,3,1,2,0.740705
2,0,3,2,0,0.798326
2,0,3,2,1,0.77025
2,0,3,2,2,0.747415
2,0,3,4,0,0.818027
2,0,3,4,1,0.790803
2,0,3,4,2,0.74982
2,0,3,3,0,0.813678
2,0,3,3,1,0.781808
2,0,3,3,2,0.754572
2,0,3,5,0,0.840617
2,0,3,5,1,0.803385
2,0,3,5,2,0.757746
2,0,3,6,0,0.842946
2,0,3,6,1,0.812118
2,0,3,6,2,0.760944
2,0,3,7,0,0.858044
2,0,3,7,1,0.81904
2,0,3,7,2,0.773628
2,0,4,0,0,0.825788
2,0,4,0,1,0.815122
2,0,4,0,2,0.807267
2,0,4,1,0,0.843131
2,0,4,1,1,0.827029
2,0,4,1,2,0.813294
2,0,4,2,0,0.857304
2,0,4,2,1,0.835981
2,0,4,2,2,0.818537
2,0,4,4,0,0.872624
2,0,4,4,1,0.851967
2,0,4,4,2,0.820421
2,0,4,3,0,0.86844
2,0,4,3,1,0.844454
2,0,4,3,2,0.82384
2,0,4,5,0,0.889125
2,0,4,5,1,0.861151
2,0,4,5,2,0.826281
2,0,4,6,0,0.890826
2,0,4,6,1,0.867776
2,0,4,6,2,0.828627
2,0,4,7,0,0.901556
2,0,4,7,1,0.872536
2,0,4,7,2,0.838152
2,0,5,0,0,0.878919
2,0,5,0,1,0.871127
2,0,5,0,2,0.865362
2,0,5,1,0,0.891508
2,0,5,1,1,0.879801
2,0,5,1,2,0.869764
2,0,5,2,0,0.901991
2,0,5,2,1,0.88645
2,0,5,2,2,0.873676
2,0,5,4,0,0.913375
2,0,5,4,1,0.898333
2,0,5,4,2,0.875086
2,0,5,3,0,0.909789
2,0,5,3,1,0.892438
2,0,5,3,2,0.877459
2,0,5,5,0,0.925003
2,0,5,5,1,0.904799
2,0,5,5,2,0.879257
2,0,5,6,0,0.926194
2,0,5,6,1,0.909618
2,0,5,6,2,0.880913
2,0,5,7,0,0.933581
2,0,5,7,1,0.912791
2,0,5,7,2,0.887792
2,0,6,0,0,0.91821
2,0,6,0,1,0.912721
2,0,6,0,2,0.908644
2,0,6,1,0,0.927029
2,0,6,1,1,0.918816
2,0,6,1,2,0.911744
2,0,6,2,0,0.934492
2,0,6,2,1,0.923565
2,0,6,2,2,0.914549
2,0,6,4,0,0.942625
2,0,6,4,1,0.932059
2,0,6,4,2,0.915561
2,0,6,3,0,0.939785
2,0,6,3,1,0.927663
2,0,6,3,2,0.917159
2,0,6,5,0,0.950564
2,0,6,5,1,0.936468
2,0,6,5,2,0.918435
2,0,6,6,0,0.951368
2,0,6,6,1,0.939847
2,0,6,6,2,0.919565
2,0,6,7,0,0.95631
2,0,6,7,1,0.941905
2,0,6,7,2,0.924364
2,0,7,0,0,0.946173
2,0,7,0,1,0.942428
2,0,7,0,2,0.939639
2,0,7,1,0,0.952161
2,0,7,1,1,0.946578
2,0,7,1,2,0.941753
2,0,7,2,0,0.957299
2,0,7,2,1,0.949857
2,0,7,2,2,0.943695
2,0,7,4,0,0.962914
2,0,7,4,1,0.955724
2,0,7,4,2,0.944398
2,0,7,3,0,0.960791
2,0,7,3,1,0.952581
2,0,7,3,2,0.945443
2,0,7,5,0,0.968182
2,0,7,5,1,0.958645
2,0,7,5,2,0.946319
2,0,7,6,0,0.968709
2,0,7,6,1,0.960941
2,0,7,6,2,0.947068
2,0,7,7,0,0.97193
2,0,7,7,1,0.962242
2,0,7,7,2,0.950315
2,0,8,0,0,0.965419
2,0,8,0,1,0.962937
2,0,8,0,2,0.961082
2,0,8,1,0,0.969372
2,0,8,1,1,0.965682
2,0,8,1,2,0.962483
2,0,8,2,0,0.972805
2,0,8,2,1,0.967878
2,0,8,2,2,0.963787
2,0,8,4,0,0.976567
2,0,8,4,1,0.971811
2,0,8,4,2,0.96426
2,0,8,3,0,0.975052
2,0,8,3,1,0.969642
2,0,8,3,2,0.964927
2,0,8,5,0,0.979973
2,0,8,5,1,0.973697
2,0,8,5,2,0.965511
2,0,8,6,0,0.980308
2,0,8,6,1,0.975213
2,0,8,6,2,0.965994
2,0,8,7,0,0.982358
2,0,8,7,1,0.976016
2,0,8,7,2,0.968132
2,0,9,0,0,0.978277
2,0,9,0,1,0.976674
2,0,9,0,2,0.975473
2,0,9,1,0,0.98082
2,0,9,1,1,0.978444
2,0,9,1,2,0.976377
2,0,9,2,0,0.983054
2,0,9,2,1,0.979876
2,0,9,2,2,0.97723
2,0,9,4,0,0.985506
2,0,9,4,1,0.982441
2,0,9,4,2,0.977539
2,0,9,3,0,0.984465
2,0,9,3,1,0.980991
2,0,9,3,2,0.977955
2,0,9,5,0,0.987656
2,0,9,5,1,0.983629
2,0,9,5,2,0.978334
2,0,9,6,0,0.987864
2,0,9,6,1,0.984604
2,0,9,6,2,0.978638
2,0,9,7,0,0.989139
2,0,9,7,1,0.985089
2,0,9,7,2,0.98001
2,0,10,0,0,0.98664
2,0,10,0,1,0.985629
2,0,10,0,2,0.98487
2,0,10,1,0,0.988237
2,0,10,1,1,0.986743
2,0,10,1,2,0.98544
2,0,10,2,0,0.989655
2,0,10,2,1,0.987653
2,0,10,2,2,0.985984
2,0,10,4,0,0.991214
2,0,10,4,1,0.989285
2,0,10,4,2,0.986181
2,0,10,3,0,0.990522
2,0,10,3,1,0.988342
2,0,10,3,2,0.986434
2,0,10,5,0,0.992541
2,0,10,5,1,0.990017
2,0,10,5,2,0.986674
2,0,10,6,0,0.992667
2,0,10,6,1,0.990629
2,0,10,6,2,0.986861
2,0,10,7,0,0.993444
2,0,10,7,1,0.990916
2,0,10,7,2,0.987721
2,1,-10,0,0,0.015652
2,1,-10,0,1,0.012648
2,1,-10,0,2,0.010739
2,1,-10,1,0,0.021203
2,1,-10,1,1,0.015906
2,1,-10,1,2,0.012189
2,1,-10,2,0,0.023321
2,1,-10,2,1,0.017254
2,1,-10,2,2,0.012901
2,1,-10,4,0,0.025099
2,1,-10,4,1,0.018661
2,1,-10,4,2,0.013018
2,1,-10,3,0,0.031557
2,1,-10,3,1,0.022011
2,1,-10,3,2,0.01506
2,1,-10,5,0,0.032923
2,1,-10,5,1,0.023717
2,1,-10,5,2,0.015083
2,1,-10,6,0,0.036743
2,1,-10,6,1,0.026712
2,1,-10,6,2,0.015839
2,1,-10,7,0,0.045264
2,1,-10,7,1,0.032182
2,1,-10,7,2,0.019403
2,1,-9,0,0,0.025352
2,1,-9,0,1,0.020861
2,1,-9,0,2,0.017948
2,1,-9,1,0,0.033581
2,1,-9,1,1,0.02579
2,1,-9,1,2,0.020172
2,1,-9,2,0,0.036869
2,1,-9,2,1,0.027882
2,1,-9,2,2,0.021308
2,1,-9,4,0,0.039484
2,1,-9,4,1,0.030186
2,1,-9,4,2,0.021493
2,1,-9,3,0,0.048702
2,1,-9,3,1,0.034897
2,1,-9,3,2,0.024527
2,1,-9,5,0,0.051022
2,1,-9,5,1,0.037536
2,1,-9,5,2,0.024613
2,1,-9,6,0,0.056578
2,1,-9,6,1,0.042129
2,1,-9,6,2,0.025787
2,1,-9,7,0,0.068489
2,1,-9,7,1,0.049877
2,1,-9,7,2,0.031035
2,1,-8,0,0,0.040187
2,1,-8,0,1,0.033669
2,1,-8,0,2,0.029357
2,1,-8,1,0,0.052019
2,1,-8,1,1,0.040905
2,1,-8,1,2,0.032669
2,1,-8,2,0,0.056984
2,1,-8,2,1,0.044063
2,1,-8,2,2,0.034429
2,1,-8,4,0,0.060768
2,1,-8,4,1,0.047732
2,1,-8,4,2,0.034717
2,1,-8,3,0,0.073403
2,1,-8,3,1,0.054065
2,1,-8,3,2,0.039075
2,1,-8,5,0,0.077228
2,1,-8,5,1,0.058056
2,1,-8,5,2,0.039283
2,1,-8,6,0,0.085034
2,1,-8,6,1,0.064879
2,1,-8,6,2,0.041052
2,1,-8,7,0,0.101051
2,1,-8,7,1,0.075424
2,1,-8,7,2,0.048522
2,1,-7,0,0,0.062262
2,1,-7,0,1,0.053109
2,1,-7,0,2,0.046931
2,1,-7,1,0,0.078703
2,1,-7,1,1,0.063375
2,1,-7,1,2,0.051702
2,1,-7,2,0,0.085971
2,1,-7,2,1,0.068
2,1,-7,2,2,0.054347
2,1,-7,4,0,0.091365
2,1,-7,4,1,0.073666
2,1,-7,4,2,0.054785
2,1,-7,3,0,0.107879
2,1,-7,3,1,0.081721
2,1,-7,3,2,0.060806
2,1,-7,5,0,0.113981
2,1,-7,5,1,0.087609
2,1,-7,5,2,0.06123
2,1,-7,6,0,0.124524
2,1,-7,6,1,0.097383
2,1,-7,6,2,0.063806
2,1,-7,7,0,0.145146
2,1,-7,7,1,0.111092
2,1,-7,7,2,0.074035
2,1,-6,0,0,0.09412
2,1,-6,0,1,0.081734
2,1,-6,0,2,0.073213
2,1,-6,1,0,0.116103
2,1,-6,1,1,0.095744
2,1,-6,1,2,0.079829
2,1,-6,2,0,0.126374
2,1,-6,2,1,0.102293
2,1,-6,2,2,0.083668
2,1,-6,4,0,0.133898
2,1,-6,4,1,0.110741
2,1,-6,4,2,0.084314
2,1,-6,3,0,0.154343
2,1,-6,3,1,0.120299
2,1,-6,3,2,0.092263
2,1,-6,5,0,0.163671
2,1,-6,5,1,0.128748
2,1,-6,5,2,0.093036
2,1,-6,6,0,0.17731
2,1,-6,6,1,0.142174
2,1,-6,6,2,0.096648
2,1,-6,7,0,0.202576
2,1,-6,7,1,0.159073
2,1,-6,7,2,0.110045
2,1,-5,0,0,0.138526
2,1,-5,0,1,0.122465
2,1,-5,0,2,0.111206
2,1,-5,1,0,0.166648
2,1,-5,1,1,0.140749
2,1,-5,1,2,0.119988
2,1,-5,2,0,0.180599
2,1,-5,2,1,0.149666
2,1,-5,2,2,0.125339
2,1,-5,4,0,0.190795
2,1,-5,4,1,0.161765
2,1,-5,4,2,0.126261
2,1,-5,3,0,0.214529
2,1,-5,3,1,0.172112
2,1,-5,3,2,0.136215
2,1,-5,5,0,0.228076
2,1,-5,5,1,0.18385
2,1,-5,5,2,0.137507
2,1,-5,6,0,0.244913
2,1,-5,6,1,0.201402
2,1,-5,6,2,0.142343
2,1,-5,7,0,0.274111
2,1,-5,7,1,0.220977
2,1,-5,7,2,0.159019
2,1,-4,0,0,0.197998
2,1,-4,0,1,0.178179
2,1,-4,0,2,0.164027
2,1,-4,1,0,0.232167
2,1,-4,1,1,0.200839
2,1,-4,1,2,0.175101
2,1,-4,2,0,0.250266
2,1,-4,2,1,0.212429
2,1,-4,2,2,0.182216
2,1,-4,4,0,0.263627
2,1,-4,4,1,0.22896
2,1,-4,4,2,0.183481
2,1,-4,3,0,0.289011
2,1,-4,3,1,0.238786
2,1,-4,3,2,0.195179
2,1,-4,5,0,0.307602
2,1,-4,5,1,0.25444
2,1,-4,5,2,0.197174
2,1,-4,6,0,0.327311
2,1,-4,6,1,0.27611
2,1,-4,6,2,0.203313
2,1,-4,7,0,0.358795
2,1,-4,7,1,0.297167
2,1,-4,7,2,0.222865
2,1,-3,0,0,0.274026
2,1,-3,0,1,0.250954
2,1,-3,0,2,0.234177
2,1,-3,1,0,0.313101
2,1,-3,1,1,0.277379
2,1,-3,1,2,0.247318
2,1,-3,2,0,0.335354
2,1,-3,2,1,0.291657
2,1,-3,2,2,0.256269
2,1,-3,4,0,0.35213
2,1,-3,4,1,0.313001
2,1,-3,4,2,0.257932
2,1,-3,3,0,0.376518
2,1,-3,3,1,0.320459
2,1,-3,3,2,0.270637
2,1,-3,5,0,0.400449
2,1,-3,5,1,0.340335
2,1,-3,5,2,0.273493
2,1,-3,6,0,0.42209
2,1,-3,6,1,0.365342
2,1,-3,6,2,0.280782
2,1,-3,7,0,0.453384
2,1,-3,7,1,0.386042
2,1,-3,7,2,0.302101
2,1,-2,0,0,0.366062
2,1,-2,0,1,0.340997
2,1,-2,0,2,0.322443
2,1,-2,1,0,0.407666
2,1,-2,1,1,0.36965
2,1,-2,1,2,0.336935
2,1,-2,2,0,0.433276
2,1,-2,2,1,0.386151
2,1,-2,2,2,0.347473
2,1,-2,4,0,0.453112
2,1,-2,4,1,0.411834
2,1,-2,4,2,0.349537
2,1,-2,3,0,0.473494
2,1,-2,3,1,0.415029
2,1,-2,3,2,0.362046
2,1,-2,5,0,0.50199
2,1,-2,5,1,0.43876
2,1,-2,5,2,0.365812
2,1,-2,6,0,0.524057
2,1,-2,6,1,0.465379
2,1,-2,6,2,0.373759
2,1,-2,7,0,0.552508
2,1,-2,7,1,0.483809
2,1,-2,7,2,0.395215
2,1,-1,0,0,0.470409
2,1,-1,0,1,0.445324
2,1,-1,0,2,0.426454
2,1,-1,1,0,0.511128
2,1,-1,1,1,0.473797
2,1,-1,1,2,0.441062
2,1,-1,2,0,0.538296
2,1,-1,2,1,0.491439
2,1,-1,2,2,0.452505
2,1,-1,4,0,0.560064
2,1,-1,4,1,0.519769
2,1,-1,4,2,0.454868
2,1,-1,3,0,0.574197
2,1,-1,3,1,0.517776
2,1,-1,3,2,0.4659
2,1,-1,5,0,0.605132
2,1,-1,5,1,0.543938
2,1,-1,5,2,0.470365
2,1,-1,6,0,0.625507
2,1,-1,6,1,0.569526
2,1,-1,6,2,0.477986
2,1,-1,7,0,0.649423
2,1,-1,7,1,0.584588
2,1,-1,7,2,0.498033
2,1,0,0,0,0.57968
2,1,0,0,1,0.556882
2,1,0,0,2,0.539522
2,1,0,1,0,0.615985
2,1,0,1,1,0.582546
2,1,0,1,2,0.552823
2,1,0,2,0,0.641846
2,1,0,2,1,0.599462
2,1,0,2,2,0.563918
2,1,0,4,0,0.663177
2,1,0,4,1,0.627185
2,1,0,4,2,0.566297
2,1,0,3,0,0.6714
2,1,0,3,1,0.621508
2,1,0,3,2,0.575187
2,1,0,5,0,0.701266
2,1,0,5,1,0.647152
2,1,0,5,2,0.579756
2,1,0,6,0,0.718343
2,1,0,6,1,0.669394
2,1,0,6,2,0.586251
2,1,0,7,0,0.73721
2,1,0,7,1,0.680938
2,1,0,7,2,0.603593
2,1,1,0,0,0.682732
2,1,1,0,1,0.663766
2,1,1,0,2,0.649204
2,1,1,1,0,0.71253
2,1,1,1,1,0.68499
2,1,1,1,2,0.66028
2,1,1,2,0,0.734719
2,1,1,2,1,0.699573
2,1,1,2,2,0.669912
2,1,1,4,0,0.753363
2,1,1,4,1,0.723775
2,1,1,4,2,0.672025
2,1,1,3,0,0.757544
2,1,1,3,1,0.716819
2,1,1,3,2,0.678759
2,1,1,5,0,0.78339
2,1,1,5,1,0.739235
2,1,1,5,2,0.682856
2,1,1,6,0,0.796769
2,1,1,6,1,0.757142
2,1,1,6,2,0.688002
2,1,1,7,0,0.81085
2,1,1,7,1,0.765535
2,1,1,7,2,0.70193
2,1,2,0,0,0.770628
2,1,2,0,1,0.755861
2,1,2,0,2,0.744452
2,1,2,1,0,0.793582
2,1,2,1,1,0.772302
2,1,2,1,2,0.753077
2,1,2,2,0,0.81127
2,1,2,2,1,0.783971
2,1,2,2,2,0.760822
2,1,2,4,0,0.826341
2,1,2,4,1,0.803505
2,1,2,4,2,0.76255
2,1,2,3,0,0.827992
2,1,2,3,1,0.796737
2,1,2,3,2,0.767388
2,1,2,5,0,0.848714
2,1,2,5,1,0.814853
2,1,2,5,2,0.770757
2,1,2,6,0,0.858614
2,1,2,6,1,0.82841
2,1,2,6,2,0.774588
2,1,2,7,0,0.868659
2,1,2,7,1,0.834253
2,1,2,7,2,0.78515
2,1,3,0,0,0.84039
2,1,3,0,1,0.829509
2,1,3,0,2,0.821062
2,1,3,1,0,0.857162
2,1,3,1,1,0.841573
2,1,3,1,2,0.827415
2,1,3,2,0,0.870431
2,1,3,2,1,0.850353
2,1,3,2,2,0.833264
2,1,3,4,0,0.88186
2,1,3,4,1,0.865143
2,1,3,4,2,0.834585
2,1,3,3,0,0.88216
2,1,3,3,1,0.859382
2,1,3,3,2,0.837917
2,1,3,5,0,0.89777
2,1,3,5,1,0.873113
2,1,3,5,2,0.840501
2,1,3,6,0,0.904763
2,1,3,6,1,0.882873
2,1,3,6,2,0.843217
2,1,3,7,0,0.91166
2,1,3,7,1,0.886798
2,1,3,7,2,0.850845
2,1,4,0,0,0.892559
2,1,4,0,1,0.884894
2,1,4,0,2,0.878923
2,1,4,1,0,0.904293
2,1,4,1,1,0.893363
2,1,4,1,2,0.883396
2,1,4,2,0,0.913771
2,1,4,2,1,0.899649
2,1,4,2,2,0.887595
2,1,4,4,0,0.922002
2,1,4,4,1,0.910287
2,1,4,4,2,0.888552
2,1,4,3,0,0.921704
2,1,4,3,1,0.905798
2,1,4,3,2,0.890769
2,1,4,5,0,0.932888
2,1,4,5,1,0.915683
2,1,4,5,2,0.892646
2,1,4,6,0,0.937644
2,1,4,6,1,0.922428
2,1,4,6,2,0.894497
2,1,4,7,0,0.942228
2,1,4,7,1,0.924985
2,1,4,7,2,0.899786
2,1,5,0,0,0.929731
2,1,5,0,1,0.92453
2,1,5,0,2,0.920465
2,1,5,1,0,0.937651
2,1,5,1,1,0.930261
2,1,5,1,2,0.9235
2,1,5,2,0,0.944156
2,1,5,2,1,0.934583
2,1,5,2,2,0.926393
2,1,5,4,0,0.949843
2,1,5,4,1,0.941926
2,1,5,4,2,0.927058
2,1,5,3,0,0.949359
2,1,5,3,1,0.938639
2,1,5,3,2,0.928489
2,1,5,5,0,0.957053
2,1,5,5,1,0.945467
2,1,5,5,2,0.929795
2,1,5,6,0,0.960185
2,1,5,6,1,0.94997
2,1,5,6,2,0.931015
2,1,5,7,0,0.963148
2,1,5,7,1,0.951594
2,1,5,7,2,0.93456
2,1,6,0,0,0.955197
2,1,6,0,1,0.951777
2,1,6,0,2,0.949098
2,1,6,1,0,0.960379
2,1,6,1,1,0.955535
2,1,6,1,2,0.951092
2,1,6,2,0,0.964696
2,1,6,2,1,0.958409
2,1,6,2,2,0.953019
2,1,6,4,0,0.968491
2,1,6,4,1,0.963303
2,1,6,4,2,0.953464
2,1,6,3,0,0.968019
2,1,6,3,1,0.961012
2,1,6,3,2,0.954365
2,1,6,5,0,0.973134
2,1,6,5,1,0.965566
2,1,6,5,2,0.955241
2,1,6,6,0,0.975141
2,1,6,6,1,0.968485
2,1,6,6,2,0.956023
2,1,6,7,0,0.97701
2,1,6,7,1,0.969493
2,1,6,7,2,0.958329
2,1,7,0,0,0.97207
2,1,7,0,1,0.969881
2,1,7,0,2,0.968164
2,1,7,1,0,0.975373
2,1,7,1,1,0.972281
2,1,7,1,2,0.969439
2,1,7,2,0,0.978157
2,1,7,2,1,0.974137
2,1,7,2,2,0.970685
2,1,7,4,0,0.980615
2,1,7,4,1,0.977304
2,1,7,4,2,0.970974
2,1,7,3,0,0.980231
2,1,7,3,1,0.975769
2,1,7,3,2,0.97153
2,1,7,5,0,0.983534
2,1,7,5,1,0.978718
2,1,7,5,2,0.972099
2,1,7,6,0,0.98479
2,1,7,6,1,0.980563
2,1,7,6,2,0.972589
2,1,7,7,0,0.985945
2,1,7,7,1,0.981177
2,1,7,7,2,0.974052
2,1,8,0,0,0.982936
2,1,8,0,1,0.981568
2,1,8,0,2,0.980492
2,1,8,1,0,0.984995
2,1,8,1,1,0.983066
2,1,8,1,2,0.981289
2,1,8,2,0,0.986747
2,1,8,2,1,0.984235
2,1,8,2,2,0.982075
2,1,8,4,0,0.9883
2,1,8,4,1,0.986235
2,1,8,4,2,0.982258
2,1,8,3,0,0.988015
2,1,8,3,1,0.985237
2,1,8,3,2,0.982594
2,1,8,5,0,0.990098
2,1,8,5,1,0.9871
2,1,8,5,2,0.982955
2,1,8,6,0,0.990868
2,1,8,6,1,0.988242
2,1,8,6,2,0.983255
2,1,8,7,0,0.991567
2,1,8,7,1,0.988608
2,1,8,7,2,0.984164
2,1,9,0,0,0.989769
2,1,9,0,1,0.98893
2,1,9,0,2,0.98827
2,1,9,1,0,0.991026
2,1,9,1,1,0.989847
2,1,9,1,2,0.988758
2,1,9,2,0,0.992106
2,1,9,2,1,0.990568
2,1,9,2,2,0.989244
2,1,9,4,0,0.993067
2,1,9,4,1,0.991805
2,1,9,4,2,0.989358
2,1,9,3,0,0.992866
2,1,9,3,1,0.991171
2,1,9,3,2,0.989557
2,1,9,5,0,0.994152
2,1,9,5,1,0.992323
2,1,9,5,2,0.989781
2,1,9,6,0,0.994614
2,1,9,6,1,0.993016
2,1,9,6,2,0.989961
2,1,9,7,0,0.995029
2,1,9,7,1,0.99323
2,1,9,7,2,0.990514
2,1,10,0,0,0.993977
2,1,10,0,1,0.993473
2,1,10,0,2,0.993076
2,1,10,1,0,0.994729
2,1,10,1,1,0.994022
2,1,10,1,2,0.993369
2,1,10,2,0,0.995382
2,1,10,2,1,0.994459
2,1,10,2,2,0.993663
2,1,10,4,0,0.995964
2,1,10,4,1,0.995208
2,1,10,4,2,0.993732
2,1,10,3,0,0.995829
2,1,10,3,1,0.994814
2,1,10,3,2,0.993848
2,1,10,5,0,0.996606
2,1,10,5,1,0.995513
2,1,10,5,2,0.993984
2,1,10,6,0,0.996878
2,1,10,6,1,0.995925
2,1,10,6,2,0.99409
2,1,10,7,0,0.99712
2,1,10,7,1,0.996048
2,1,10,7,2,0.99442
3,0,-10,0,0,0.007196
3,0,-10,0,1,0.005545
3,0,-10,0,2,0.004652
3,0,-10,1,0,0.01033
3,0,-10,1,1,0.007178
3,0,-10,1,2,0.005351
3,0,-10,2,0,0.011583
3,0,-10,2,1,0.007827
3,0,-10,2,2,0.005634
3,0,-10,4,0,0.011919
3,0,-10,4,1,0.009174
3,0,-10,4,2,0.00576
3,0,-10,3,0,0.016546
3,0,-10,3,1,0.010402
3,0,-10,3,2,0.006842
3,0,-10,5,0,0.018814
3,0,-10,5,1,0.011865
3,0,-10,5,2,0.007214
3,0,-10,6,0,0.017803
3,0,-10,6,1,0.01227
3,0,-10,6,2,0.007399
3,0,-10,7,0,0.028051
3,0,-10,7,1,0.016227
3,0,-10,7,2,0.009674
3,0,-9,0,0,0.01218
3,0,-9,0,1,0.009584
3,0,-9,0,2,0.008139
3,0,-9,1,0,0.017093
3,0,-9,1,1,0.012207
3,0,-9,1,2,0.009279
3,0,-9,2,0,0.019197
3,0,-9,2,1,0.013292
3,0,-9,2,2,0.009756
3,0,-9,4,0,0.019956
3,0,-9,4,1,0.015464
3,0,-9,4,2,0.009962
3,0,-9,3,0,0.026662
3,0,-9,3,1,0.017293
3,0,-9,3,2,0.011661
3,0,-9,5,0,0.030364
3,0,-9,5,1,0.019711
3,0,-9,5,2,0.012253
3,0,-9,6,0,0.028998
3,0,-9,6,1,0.02044
3,0,-9,6,2,0.012603
3,0,-9,7,0,0.044027
3,0,-9,7,1,0.026503
3,0,-9,7,2,0.016156
3,0,-8,0,0,0.020241
3,0,-8,0,1,0.016258
3,0,-8,0,2,0.013973
3,0,-8,1,0,0.027741
3,0,-8,1,1,0.02037
3,0,-8,1,2,0.015788
3,0,-8,2,0,0.031174
3,0,-8,2,1,0.022144
3,0,-8,2,2,0.016581
3,0,-8,4,0,0.032737
3,0,-8,4,1,0.02557
3,0,-8,4,2,0.016911
3,0,-8,3,0,0.042044
3,0,-8,3,1,0.028179
3,0,-8,3,2,0.019503
3,0,-8,5,0,0.047934
3,0,-8,5,1,0.032077
3,0,-8,5,2,0.020418
3,0,-8,6,0,0.046238
3,0,-8,6,1,0.03336
3,0,-8,6,2,0.021053
3,0,-8,7,0,0.067382
3,0,-8,7,1,0.042324
3,0,-8,7,2,0.026443
3,0,-7,0,0,0.033002
3,0,-7,0,1,0.027064
3,0,-7,0,2,0.023549
3,0,-7,1,0,0.044123
3,0,-7,1,1,0.033331
3,0,-7,1,2,0.026359
3,0,-7,2,0,0.049522
3,0,-7,2,1,0.036148
3,0,-7,2,2,0.027647
3,0,-7,4,0,0.052516
3,0,-7,4,1,0.041421
3,0,-7,4,2,0.028161
3,0,-7,3,0,0.064805
3,0,-7,3,1,0.044957
3,0,-7,3,2,0.031994
3,0,-7,5,0,0.073909
3,0,-7,5,1,0.051057
3,0,-7,5,2,0.033356
3,0,-7,6,0,0.072033
3,0,-7,6,1,0.053233
3,0,-7,6,2,0.034458
3,0,-7,7,0,0.100375
3,0,-7,7,1,0.065939
3,0,-7,7,2,0.042359
3,0,-6,0,0,0.052713
3,0,-6,0,1,0.044144
3,0,-6,0,2,0.038911
3,0,-6,1,0,0.068654
3,0,-6,1,1,0.053384
3,0,-6,1,2,0.043119
3,0,-6,2,0,0.076797
3,0,-6,2,1,0.05771
3,0,-6,2,2,0.045151
3,0,-6,4,0,0.082154
3,0,-6,4,1,0.065593
3,0,-6,4,2,0.045931
3,0,-6,3,0,0.097454
3,0,-6,3,1,0.070077
3,0,-6,3,2,0.051392
3,0,-6,5,0,0.111065
3,0,-6,5,1,0.079296
3,0,-6,5,2,0.053333
3,0,-6,6,0,0.10935
3,0,-6,6,1,0.08284
3,0,-6,6,2,0.055154
3,0,-6,7,0,0.14529
3,0,-6,7,1,0.099944
3,0,-6,7,2,0.066284
3,0,-5,0,0,0.082271
3,0,-5,0,1,0.070367
3,0,-5,0,2,0.06287
3,0,-5,1,0,0.104227
3,0,-5,1,1,0.083461
3,0,-5,1,2,0.068926
3,0,-5,2,0,0.115961
3,0,-5,2,1,0.089856
3,0,-5,2,2,0.072028
3,0,-5,4,0,0.124901
3,0,-5,4,1,0.101273
3,0,-5,4,2,0.073176
3,0,-5,3,0,0.142638
3,0,-5,3,1,0.106425
3,0,-5,3,2,0.080607
3,0,-5,5,0,0.162179
3,0,-5,5,1,0.119825
3,0,-5,5,2,0.083244
3,0,-5,6,0,0.161189
3,0,-5,6,1,0.125335
3,0,-5,6,2,0.086086
3,0,-5,7,0,0.203983
3,0,-5,7,1,0.146928
3,0,-5,7,2,0.10105
3,0,-4,0,0,0.125077
3,0,-4,0,1,0.109273
3,0,-4,0,2,0.099014
3,0,-4,1,0,0.153899
3,0,-4,1,1,0.126959
3,0,-4,1,2,0.107326
3,0,-4,2,0,0.170048
3,0,-4,2,1,0.136013
3,0,-4,2,2,0.111873
3,0,-4,4,0,0.18383
3,0,-4,4,1,0.151987
3,0,-4,4,2,0.113508
3,0,-4,3,0,0.202613
3,0,-4,3,1,0.156983
3,0,-4,3,2,0.123049
3,0,-4,5,0,0.229317
3,0,-4,5,1,0.17561
3,0,-4,5,2,0.12645
3,0,-4,6,0,0.229719
3,0,-4,6,1,0.183705
3,0,-4,6,2,0.130588
3,0,-4,7,0,0.277246
3,0,-4,7,1,0.208875
3,0,-4,7,2,0.149623
3,0,-3,0,0,0.18456
3,0,-3,0,1,0.164701
3,0,-3,0,2,0.151431
3,0,-3,1,0,0.220243
3,0,-3,1,1,0.187219
3,0,-3,1,2,0.162189
3,0,-3,2,0,0.241362
3,0,-3,2,1,0.19938
3,0,-3,2,2,0.168515
3,0,-3,4,0,0.26093
3,0,-3,4,1,0.220772
3,0,-3,4,2,0.170749
3,0,-3,3,0,0.278474
3,0,-3,3,1,0.224153
3,0,-3,3,2,0.182129
3,0,-3,5,0,0.312851
3,0,-3,5,1,0.248658
3,0,-3,5,2,0.186305
3,0,-3,6,0,0.315118
3,0,-3,6,1,0.2598
3,0,-3,6,2,0.191848
3,0,-3,7,0,0.36405
3,0,-3,7,1,0.286381
3,0,-3,7,2,0.21444
3,0,-2,0,0,0.26308
3,0,-2,0,1,0.23975
3,0,-2,0,2,0.223731
3,0,-2,1,0,0.304221
3,0,-2,1,1,0.2664
3,0,-2,1,2,0.23668
3,0,-2,2,0,0.330198
3,0,-2,2,1,0.281723
3,0,-2,2,2,0.244929
3,0,-2,4,0,0.355713
3,0,-2,4,1,0.308743
3,0,-2,4,2,0.247815
3,0,-2,3,0,0.369069
3,0,-2,3,1,0.308547
3,0,-2,3,2,0.260115
3,0,-2,5,0,0.410379
3,0,-2,5,1,0.338795
3,0,-2,5,2,0.264995
3,0,-2,6,0,0.414527
3,0,-2,6,1,0.352985
3,0,-2,6,2,0.271741
3,0,-2,7,0,0.460966
3,0,-2,7,1,0.378038
3,0,-2,7,2,0.296545
3,0,-1,0,0,0.360308
3,0,-1,0,1,0.33508
3,0,-1,0,2,0.317331
3,0,-1,1,0,0.403769
3,0,-1,1,1,0.363835
3,0,-1,1,2,0.331509
3,0,-1,2,0,0.433447
3,0,-1,2,1,0.381763
3,0,-1,2,2,0.341471
3,0,-1,4,0,0.463789
3,0,-1,4,1,0.413505
3,0,-1,4,2,0.344969
3,0,-1,3,0,0.470339
3,0,-1,3,1,0.407964
3,0,-1,3,2,0.356732
3,0,-1,5,0,0.516237
3,0,-1,5,1,0.442656
3,0,-1,5,2,0.36211
3,0,-1,6,0,0.521222
3,0,-1,6,1,0.458557
3,0,-1,6,2,0.369158
3,0,-1,7,0,0.562073
3,0,-1,7,1,0.479892
3,0,-1,7,2,0.394387
3,0,0,0,0,0.471658
3,0,0,0,1,0.447074
3,0,0,0,2,0.429462
3,0,0,1,0,0.513119
3,0,0,1,1,0.474906
3,0,0,1,2,0.443326
3,0,0,2,0,0.543444
3,0,0,2,1,0.493567
3,0,0,2,2,0.45393
3,0,0,4,0,0.575222
3,0,0,4,1,0.526719
3,0,0,4,2,0.457688
3,0,0,3,0,0.575438
3,0,0,3,1,0.516827
3,0,0,3,2,0.467814
3,0,0,5,0,0.621276
3,0,0,5,1,0.55239
3,0,0,5,2,0.473189
3,0,0,6,0,0.625909
3,0,0,6,1,0.567878
3,0,0,6,2,0.479556
3,0,0,7,0,0.659606
3,0,0,7,1,0.58478
3,0,0,7,2,0.503097
3,0,1,0,0,0.585445
3,0,1,0,1,0.563756
3,0,1,0,2,0.548034
3,0,1,1,0,0.621494
3,0,1,1,1,0.588191
3,0,1,1,2,0.560289
3,0,1,2,0,0.64908
3,0,1,2,1,0.605357
3,0,1,2,2,0.570174
3,0,1,4,0,0.678404
3,0,1,4,1,0.635919
3,0,1,4,2,0.573696
3,0,1,3,0,0.674986
3,0,1,3,1,0.624531
3,0,1,3,2,0.581833
3,0,1,5,0,0.716079
3,0,1,5,1,0.656945
3,0,1,5,2,0.586657
3,0,1,6,0,0.720001
3,0,1,6,1,0.670592
3,0,1,6,2,0.591968
3,0,1,7,0,0.746247
3,0,1,7,1,0.683245
3,0,1,7,2,0.61213
3,0,2,0,0,0.688944
3,0,2,0,1,0.671147
3,0,2,0,2,0.658134
3,0,2,1,0,0.718185
3,0,2,1,1,0.691109
3,0,2,1,2,0.668196
3,0,2,2,0,0.741353
3,0,2,2,1,0.705643
3,0,2,2,2,0.676644
3,0,2,4,0,0.766221
3,0,2,4,1,0.731562
3,0,2,4,2,0.679667
3,0,2,3,0,0.761168
3,0,2,3,1,0.720527
3,0,2,3,2,0.685833
3,0,2,5,0,0.795305
3,0,2,5,1,0.747789
3,0,2,5,2,0.689848
3,0,2,6,0,0.798363
3,0,2,6,1,0.758939
3,0,2,6,2,0.693989
3,0,2,7,0,0.817848
3,0,2,7,1,0.767966
3,0,2,7,2,0.71017
3,0,3,0,0,0.775844
3,0,3,0,1,0.76209
3,0,3,0,2,0.751967
3,0,3,1,0,0.798235
3,0,3,1,1,0.777458
3,0,3,1,2,0.759743
3,0,3,2,0,0.816467
3,0,3,2,1,0.788967
3,0,3,2,2,0.766478
3,0,3,4,0,0.836172
3,0,3,4,1,0.809514
3,0,3,4,2,0.768897
3,0,3,3,0,0.830913
3,0,3,3,1,0.799953
3,0,3,3,2,0.773348
3,0,3,5,0,0.857552
3,0,3,5,1,0.82143
3,0,3,5,2,0.776487
3,0,3,6,0,0.859796
3,0,3,6,1,0.830003
3,0,3,6,2,0.779545
3,0,3,7,0,0.873669
3,0,3,7,1,0.836185
3,0,3,7,2,0.791838
3,0,4,0,0,0.844209
3,0,4,0,1,0.834098
3,0,4,0,2,0.826617
3,0,4,1,0,0.860544
3,0,4,1,1,0.845358
3,0,4,1,2,0.832332
3,0,4,2,0,0.874146
3,0,4,2,1,0.853985
3,0,4,2,2,0.837407
3,0,4,4,0,0.888922
3,0,4,4,1,0.869402
3,0,4,4,2,0.839236
3,0,4,3,0,0.884252
3,0,4,3,1,0.861752
3,0,4,3,2,0.842317
3,0,4,5,0,0.903992
3,0,4,5,1,0.877789
3,0,4,5,2,0.844649
3,0,4,6,0,0.905557
3,0,4,6,1,0.884055
3,0,4,6,2,0.846805
3,0,4,7,0,0.915081
3,0,4,7,1,0.888142
3,0,4,7,2,0.855722
3,0,5,0,0,0.895193
3,0,5,0,1,0.888071
3,0,5,0,2,0.882779
3,0,5,1,0,0.906626
3,0,5,1,1,0.895979
3,0,5,1,2,0.886803
3,0,5,2,0,0.916323
3,0,5,2,1,0.902153
3,0,5,2,2,0.89045
3,0,5,4,0,0.926898
3,0,5,4,1,0.913194
3,0,5,4,2,0.891767
3,0,5,3,0,0.923145
3,0,5,3,1,0.907445
3,0,5,3,2,0.893827
3,0,5,5,0,0.937141
3,0,5,5,1,0.918885
3,0,5,5,2,0.895483
3,0,5,6,0,0.938188
3,0,5,6,1,0.923274
3,0,5,6,2,0.896947
3,0,5,7,0,0.94452
3,0,5,7,1,0.925895
3,0,5,7,2,0.903159
3,0,6,0,0,0.931527
3,0,6,0,1,0.926692
3,0,6,0,2,0.923086
3,0,6,1,0,0.939248
3,0,6,1,1,0.932047
3,0,6,1,2,0.925816
3,0,6,2,0,0.945898
3,0,6,2,1,0.936294
3,0,6,2,2,0.928334
3,0,6,4,0,0.953173
3,0,6,4,1,0.943896
3,0,6,4,2,0.929245
3,0,6,3,0,0.950362
3,0,6,3,1,0.939785
3,0,6,3,2,0.93058
3,0,6,5,0,0.959917
3,0,6,5,1,0.947636
3,0,6,5,2,0.931713
3,0,6,6,0,0.960594
3,0,6,6,1,0.9506
3,0,6,6,2,0.932674
3,0,6,7,0,0.964684
3,0,6,7,1,0.952235
3,0,6,7,2,0.936854
3,0,7,0,0,0.956438
3,0,7,0,1,0.953258
3,0,7,0,2,0.95088
3,0,7,1,0,0.961491
3,0,7,1,1,0.956772
3,0,7,1,2,0.952675
3,0,7,2,0,0.965901
3,0,7,2,1,0.959596
3,0,7,2,2,0.954354
3,0,7,4,0,0.970739
3,0,7,4,1,0.964653
3,0,7,4,2,0.954963
3,0,7,3,0,0.968742
3,0,7,3,1,0.961834
3,0,7,3,2,0.955804
3,0,7,5,0,0.975054
3,0,7,5,1,0.967043
3,0,7,5,2,0.956553
3,0,7,6,0,0.97548
3,0,7,6,1,0.968982
3,0,7,6,2,0.957166
3,0,7,7,0,0.978053
3,0,7,7,1,0.969977
3,0,7,7,2,0.959894
3,0,8,0,0,0.972954
3,0,8,0,1,0.970922
3,0,8,0,2,0.969398
3,0,8,1,0,0.97617
3,0,8,1,1,0.973163
3,0,8,1,2,0.970545
3,0,8,2,0,0.97901
3,0,8,2,1,0.974986
3,0,8,2,2,0.971631
3,0,8,4,0,0.982133
3,0,8,4,1,0.978252
3,0,8,4,2,0.972026
3,0,8,3,0,0.980772
3,0,8,3,1,0.976383
3,0,8,3,2,0.972543
3,0,8,5,0,0.984824
3,0,8,5,1,0.979739
3,0,8,5,2,0.973025
3,0,8,6,0,0.985084
3,0,8,6,1,0.980973
3,0,8,6,2,0.973405
3,0,8,7,0,0.986664
3,0,8,7,1,0.981564
3,0,8,7,2,0.975137
3,0,9,0,0,0.983588
3,0,9,0,1,0.982323
3,0,9,0,2,0.981371
3,0,9,1,0,0.985583
3,0,9,1,1,0.983715
3,0,9,1,2,0.982085
3,0,9,2,0,0.987364
3,0,9,2,1,0.984861
3,0,9,2,2,0.982769
3,0,9,4,0,0.989325
3,0,9,4,1,0.986914
3,0,9,4,2,0.983018
3,0,9,3,0,0.988431
3,0,9,3,1,0.985712
3,0,9,3,2,0.983328
3,0,9,5,0,0.990963
3,0,9,5,1,0.987817
3,0,9,5,2,0.98363
3,0,9,6,0,0.991118
3,0,9,6,1,0.988582
3,0,9,6,2,0.98386
3,0,9,7,0,0.992067
3,0,9,7,1,0.988925
3,0,9,7,2,0.984932
3,0,10,0,0,0.990254
3,0,10,0,1,0.989485
3,0,10,0,2,0.988906
3,0,10,1,0,0.991462
3,0,10,1,1,0.99033
3,0,10,1,2,0.989339
3,0,10,2,0,0.992551
3,0,10,2,1,0.991032
3,0,10,2,2,0.989759
3,0,10,4,0,0.993753
3,0,10,4,1,0.99229
3,0,10,4,2,0.989912
3,0,10,3,0,0.993183
3,0,10,3,1,0.991539
3,0,10,3,2,0.990094
3,0,10,5,0,0.994727
3,0,10,5,1,0.992827
3,0,10,5,2,0.990278
3,0,10,6,0,0.994817
3,0,10,6,1,0.993289
3,0,10,6,2,0.990415
3,0,10,7,0,0.995374
3,0,10,7,1,0.993484
3,0,10,7,2,0.991063
3,1,-10,0,0,0.011495
3,1,-10,0,1,0.009007
3,1,-10,0,2,0.007464
3,1,-10,1,0,0.016142
3,1,-10,1,1,0.011667
3,1,-10,1,2,0.008627
3,1,-10,2,0,0.017809
3,1,-10,2,1,0.01273
3,1,-10,2,2,0.009167
3,1,-10,4,0,0.019291
3,1,-10,4,1,0.01375
3,1,-10,4,2,0.009255
3,1,-10,3,0,0.02497
3,1,-10,3,1,0.016748
3,1,-10,3,2,0.010965
3,1,-10,5,0,0.025895
3,1,-10,5,1,0.01809
3,1,-10,5,2,0.010947
3,1,-10,6,0,0.029175
3,1,-10,6,1,0.020497
3,1,-10,6,2,0.011544
3,1,-10,7,0,0.036805
3,1,-10,7,1,0.025342
3,1,-10,7,2,0.01456
3,1,-9,0,0,0.019285
3,1,-9,0,1,0.015428
3,1,-9,0,2,0.012981
3,1,-9,1,0,0.026429
3,1,-9,1,1,0.019615
3,1,-9,1,2,0.014838
3,1,-9,2,0,0.029123
3,1,-9,2,1,0.021327
3,1,-9,2,2,0.015736
3,1,-9,4,0,0.031339
3,1,-9,4,1,0.02308
3,1,-9,4,2,0.015881
3,1,-9,3,0,0.039793
3,1,-9,3,1,0.027493
3,1,-9,3,2,0.018529
3,1,-9,5,0,0.041466
3,1,-9,5,1,0.029637
3,1,-9,5,2,0.018546
3,1,-9,6,0,0.046421
3,1,-9,6,1,0.033494
3,1,-9,6,2,0.019512
3,1,-9,7,0,0.05748
3,1,-9,7,1,0.040633
3,1,-9,7,2,0.024133
3,1,-8,0,0,0.03165
3,1,-8,0,1,0.025846
3,1,-8,0,2,0.022076
3,1,-8,1,0,0.042299
3,1,-8,1,1,0.032238
3,1,-8,1,2,0.024956
3,1,-8,2,0,0.046532
3,1,-8,2,1,0.034925
3,1,-8,2,2,0.026411
3,1,-8,4,0,0.0498
3,1,-8,4,1,0.037856
3,1,-8,4,2,0.026646
3,1,-8,3,0,0.061876
3,1,-8,3,1,0.044071
3,1,-8,3,2,0.03061
3,1,-8,5,0,0.064814
3,1,-8,5,1,0.047419
3,1,-8,5,2,0.030709
3,1,-8,6,0,0.072036
3,1,-8,6,1,0.053408
3,1,-8,6,2,0.032229
3,1,-8,7,0,0.087436
3,1,-8,7,1,0.063509
3,1,-8,7,2,0.039072
3,1,-7,0,0,0.050749
3,1,-7,0,1,0.042299
3,1,-7,0,2,0.036683
3,1,-7,1,0,0.066085
3,1,-7,1,1,0.051729
3,1,-7,1,2,0.041004
3,1,-7,2,0,0.072534
3,1,-7,2,1,0.055823
3,1,-7,2,2,0.043291
3,1,-7,4,0,0.077317
3,1,-7,4,1,0.060579
3,1,-7,4,2,0.04366
3,1,-7,3,0,0.093724
3,1,-7,3,1,0.068867
3,1,-7,3,2,0.049367
3,1,-7,5,0,0.098747
3,1,-7,5,1,0.073977
3,1,-7,5,2,0.049637
3,1,-7,6,0,0.108838
3,1,-7,6,1,0.082942
3,1,-7,6,2,0.051952
3,1,-7,7,0,0.12934
3,1,-7,7,1,0.096571
3,1,-7,7,2,0.061688
3,1,-6,0,0,0.079374
3,1,-6,0,1,0.067525
3,1,-6,0,2,0.05947
3,1,-6,1,0,0.100614
3,1,-6,1,1,0.080896
3,1,-6,1,2,0.06571
3,1,-6,2,0,0.110092
3,1,-6,2,1,0.086929
3,1,-6,2,2,0.069181
3,1,-6,4,0,0.11697
3,1,-6,4,1,0.094379
3,1,-6,4,2,0.069748
3,1,-6,3,0,0.138066
3,1,-6,3,1,0.104697
3,1,-6,3,2,0.077592
3,1,-6,5,0,0.14626
3,1,-6,5,1,0.112306
3,1,-6,5,2,0.078173
3,1,-6,6,0,0.159729
3,1,-6,6,1,0.125162
3,1,-6,6,2,0.081564
3,1,-6,7,0,0.185661
3,1,-6,7,1,0.142552
3,1,-6,7,2,0.094794
3,1,-5,0,0,0.120813
3,1,-5,0,1,0.104904
3,1,-5,0,2,0.093856
3,1,-5,1,0,0.148925
3,1,-5,1,1,0.123012
3,1,-5,1,2,0.102471
3,1,-5,2,0,0.162313
3,1,-5,2,1,0.131558
3,1,-5,2,2,0.107528
3,1,-5,4,0,0.171936
3,1,-5,4,1,0.142772
3,1,-5,4,2,0.10837
3,1,-5,3,0,0.197337
3,1,-5,3,1,0.154497
3,1,-5,3,2,0.118579
3,1,-5,5,0,0.209948
3,1,-5,5,1,0.165502
3,1,-5,5,2,0.119666
3,1,-5,6,0,0.22708
3,1,-5,6,1,0.183005
3,1,-5,6,2,0.12441
3,1,-5,7,0,0.257888
3,1,-5,7,1,0.203764
3,1,-5,7,2,0.141457
3,1,-4,0,0,0.178431
3,1,-4,0,1,0.158144
3,1,-4,0,2,0.143756
3,1,-4,1,0,0.213684
3,1,-4,1,1,0.18138
3,1,-4,1,2,0.155037
3,1,-4,2,0,0.231733
3,1,-4,2,1,0.192917
3,1,-4,2,2,0.162055
3,1,-4,4,0,0.244815
3,1,-4,4,1,0.209016
3,1,-4,4,2,0.16326
3,1,-4,3,0,0.272821
3,1,-4,3,1,0.22071
3,1,-4,3,2,0.175687
3,1,-4,5,0,0.291073
3,1,-4,5,1,0.236005
3,1,-4,5,2,0.177513
3,1,-4,6,0,0.311703
3,1,-4,6,1,0.258436
3,1,-4,6,2,0.183811
3,1,-4,7,0,0.345595
3,1,-4,7,1,0.281265
3,1,-4,7,2,0.204409
3,1,-3,0,0,0.254812
3,1,-3,0,1,0.2305
3,1,-3,0,2,0.212885
3,1,-3,1,0,0.296228
3,1,-3,1,1,0.258436
3,1,-3,1,2,0.226733
3,1,-3,2,0,0.319269
3,1,-3,2,1,0.273174
3,1,-3,2,2,0.235931
3,1,-3,4,0,0.336387
3,1,-3,4,1,0.294988
3,1,-3,4,2,0.237595
3,1,-3,3,0,0.363711
3,1,-3,3,1,0.304265
3,1,-3,3,2,0.251451
3,1,-3,5,0,0.388393
3,1,-3,5,1,0.324521
3,1,-3,5,2,0.254269
3,1,-3,6,0,0.411573
3,1,-3,6,1,0.351242
3,1,-3,6,2,0.26207
3,1,-3,7,0,0.445447
3,1,-3,7,1,0.373791
3,1,-3,7,2,0.284938
3,1,-2,0,0,0.350497
3,1,-2,0,1,0.32349
3,1,-2,0,2,0.303503
3,1,-2,1,0,0.395435
3,1,-2,1,1,0.354478
3,1,-2,1,2,0.319185
3,1,-2,2,0,0.422851
3,1,-2,2,1,0.372087
3,1,-2,2,2,0.33042
3,1,-2,4,0,0.443878
3,1,-2,4,1,0.399487
3,1,-2,4,2,0.332595
3,1,-2,3,0,0.466389
3,1,-2,3,1,0.403495
3,1,-2,3,2,0.346318
3,1,-2,5,0,0.496986
3,1,-2,5,1,0.428705
3,1,-2,5,2,0.350303
3,1,-2,6,0,0.521043
3,1,-2,6,1,0.4578
3,1,-2,6,2,0.359122
3,1,-2,7,0,0.551354
3,1,-2,7,1,0.477452
3,1,-2,7,2,0.382179
3,1,-1,0,0,0.462267
3,1,-1,0,1,0.434972
3,1,-1,0,2,0.414372
3,1,-1,1,0,0.506427
3,1,-1,1,1,0.465976
3,1,-1,1,2,0.430333
3,1,-1,2,0,0.536238
3,1,-1,2,1,0.485331
3,1,-1,2,2,0.44292
3,1,-1,4,0,0.560155
3,1,-1,4,1,0.5166
3,1,-1,4,2,0.445532
3,1,-1,3,0,0.574399
3,1,-1,3,1,0.513541
3,1,-1,3,2,0.457317
3,1,-1,5,0,0.60854
3,1,-1,5,1,0.542361
3,1,-1,5,2,0.462299
3,1,-1,6,0,0.630529
3,1,-1,6,1,0.570221
3,1,-1,6,2,0.470691
3,1,-1,7,0,0.655271
3,1,-1,7,1,0.585681
3,1,-1,7,2,0.492102
3,1,0,0,0,0.581888
3,1,0,0,1,0.557455
3,1,0,0,2,0.538759
3,1,0,1,0,0.620517
3,1,0,1,1,0.584895
3,1,0,1,2,0.553042
3,1,0,2,0,0.648701
3,1,0,2,1,0.603369
3,1,0,2,2,0.565207
3,1,0,4,0,0.672155
3,1,0,4,1,0.633879
3,1,0,4,2,0.567847
3,1,0,3,0,0.679071
3,1,0,3,1,0.626228
3,1,0,3,2,0.576928
3,1,0,5,0,0.711814
3,1,0,5,1,0.654445
3,1,0,5,2,0.582034
3,1,0,6,0,0.729572
3,1,0,6,1,0.677944
3,1,0,6,2,0.588876
3,1,0,7,0,0.748445
3,1,0,7,1,0.689319
3,1,0,7,2,0.60705
3,1,1,0,0,0.693811
3,1,1,0,1,0.674188
3,1,1,0,2,0.659049
3,1,1,1,0,0.724409
3,1,1,1,1,0.696082
3,1,1,1,2,0.670524
3,1,1,2,0,0.747756
3,1,1,2,1,0.711462
3,1,1,2,2,0.680718
3,1,1,4,0,0.76755
3,1,1,4,1,0.737161
3,1,1,4,2,0.682982
3,1,1,3,0,0.770325
3,1,1,3,1,0.728671
3,1,1,3,2,0.689571
3,1,1,5,0,0.797657
3,1,1,5,1,0.75248
3,1,1,5,2,0.693983
3,1,1,6,0,0.811036
3,1,1,6,1,0.770693
3,1,1,6,2,0.699182
3,1,1,7,0,0.824588
3,1,1,7,1,0.778619
3,1,1,7,2,0.713278
3,1,2,0,0,0.785991
3,1,2,0,1,0.771295
3,1,2,0,2,0.75989
3,1,2,1,0,0.808658
3,1,2,1,1,0.787601
3,1,2,1,2,0.768477
3,1,2,2,0,0.826553
3,1,2,2,1,0.799436
3,1,2,2,2,0.776359
3,1,2,4,0,0.841942
3,1,2,4,1,0.819371
3,1,2,4,2,0.778138
3,1,2,3,0,0.842429
3,1,2,3,1,0.811665
3,1,2,3,2,0.782665
3,1,2,5,0,0.863485
3,1,2,5,1,0.830163
3,1,2,5,2,0.786146
3,1,2,6,0,0.872977
3,1,2,6,1,0.843396
3,1,2,6,2,0.789847
3,1,2,7,0,0.88227
3,1,2,7,1,0.848684
3,1,2,7,2,0.80014
3,1,3,0,0,0.856356
3,1,3,0,1,0.845967
3,1,3,0,2,0.837867
3,1,3,1,0,0.872249
3,1,3,1,1,0.857444
3,1,3,1,2,0.843934
3,1,3,2,0,0.885118
3,1,3,2,1,0.865981
3,1,3,2,2,0.849638
3,1,3,4,0,0.896301
3,1,3,4,1,0.880439
3,1,3,4,2,0.85094
3,1,3,3,0,0.895804
3,1,3,3,1,0.874278
3,1,3,3,2,0.853923
3,1,3,5,0,0.911
3,1,3,5,1,0.887711
3,1,3,5,2,0.856478
3,1,3,6,0,0.917425
3,1,3,6,1,0.896843
3,1,3,6,2,0.858986
3,1,3,7,0,0.923559
3,1,3,7,1,0.900251
3,1,3,7,2,0.866131
3,1,4,0,0,0.906811
3,1,4,0,1,0.899794
3,1,4,0,2,0.894305
3,1,4,1,0,0.917478
3,1,4,1,1,0.907521
3,1,4,1,2,0.8984
3,1,4,2,0,0.926283
3,1,4,2,1,0.913374
3,1,4,2,2,0.902321
3,1,4,4,0,0.933993
3,1,4,4,1,0.923328
3,1,4,4,2,0.903224
3,1,4,3,0,0.933223
3,1,4,3,1,0.918798
3,1,4,3,2,0.905126
3,1,4,5,0,0.943647
3,1,4,5,1,0.928056
3,1,4,5,2,0.9069
3,1,4,6,0,0.947839
3,1,4,6,1,0.934107
3,1,4,6,2,0.908538
3,1,4,7,0,0.951758
3,1,4,7,1,0.93624
3,1,4,7,2,0.913295
3,1,5,0,0,0.941258
3,1,5,0,1,0.936688
3,1,5,0,2,0.933104
3,1,5,1,0,0.948169
3,1,5,1,1,0.941706
3,1,5,1,2,0.935769
3,1,5,2,0,0.953964
3,1,5,2,1,0.945565
3,1,5,2,2,0.938359
3,1,5,4,0,0.959069
3,1,5,4,1,0.952149
3,1,5,4,2,0.938959
3,1,5,3,0,0.958337
3,1,5,3,1,0.949002
3,1,5,3,2,0.940138
3,1,5,5,0,0.965211
3,1,5,5,1,0.95513
3,1,5,5,2,0.941319
3,1,5,6,0,0.967861
3,1,5,6,1,0.959007
3,1,5,6,2,0.942354
3,1,5,7,0,0.970299
3,1,5,7,1,0.960309
3,1,5,7,2,0.945418
3,1,6,0,0,0.963889
3,1,6,0,1,0.961003
3,1,6,0,2,0.958735
3,1,6,1,0,0.968235
3,1,6,1,1,0.964164
3,1,6,1,2,0.960417
3,1,6,2,0,0.971925
3,1,6,2,1,0.966626
3,1,6,2,2,0.962071
3,1,6,4,0,0.975193
3,1,6,4,1,0.970835
3,1,6,4,2,0.962457
3,1,6,3,0,0.974613
3,1,6,3,1,0.968747
3,1,6,3,2,0.96317
3,1,6,5,0,0.978997
3,1,6,5,1,0.972668
3,1,6,5,2,0.963929
3,1,6,6,0,0.980628
3,1,6,6,1,0.975083
3,1,6,6,2,0.964566
3,1,6,7,0,0.982111
3,1,6,7,1,0.975862
3,1,6,7,2,0.966484
3,1,7,0,0,0.978283
3,1,7,0,1,0.976507
3,1,7,0,2,0.975109
3,1,7,1,0,0.980947
3,1,7,1,1,0.978449
3,1,7,1,2,0.976143
3,1,7,2,0,0.983234
3,1,7,2,1,0.979975
3,1,7,2,2,0.977171
3,1,7,4,0,0.985266
3,1,7,4,1,0.982591
3,1,7,4,2,0.977411
3,1,7,3,0,0.98485
3,1,7,3,1,0.981256
3,1,7,3,2,0.977835
3,1,7,5,0,0.987569
3,1,7,5,1,0.983694
3,1,7,5,2,0.978309
3,1,7,6,0,0.988553
3,1,7,6,1,0.985163
3,1,7,6,2,0.978692
3,1,7,7,0,0.989436
3,1,7,7,1,0.985621
3,1,7,7,2,0.979864
3,1,8,0,0,0.987189
3,1,8,0,1,0.98612
3,1,8,0,2,0.985276
3,1,8,1,0,0.98879
3,1,8,1,1,0.987287
3,1,8,1,2,0.985899
3,1,8,2,0,0.990175
3,1,8,2,1,0.988213
3,1,8,2,2,0.986523
3,1,8,4,0,0.99141
3,1,8,4,1,0.989802
3,1,8,4,2,0.986669
3,1,8,3,0,0.991129
3,1,8,3,1,0.988972
3,1,8,3,2,0.986917
3,1,8,5,0,0.992778
3,1,8,5,1,0.990453
3,1,8,5,2,0.987205
3,1,8,6,0,0.99336
3,1,8,6,1,0.991331
3,1,8,6,2,0.987432
3,1,8,7,0,0.993876
3,1,8,7,1,0.991594
3,1,8,7,2,0.988133
3,1,9,0,0,0.992581
3,1,9,0,1,0.991948
3,1,9,0,2,0.991449
3,1,9,1,0,0.993523
3,1,9,1,1,0.992637
3,1,9,1,2,0.991817
3,1,9,2,0,0.994347
3,1,9,2,1,0.993188
3,1,9,2,2,0.992189
3,1,9,4,0,0.995085
3,1,9,4,1,0.994136
3,1,9,4,2,0.992276
3,1,9,3,0,0.994899
3,1,9,3,1,0.993629
3,1,9,3,2,0.992417
3,1,9,5,0,0.995881
3,1,9,5,1,0.994513
3,1,9,5,2,0.99259
3,1,9,6,0,0.996218
3,1,9,6,1,0.995026
3,1,9,6,2,0.992722
3,1,9,7,0,0.996514
3,1,9,7,1,0.995174
3,1,9,7,2,0.993133
3,1,10,0,0,0.995784
3,1,10,0,1,0.995418
3,1,10,0,2,0.995128
3,1,10,1,0,0.996328
3,1,10,1,1,0.995816
3,1,10,1,2,0.995341
3,1,10,2,0,0.996808
3,1,10,2,1,0.996137
3,1,10,2,2,0.995558
3,1,10,4,0,0.99724
3,1,10,4,1,0.996691
3,1,10,4,2,0.995609
3,1,10,3,0,0.997121
3,1,10,3,1,0.996388
3,1,10,3,2,0.995688
3,1,10,5,0,0.997694
3,1,10,5,1,0.996905
3,1,10,5,2,0.99579
3,1,10,6,0,0.997885
3,1,10,6,1,0.997199
3,1,10,6,2,0.995864
3,1,10,7,0,0.998051
3,1,10,7,1,0.997281
3,1,10,7,2,0.996101
4,0,-10,0,0,0.005071
4,0,-10,0,1,0.003746
4,0,-10,0,2,0.00306
4,0,-10,1,0,0.007603
4,0,-10,1,1,0.005018
4,0,-10,1,2,0.003592
4,0,-10,2,0,0.008516
4,0,-10,2,1,0.005489
4,0,-10,2,2,0.003791
4,0,-10,4,0,0.008606
4,0,-10,4,1,0.006527
4,0,-10,4,2,0.003887
4,0,-10,3,0,0.01276
4,0,-10,3,1,0.007601
4,0,-10,3,2,0.004761
4,0,-10,5,0,0.014483
4,0,-10,5,1,0.00869
4,0,-10,5,2,0.005056
4,0,-10,6,0,0.013494
4,0,-10,6,1,0.008941
4,0,-10,6,2,0.005161
4,0,-10,7,0,0.022576
4,0,-10,7,1,0.012268
4,0,-10,7,2,0.007013
4,0,-9,0,0,0.008894
4,0,-9,0,1,0.006732
4,0,-9,0,2,0.005577
4,0,-9,1,0,0.013011
4,0,-9,1,1,0.008856
4,0,-9,1,2,0.00648
4,0,-9,2,0,0.014637
4,0,-9,2,1,0.009683
4,0,-9,2,2,0.006832
4,0,-9,4,0,0.014977
4,0,-9,4,1,0.011418
4,0,-9,4,2,0.006993
4,0,-9,3,0,0.021258
4,0,-9,3,1,0.013097
4,0,-9,3,2,0.008421
4,0,-9,5,0,0.024199
4,0,-9,5,1,0.014982
4,0,-9,5,2,0.008915
4,0,-9,6,0,0.022775
4,0,-9,6,1,0.015473
4,0,-9,6,2,0.009137
4,0,-9,7,0,0.036678
4,0,-9,7,1,0.02081
4,0,-9,7,2,0.012154
4,0,-8,0,0,0.015301
4,0,-8,0,1,0.011861
4,0,-8,0,2,0.009956
4,0,-8,1,0,0.021826
4,0,-8,1,1,0.01533
4,0,-8,1,2,0.011459
4,0,-8,2,0,0.024639
4,0,-8,2,1,0.01675
4,0,-8,2,2,0.01207
4,0,-8,4,0,0.02555
4,0,-8,4,1,0.019591
4,0,-8,4,2,0.012337
4,0,-8,3,0,0.034627
4,0,-8,3,1,0.022112
4,0,-8,3,2,0.014608
4,0,-8,5,0,0.039517
4,0,-8,5,1,0.025301
4,0,-8,5,2,0.015408
4,0,-8,6,0,0.037629
4,0,-8,6,1,0.026236
4,0,-8,6,2,0.01586
4,0,-8,7,0,0.058001
4,0,-8,7,1,0.034505
4,0,-8,7,2,0.020631
4,0,-7,0,0,0.025845
4,0,-7,0,1,0.020519
4,0,-7,0,2,0.01746
4,0,-7,1,0,0.035898
4,0,-7,1,1,0.026036
4,0,-7,1,2,0.019895
4,0,-7,2,0,0.040569
4,0,-7,2,1,0.028406
4,0,-7,2,2,0.020935
4,0,-7,4,0,0.042644
4,0,-7,4,1,0.032945
4,0,-7,4,2,0.02137
4,0,-7,3,0,0.0551
4,0,-7,3,1,0.036558
4,0,-7,3,2,0.024872
4,0,-7,5,0,0.063008
4,0,-7,5,1,0.04179
4,0,-7,5,2,0.026119
4,0,-7,6,0,0.060762
4,0,-7,6,1,0.043503
4,0,-7,6,2,0.026982
4,0,-7,7,0,0.089096
4,0,-7,7,1,0.055785
4,0,-7,7,2,0.034274
4,0,-6,0,0,0.042808
4,0,-6,0,1,0.034824
4,0,-6,0,2,0.030064
4,0,-6,1,0,0.057788
4,0,-6,1,1,0.043319
4,0,-6,1,2,0.033882
4,0,-6,2,0,0.065177
4,0,-6,2,1,0.047136
4,0,-6,2,2,0.035609
4,0,-6,4,0,0.069415
4,0,-6,4,1,0.05417
4,0,-6,4,2,0.036295
4,0,-6,3,0,0.085505
4,0,-6,3,1,0.059062
4,0,-6,3,2,0.04151
4,0,-6,5,0,0.097895
4,0,-6,5,1,0.067335
4,0,-6,5,2,0.04336
4,0,-6,6,0,0.095636
4,0,-6,6,1,0.070336
4,0,-6,6,2,0.044917
4,0,-6,7,0,0.132711
4,0,-6,7,1,0.087646
4,0,-6,7,2,0.055618
4,0,-5,0,0,0.069325
4,0,-5,0,1,0.0578
4,0,-5,0,2,0.050672
4,0,-5,1,0,0.09078
4,0,-5,1,1,0.070381
4,0,-5,1,2,0.056429
4,0,-5,2,0,0.101867
4,0,-5,2,1,0.076291
4,0,-5,2,2,0.059208
4,0,-5,4,0,0.109739
4,0,-5,4,1,0.086856
4,0,-5,4,2,0.060253
4,0,-5,3,0,0.129045
4,0,-5,3,1,0.092924
4,0,-5,3,2,0.06768
4,0,-5,5,0,0.147684
4,0,-5,5,1,0.105502
4,0,-5,5,2,0.070275
4,0,-5,6,0,0.146114
4,0,-5,6,1,0.110502
4,0,-5,6,2,0.072914
4,0,-5,7,0,0.191332
4,0,-5,7,1,0.133274
4,0,-5,7,2,0.08788
4,0,-4,0,0,0.109396
4,0,-4,0,1,0.093503
4,0,-4,0,2,0.083316
4,0,-4,1,0,0.13865
4,0,-4,1,1,0.11125
4,0,-4,1,2,0.091588
4,0,-4,2,0,0.154515
4,0,-4,2,1,0.120016
4,0,-4,2,2,0.095889
4,0,-4,4,0,0.167645
4,0,-4,4,1,0.135417
4,0,-4,4,2,0.097441
4,0,-4,3,0,0.188758
4,0,-4,3,1,0.141868
4,0,-4,3,2,0.107406
4,0,-4,5,0,0.215368
4,0,-4,5,1,0.160143
4,0,-4,5,2,0.110834
4,0,-4,6,0,0.215425
4,0,-4,6,1,0.167969
4,0,-4,6,2,0.114962
4,0,-4,7,0,0.266405
4,0,-4,7,1,0.195373
4,0,-4,7,2,0.134709
4,0,-3,0,0,0.167562
4,0,-3,0,1,0.146867
4,0,-3,0,2,0.133136
4,0,-3,1,0,0.20505
4,0,-3,1,1,0.170396
4,0,-3,1,2,0.14432
4,0,-3,2,0,0.226615
4,0,-3,2,1,0.182706
4,0,-3,2,2,0.150628
4,0,-3,4,0,0.246409
4,0,-3,4,1,0.204267
4,0,-3,4,2,0.152849
4,0,-3,3,0,0.266637
4,0,-3,3,1,0.209362
4,0,-3,3,2,0.165205
4,0,-3,5,0,0.30221
4,0,-3,5,1,0.234381
4,0,-3,5,2,0.169504
4,0,-3,6,0,0.304643
4,0,-3,6,1,0.245835
4,0,-3,6,2,0.175383
4,0,-3,7,0,0.357341
4,0,-3,7,1,0.275138
4,0,-3,7,2,0.199424
4,0,-2,0,0,0.247697
4,0,-2,0,1,0.222639
4,0,-2,0,2,0.205459
4,0,-2,1,0,0.292126
4,0,-2,1,1,0.251437
4,0,-2,1,2,0.219441
4,0,-2,2,0,0.319648
4,0,-2,2,1,0.267598
4,0,-2,2,2,0.228087
4,0,-2,4,0,0.34674
4,0,-2,4,1,0.296033
4,0,-2,4,2,0.231084
4,0,-2,3,0,0.362026
4,0,-2,3,1,0.296954
4,0,-2,3,2,0.24471
4,0,-2,5,0,0.406139
4,0,-2,5,1,0.328982
4,0,-2,5,2,0.249865
4,0,-2,6,0,0.41121
4,0,-2,6,1,0.344522
4,0,-2,6,2,0.257435
4,0,-2,7,0,0.460601
4,0,-2,7,1,0.371617
4,0,-2,7,2,0.284124
4,0,-1,0,0,0.350915
4,0,-1,0,1,0.323295
4,0,-1,0,2,0.303787
4,0,-1,1,0,0.398426
4,0,-1,1,1,0.354883
4,0,-1,1,2,0.319405
4,0,-1,2,0,0.431014
4,0,-1,2,1,0.374604
4,0,-1,2,2,0.330395
4,0,-1,4,0,0.464599
4,0,-1,4,1,0.409516
4,0,-1,4,2,0.334237
4,0,-1,3,0,0.470642
4,0,-1,3,1,0.402985
4,0,-1,3,2,0.347024
4,0,-1,5,0,0.520961
4,0,-1,5,1,0.441087
4,0,-1,5,2,0.352879
4,0,-1,6,0,0.52698
4,0,-1,6,1,0.458896
4,0,-1,6,2,0.360793
4,0,-1,7,0,0.569329
4,0,-1,7,1,0.480987
4,0,-1,7,2,0.388047
4,0,0,0,0,0.473375
4,0,0,0,1,0.44671
4,0,0,0,2,0.427481
4,0,0,1,0,0.518034
4,0,0,1,1,0.476868
4,0,0,1,2,0.442563
4,0,0,2,0,0.551411
4,0,0,2,1,0.497523
4,0,0,2,2,0.454381
4,0,0,4,0,0.586707
4,0,0,4,1,0.53425
4,0,0,4,2,0.458573
4,0,0,3,0,0.584604
4,0,0,3,1,0.521925
4,0,0,3,2,0.469098
4,0,0,5,0,0.634705
4,0,0,5,1,0.561105
4,0,0,5,2,0.474961
4,0,0,6,0,0.639821
4,0,0,6,1,0.578016
4,0,0,6,2,0.481761
4,0,0,7,0,0.673677
4,0,0,7,1,0.594716
4,0,0,7,2,0.506849
4,0,1,0,0,0.598671
4,0,1,0,1,0.575957
4,0,1,0,2,0.559388
4,0,1,1,0,0.636144
4,0,1,1,1,0.601498
4,0,1,1,2,0.572246
4,0,1,2,0,0.665473
4,0,1,2,1,0.619848
4,0,1,2,2,0.58288
4,0,1,4,0,0.696891
4,0,1,4,1,0.65255
4,0,1,4,2,0.586676
4,0,1,3,0,0.691318
4,0,1,3,1,0.639201
4,0,1,3,2,0.594778
4,0,1,5,0,0.734698
4,0,1,5,1,0.673696
4,0,1,5,2,0.599868
4,0,1,6,0,0.738788
4,0,1,6,1,0.688025
4,0,1,6,2,0.605297
4,0,1,7,0,0.764192
4,0,1,7,1,0.699963
4,0,1,7,2,0.626055
4,0,2,0,0,0.708729
4,0,2,0,1,0.69081
4,0,2,0,2,0.677629
4,0,2,1,0,0.737947
4,0,2,1,1,0.710858
4,0,2,1,2,0.687771
4,0,2,2,0,0.761628
4,0,2,2,1,0.725792
4,0,2,2,2,0.696501
4,0,2,4,0,0.787215
4,0,2,4,1,0.752447
4,0,2,4,2,0.699633
4,0,2,3,0,0.780594
4,0,2,3,1,0.740207
4,0,2,3,2,0.705503
4,0,2,5,0,0.815243
4,0,2,5,1,0.768097
4,0,2,5,2,0.709581
4,0,2,6,0,0.818253
4,0,2,6,1,0.779317
4,0,2,6,2,0.713621
4,0,2,7,0,0.836389
4,0,2,7,1,0.787445
4,0,2,7,2,0.729654
4,0,3,0,0,0.79755
4,0,3,0,1,0.78427
4,0,3,0,2,0.77444
4,0,3,1,0,0.819006
4,0,3,1,1,0.799066
4,0,3,1,2,0.781952
4,0,3,2,0,0.836868
4,0,3,2,1,0.810395
4,0,3,2,2,0.788618
4,0,3,4,0,0.856283
4,0,3,4,1,0.830641
4,0,3,4,2,0.791018
4,0,3,3,0,0.850119
4,0,3,3,1,0.820592
4,0,3,3,2,0.795068
4,0,3,5,0,0.876043
4,0,3,5,1,0.841651
4,0,3,5,2,0.798128
4,0,3,6,0,0.878134
4,0,3,6,1,0.849907
4,0,3,6,2,0.800976
4,0,3,7,0,0.890537
4,0,3,7,1,0.85522
4,0,3,7,2,0.81267
4,0,4,0,0,0.864515
4,0,4,0,1,0.855163
4,0,4,0,2,0.848206
4,0,4,1,0,0.879513
4,0,4,1,1,0.865546
4,0,4,1,2,0.853492
4,0,4,2,0,0.892272
4,0,4,2,1,0.873674
4,0,4,2,2,0.858298
4,0,4,4,0,0.906202
4,0,4,4,1,0.888215
4,0,4,4,2,0.860034
4,0,4,3,0,0.901152
4,0,4,3,1,0.88058
4,0,4,3,2,0.862715
4,0,4,5,0,0.919551
4,0,4,5,1,0.895635
4,0,4,5,2,0.864891
4,0,4,6,0,0.920932
4,0,4,6,1,0.901407
4,0,4,6,2,0.866809
4,0,4,7,0,0.929108
4,0,4,7,1,0.904761
4,0,4,7,2,0.874943
4,0,5,0,0,0.912327
4,0,5,0,1,0.90602
4,0,5,0,2,0.90131
4,0,5,1,0,0.92238
4,0,5,1,1,0.913001
4,0,5,1,2,0.904872
4,0,5,2,0,0.931084
4,0,5,2,1,0.918566
4,0,5,2,2,0.908175
4,0,5,4,0,0.94062
4,0,5,4,1,0.928528
4,0,5,4,2,0.909371
4,0,5,3,0,0.936828
4,0,5,3,1,0.923073
4,0,5,3,2,0.911084
4,0,5,5,0,0.949315
4,0,5,5,1,0.93335
4,0,5,5,2,0.912565
4,0,5,6,0,0.950192
4,0,5,6,1,0.937216
4,0,5,6,2,0.913807
4,0,5,7,0,0.95541
4,0,5,7,1,0.939272
4,0,5,7,2,0.91924
4,0,6,0,0,0.944931
4,0,6,0,1,0.94083
4,0,6,0,2,0.937758
4,0,6,1,0,0.951434
4,0,6,1,1,0.945357
4,0,6,1,2,0.940072
4,0,6,2,0,0.957146
4,0,6,2,1,0.94902
4,0,6,2,2,0.942253
4,0,6,4,0,0.963422
4,0,6,4,1,0.955581
4,0,6,4,2,0.943044
4,0,6,3,0,0.960749
4,0,6,3,1,0.95187
4,0,6,3,2,0.944107
4,0,6,5,0,0.96891
4,0,6,5,1,0.958619
4,0,6,5,2,0.945076
4,0,6,6,0,0.96945
4,0,6,6,1,0.961117
4,0,6,6,2,0.945856
4,0,6,7,0,0.972686
4,0,6,7,1,0.962344
4,0,6,7,2,0.94936
4,0,7,0,0,0.966323
4,0,7,0,1,0.963739
4,0,7,0,2,0.961798
4,0,7,1,0,0.970402
4,0,7,1,1,0.966585
4,0,7,1,2,0.963255
4,0,7,2,0,0.974029
4,0,7,2,1,0.968917
4,0,7,2,2,0.964647
4,0,7,4,0,0.978024
4,0,7,4,1,0.973096
4,0,7,4,2,0.965153
4,0,7,3,0,0.976228
4,0,7,3,1,0.970668
4,0,7,3,2,0.965795
4,0,7,5,0,0.981393
4,0,7,5,1,0.974956
4,0,7,5,2,0.96641
4,0,7,6,0,0.981716
4,0,7,6,1,0.976522
4,0,7,6,2,0.966886
4,0,7,7,0,0.983671
4,0,7,7,1,0.977236
4,0,7,7,2,0.969078
4,0,8,0,0,0.979904
4,0,8,0,1,0.978321
4,0,8,0,2,0.977129
4,0,8,1,0,0.982393
4,0,8,1,1,0.980061
4,0,8,1,2,0.978021
4,0,8,2,0,0.984632
4,0,8,2,1,0.981503
4,0,8,2,2,0.978884
4,0,8,4,0,0.987102
4,0,8,4,1,0.984089
4,0,8,4,2,0.979198
4,0,8,3,0,0.98594
4,0,8,3,1,0.982552
4,0,8,3,2,0.979576
4,0,8,5,0,0.989118
4,0,8,5,1,0.9852
4,0,8,5,2,0.979954
4,0,8,6,0,0.989307
4,0,8,6,1,0.986155
4,0,8,6,2,0.980238
4,0,8,7,0,0.990459
4,0,8,7,1,0.98656
4,0,8,7,2,0.981573
4,0,9,0,0,0.988284
4,0,9,0,1,0.987339
4,0,9,0,2,0.986625
4,0,9,1,0,0.989765
4,0,9,1,1,0.988376
4,0,9,1,2,0.987157
4,0,9,2,0,0.991111
4,0,9,2,1,0.989245
4,0,9,2,2,0.987678
4,0,9,4,0,0.992599
4,0,9,4,1,0.990803
4,0,9,4,2,0.987868
4,0,9,3,0,0.99187
4,0,9,3,1,0.989857
4,0,9,3,2,0.988085
4,0,9,5,0,0.993775
4,0,9,5,1,0.99145
4,0,9,5,2,0.988313
4,0,9,6,0,0.993882
4,0,9,6,1,0.992017
4,0,9,6,2,0.988477
4,0,9,7,0,0.994546
4,0,9,7,1,0.992242
4,0,9,7,2,0.98927
4,0,10,0,0,0.993321
4,0,10,0,1,0.992771
4,0,10,0,2,0.992355
4,0,10,1,0,0.994181
4,0,10,1,1,0.993374
4,0,10,1,2,0.992664
4,0,10,2,0,0.99497
4,0,10,2,1,0.993884
4,0,10,2,2,0.992971
4,0,10,4,0,0.995843
4,0,10,4,1,0.994799
4,0,10,4,2,0.993083
4,0,10,3,0,0.9954
4,0,10,3,1,0.994233
4,0,10,3,2,0.993204
4,0,10,5,0,0.996513
4,0,10,5,1,0.995167
4,0,10,5,2,0.993337
4,0,10,6,0,0.996572
4,0,10,6,1,0.995495
4,0,10,6,2,0.99343
4,0,10,7,0,0.996946
4,0,10,7,1,0.995617
4,0,10,7,2,0.99389
4,1,-10,0,0,0.007935
4,1,-10,0,1,0.005969
4,1,-10,0,2,0.004789
4,1,-10,1,0,0.011655
4,1,-10,1,1,0.008028
4,1,-10,1,2,0.005669
4,1,-10,2,0,0.012892
4,1,-10,2,1,0.008818
4,1,-10,2,2,0.006048
4,1,-10,4,0,0.014101
4,1,-10,4,1,0.009491
4,1,-10,4,2,0.006111
4,1,-10,3,0,0.018879
4,1,-10,3,1,0.012052
4,1,-10,3,2,0.00747
4,1,-10,5,0,0.019419
4,1,-10,5,1,0.01306
4,1,-10,5,2,0.007422
4,1,-10,6,0,0.022119
4,1,-10,6,1,0.014875
4,1,-10,6,2,0.007863
4,1,-10,7,0,0.028724
4,1,-10,7,1,0.018997
4,1,-10,7,2,0.010296
4,1,-9,0,0,0.01387
4,1,-9,0,1,0.010691
4,1,-9,0,2,0.008732
4,1,-9,1,0,0.019836
4,1,-9,1,1,0.014084
4,1,-9,1,2,0.010204
4,1,-9,2,0,0.021927
4,1,-9,2,1,0.015414
4,1,-9,2,2,0.010869
4,1,-9,4,0,0.023757
4,1,-9,4,1,0.01664
4,1,-9,4,2,0.010976
4,1,-9,3,0,0.031242
4,1,-9,3,1,0.020616
4,1,-9,3,2,0.013185
4,1,-9,5,0,0.032294
4,1,-9,5,1,0.02228
4,1,-9,5,2,0.013142
4,1,-9,6,0,0.036565
4,1,-9,6,1,0.025344
4,1,-9,6,2,0.013892
4,1,-9,7,0,0.046559
4,1,-9,7,1,0.031714
4,1,-9,7,2,0.0178
4,1,-8,0,0,0.023696
4,1,-8,0,1,0.018707
4,1,-8,0,2,0.015546
4,1,-8,1,0,0.032969
4,1,-8,1,1,0.024134
4,1,-8,1,2,0.017941
4,1,-8,2,0,0.036414
4,1,-8,2,1,0.026315
4,1,-8,2,2,0.019075
4,1,-8,4,0,0.039143
4,1,-8,4,1,0.028489
4,1,-8,4,2,0.019255
4,1,-8,3,0,0.050384
4,1,-8,3,1,0.034404
4,1,-8,3,2,0.02273
4,1,-8,5,0,0.052388
4,1,-8,5,1,0.037091
4,1,-8,5,2,0.022726
4,1,-8,6,0,0.0589
4,1,-8,6,1,0.042107
4,1,-8,6,2,0.023967
4,1,-8,7,0,0.073403
4,1,-8,7,1,0.051557
4,1,-8,7,2,0.030034
4,1,-7,0,0,0.03954
4,1,-7,0,1,0.031964
4,1,-7,0,2,0.027029
4,1,-7,1,0,0.053463
4,1,-7,1,1,0.040352
4,1,-7,1,2,0.0308
4,1,-7,2,0,0.058965
4,1,-7,2,1,0.04383
4,1,-7,2,2,0.03268
4,1,-7,4,0,0.063068
4,1,-7,4,1,0.047576
4,1,-7,4,2,0.032977
4,1,-7,3,0,0.079056
4,1,-7,3,1,0.05592
4,1,-7,3,2,0.038232
4,1,-7,5,0,0.082845
4,1,-7,5,1,0.060166
4,1,-7,5,2,0.038342
4,1,-7,6,0,0.092318
4,1,-7,6,1,0.068092
4,1,-7,6,2,0.040333
4,1,-7,7,0,0.112416
4,1,-7,7,1,0.081433
4,1,-7,7,2,0.049376
4,1,-6,0,0,0.064352
4,1,-6,0,1,0.05327
4,1,-6,0,2,0.045857
4,1,-6,1,0,0.08446
4,1,-6,1,1,0.065723
4,1,-6,1,2,0.051574
4,1,-6,2,0,0.092924
4,1,-6,2,1,0.071098
4,1,-6,2,2,0.054586
4,1,-6,4,0,0.099023
4,1,-6,4,1,0.077326
4,1,-6,4,2,0.055061
4,1,-6,3,0,0.120546
4,1,-6,3,1,0.088334
4,1,-6,3,2,0.062648
4,1,-6,5,0,0.127321
4,1,-6,5,1,0.094915
4,1,-6,5,2,0.063007
4,1,-6,6,0,0.14043
4,1,-6,6,1,0.106907
4,1,-6,6,2,0.066082
4,1,-6,7,0,0.166884
4,1,-6,7,1,0.124681
4,1,-6,7,2,0.078936
4,1,-5,0,0,0.101909
4,1,-5,0,1,0.08639
4,1,-5,0,2,0.075748
4,1,-5,1,0,0.129653
4,1,-5,1,1,0.104031
4,1,-5,1,2,0.084032
4,1,-5,2,0,0.142174
4,1,-5,2,1,0.11202
4,1,-5,2,2,0.088663
4,1,-5,4,0,0.150984
4,1,-5,4,1,0.121985
4,1,-5,4,2,0.089402
4,1,-5,3,0,0.178161
4,1,-5,3,1,0.135266
4,1,-5,3,2,0.099769
4,1,-5,5,0,0.189417
4,1,-5,5,1,0.145244
4,1,-5,5,2,0.100591
4,1,-5,6,0,0.206691
4,1,-5,6,1,0.162416
4,1,-5,6,2,0.105124
4,1,-5,7,0,0.23928
4,1,-5,7,1,0.184488
4,1,-5,7,2,0.122433
4,1,-4,0,0,0.156521
4,1,-4,0,1,0.13591
4,1,-4,0,2,0.121427
4,1,-4,1,0,0.192718
4,1,-4,1,1,0.159556
4,1,-4,1,2,0.1328
4,1,-4,2,0,0.210405
4,1,-4,2,1,0.170846
4,1,-4,2,2,0.139575
4,1,-4,4,0,0.222894
4,1,-4,4,1,0.186077
4,1,-4,4,2,0.140679
4,1,-4,3,0,0.254159
4,1,-4,3,1,0.200195
4,1,-4,3,2,0.153911
4,1,-4,5,0,0.271609
4,1,-4,5,1,0.214759
4,1,-4,5,2,0.155473
4,1,-4,6,0,0.29317
4,1,-4,6,1,0.237836
4,1,-4,6,2,0.161844
4,1,-4,7,0,0.330045
4,1,-4,7,1,0.262904
4,1,-4,7,2,0.183638
4,1,-3,0,0,0.232192
4,1,-3,0,1,0.206546
4,1,-3,0,2,0.188065
4,1,-3,1,0,0.276239
4,1,-3,1,1,0.236139
4,1,-3,1,2,0.202663
4,1,-3,2,0,0.29993
4,1,-3,2,1,0.251227
4,1,-3,2,2,0.212016
4,1,-3,4,0,0.317173
4,1,-3,4,1,0.273219
4,1,-3,4,2,0.213637
4,1,-3,3,0,0.348467
4,1,-3,3,1,0.285164
4,1,-3,3,2,0.22897
4,1,-3,5,0,0.373687
4,1,-3,5,1,0.305496
4,1,-3,5,2,0.231646
4,1,-3,6,0,0.398653
4,1,-3,6,1,0.334187
4,1,-3,6,2,0.240011
4,1,-3,7,0,0.435857
4,1,-3,7,1,0.359168
4,1,-3,7,2,0.264799
4,1,-2,0,0,0.331184
4,1,-2,0,1,0.301804
4,1,-2,0,2,0.280076
4,1,-2,1,0,0.380278
4,1,-2,1,1,0.335706
4,1,-2,1,2,0.297243
4,1,-2,2,0,0.409772
4,1,-2,2,1,0.354552
4,1,-2,2,2,0.309245
4,1,-2,4,0,0.432041
4,1,-2,4,1,0.383844
4,1,-2,4,2,0.311525
4,1,-2,3,0,0.457582
4,1,-2,3,1,0.389251
4,1,-2,3,2,0.326881
4,1,-2,5,0,0.490618
4,1,-2,5,1,0.416031
4,1,-2,5,2,0.331081
4,1,-2,6,0,0.51732
4,1,-2,6,1,0.448387
4,1,-2,6,2,0.341116
4,1,-2,7,0,0.54985
4,1,-2,7,1,0.469496
4,1,-2,7,2,0.3661
4,1,-1,0,0,0.451559
4,1,-1,0,1,0.421363
4,1,-1,0,2,0.398473
4,1,-1,1,0,0.500192
4,1,-1,1,1,0.455687
4,1,-1,1,2,0.416227
4,1,-1,2,0,0.533552
4,1,-1,2,1,0.477346
4,1,-1,2,2,0.430358
4,1,-1,4,0,0.560377
4,1,-1,4,1,0.512616
4,1,-1,4,2,0.433314
4,1,-1,3,0,0.574403
4,1,-1,3,1,0.507845
4,1,-1,3,2,0.44599
4,1,-1,5,0,0.61288
4,1,-1,5,1,0.540286
4,1,-1,5,2,0.451695
4,1,-1,6,0,0.636962
4,1,-1,6,1,0.571114
4,1,-1,6,2,0.461127
4,1,-1,7,0,0.662449
4,1,-1,7,1,0.586837
4,1,-1,7,2,0.484191
4,1,0,0,0,0.585015
4,1,0,0,1,0.558555
4,1,0,0,2,0.538177
4,1,0,1,0,0.626422
4,1,0,1,1,0.588147
4,1,0,1,2,0.553666
4,1,0,2,0,0.657658
4,1,0,2,1,0.60869
4,1,0,2,2,0.567263
4,1,0,4,0,0.683994
4,1,0,4,1,0.642938
4,1,0,4,2,0.570263
4,1,0,3,0,0.688654
4,1,0,3,1,0.632288
4,1,0,3,2,0.579405
4,1,0,5,0,0.725189
4,1,0,5,1,0.663981
4,1,0,5,2,0.585248
4,1,0,6,0,0.743554
4,1,0,6,1,0.68883
4,1,0,6,2,0.59241
4,1,0,7,0,0.762193
4,1,0,7,1,0.699803
4,1,0,7,2,0.611538
4,1,1,0,0,0.708501
4,1,1,0,1,0.688319
4,1,1,0,2,0.67266
4,1,1,1,0,0.739673
4,1,1,1,1,0.710744
4,1,1,1,2,0.68447
4,1,1,2,0,0.764184
4,1,1,2,1,0.726939
4,1,1,2,2,0.695251
4,1,1,4,0,0.785204
4,1,1,4,1,0.75421
4,1,1,4,2,0.697678
4,1,1,3,0,0.786095
4,1,1,3,1,0.74383
4,1,1,3,2,0.703967
4,1,1,5,0,0.814944
4,1,1,5,1,0.769116
4,1,1,5,2,0.708723
4,1,1,6,0,0.828097
4,1,1,6,1,0.787412
4,1,1,6,2,0.713883
4,1,1,7,0,0.840838
4,1,1,7,1,0.794664
4,1,1,7,2,0.728009
4,1,2,0,0,0.804905
4,1,2,0,1,0.790536
4,1,2,0,2,0.779324
4,1,2,1,0,0.826863
4,1,2,1,1,0.806409
4,1,2,1,2,0.787722
4,1,2,2,0,0.844704
4,1,2,2,1,0.818244
4,1,2,2,2,0.795633
4,1,2,4,0,0.860215
4,1,2,4,1,0.838312
4,1,2,4,2,0.797442
4,1,2,3,0,0.859353
4,1,2,3,1,0.829648
4,1,2,3,2,0.801529
4,1,2,5,0,0.880441
4,1,2,5,1,0.84829
4,1,2,5,2,0.805082
4,1,2,6,0,0.889291
4,1,2,6,1,0.860905
4,1,2,6,2,0.808554
4,1,2,7,0,0.897616
4,1,2,7,1,0.865502
4,1,2,7,2,0.818384
4,1,3,0,0,0.874814
4,1,3,0,1,0.86517
4,1,3,0,2,0.857615
4,1,3,1,0,0.889438
4,1,3,1,1,0.875778
4,1,3,1,2,0.863244
4,1,3,2,0,0.901602
4,1,3,2,1,0.883869
4,1,3,2,2,0.868669
4,1,3,4,0,0.912281
4,1,3,4,1,0.897654
4,1,3,4,2,0.869922
4,1,3,3,0,0.910981
4,1,3,3,1,0.891226
4,1,3,3,2,0.872477
4,1,3,5,0,0.925399
4,1,3,5,1,0.904048
4,1,3,5,2,0.874942
4,1,3,6,0,0.931085
4,1,3,6,1,0.912311
4,1,3,6,2,0.87717
4,1,3,7,0,0.936326
4,1,3,7,1,0.915132
4,1,3,7,2,0.883663
4,1,4,0,0,0.922356
4,1,4,0,1,0.916167
4,1,4,0,2,0.911304
4,1,4,1,0,0.931688
4,1,4,1,1,0.922953
4,1,4,1,2,0.914914
4,1,4,2,0,0.939583
4,1,4,2,1,0.928215
4,1,4,2,2,0.918449
4,1,4,4,0,0.946561
4,1,4,4,1,0.93721
4,1,4,4,2,0.919271
4,1,4,3,0,0.945388
4,1,4,3,1,0.932796
4,1,4,3,2,0.920823
4,1,4,5,0,0.954765
4,1,4,5,1,0.94117
4,1,4,5,2,0.922443
4,1,4,6,0,0.958296
4,1,4,6,1,0.946378
4,1,4,6,2,0.923825
4,1,4,7,0,0.961494
4,1,4,7,1,0.948063
4,1,4,7,2,0.927942
4,1,5,0,0,0.953157
4,1,5,0,1,0.949317
4,1,5,0,2,0.946294
4,1,5,1,0,0.958918
4,1,5,1,1,0.953516
4,1,5,1,2,0.948531
4,1,5,2,0,0.963861
4,1,5,2,1,0.956816
4,1,5,2,2,0.950752
4,1,5,4,0,0.968254
4,1,5,4,1,0.962471
4,1,5,4,2,0.951271
4,1,5,3,0,0.967353
4,1,5,3,1,0.959585
4,1,5,3,2,0.952188
4,1,5,5,0,0.973232
4,1,5,5,1,0.964854
4,1,5,5,2,0.953212
4,1,5,6,0,0.975362
4,1,5,6,1,0.968035
4,1,5,6,2,0.954044
4,1,5,7,0,0.977264
4,1,5,7,1,0.969018
4,1,5,7,2,0.956573
4,1,6,0,0,0.972412
4,1,6,0,1,0.970099
4,1,6,0,2,0.968274
4,1,6,1,0,0.975869
4,1,6,1,1,0.972623
4,1,6,1,2,0.969621
4,1,6,2,0,0.97887
4,1,6,2,1,0.974628
4,1,6,2,2,0.970972
4,1,6,4,0,0.981548
4,1,6,4,1,0.978072
4,1,6,4,2,0.97129
4,1,6,3,0,0.980921
4,1,6,3,1,0.976262
4,1,6,3,2,0.97182
4,1,6,5,0,0.984494
4,1,6,5,1,0.979473
4,1,6,5,2,0.972446
4,1,6,6,0,0.985746
4,1,6,6,1,0.981364
4,1,6,6,2,0.972934
4,1,6,7,0,0.986855
4,1,6,7,1,0.981928
4,1,6,7,2,0.974448
4,1,7,0,0,0.984086
4,1,7,0,1,0.982726
4,1,7,0,2,0.981651
4,1,7,1,0,0.986113
4,1,7,1,1,0.984207
4,1,7,1,2,0.982443
4,1,7,2,0,0.987887
4,1,7,2,1,0.985394
4,1,7,2,2,0.983243
4,1,7,4,0,0.989475
4,1,7,4,1,0.987435
4,1,7,4,2,0.983432
4,1,7,3,0,0.98907
4,1,7,3,1,0.98634
4,1,7,3,2,0.983735
4,1,7,5,0,0.991185
4,1,7,5,1,0.988244
4,1,7,5,2,0.984107
4,1,7,6,0,0.991907
4,1,7,6,1,0.989345
4,1,7,6,2,0.984388
4,1,7,7,0,0.992542
4,1,7,7,1,0.989664
4,1,7,7,2,0.985273
4,1,8,0,0,0.990981
4,1,8,0,1,0.990196
4,1,8,0,2,0.989574
4,1,8,1,0,0.992149
4,1,8,1,1,0.99105
4,1,8,1,2,0.990032
4,1,8,2,0,0.993178
4,1,8,2,1,0.991739
4,1,8,2,2,0.990497
4,1,8,4,0,0.994102
4,1,8,4,1,0.992926
4,1,8,4,2,0.990607
4,1,8,3,0,0.993849
4,1,8,3,1,0.992278
4,1,8,3,2,0.990776
4,1,8,5,0,0.995077
4,1,8,5,1,0.993385
4,1,8,5,2,0.990994
4,1,8,6,0,0.995489
4,1,8,6,1,0.994016
4,1,8,6,2,0.991154
4,1,8,7,0,0.995844
4,1,8,7,1,0.994192
4,1,8,7,2,0.991662
4,1,9,0,0,0.994978
4,1,9,0,1,0.994532
4,1,9,0,2,0.994178
4,1,9,1,0,0.99564
4,1,9,1,1,0.995017
4,1,9,1,2,0.994438
4,1,9,2,0,0.996228
4,1,9,2,1,0.995411
4,1,9,2,2,0.994704
4,1,9,4,0,0.996759
4,1,9,4,1,0.996092
4,1,9,4,2,0.994768
4,1,9,3,0,0.996601
4,1,9,3,1,0.995711
4,1,9,3,2,0.99486
4,1,9,5,0,0.997304
4,1,9,5,1,0.996347
4,1,9,5,2,0.994985
4,1,9,6,0,0.997533
4,1,9,6,1,0.996702
4,1,9,6,2,0.995075
4,1,9,7,0,0.997728
4,1,9,7,1,0.996796
4,1,9,7,2,0.995361
4,1,10,0,0,0.997262
4,1,10,0,1,0.997014
4,1,10,0,2,0.996817
4,1,10,1,0,0.997629
4,1,10,1,1,0.997283
4,1,10,1,2,0.996962
4,1,10,2,0,0.997958
4,1,10,2,1,0.997504
4,1,10,2,2,0.997111
4,1,10,4,0,0.998256
4,1,10,4,1,0.997887
4,1,10,4,2,0.997147
4,1,10,3,0,0.99816
4,1,10,3,1,0.997667
4,1,10,3,2,0.997196
4,1,10,5,0,0.998554
4,1,10,5,1,0.998025
4,1,10,5,2,0.997266
4,1,10,6,0,0.998678
4,1,10,6,1,0.998219
4,1,10,6,2,0.997315
4,1,10,7,0,0.998783
4,1,10,7,1,0.998269
4,1,10,7,2,0.997473
5,0,-10,0,0,0.003319
5,0,-10,0,1,0.002312
5,0,-10,0,2,0.001821
5,0,-10,1,0,0.005255
5,0,-10,1,1,0.003236
5,0,-10,1,2,0.002195
5,0,-10,2,0,0.005844
5,0,-10,2,1,0.003547
5,0,-10,2,2,0.002323
5,0,-10,4,0,0.005743
5,0,-10,4,1,0.004299
5,0,-10,4,2,0.00239
5,0,-10,3,0,0.009325
5,0,-10,3,1,0.005185
5,0,-10,3,2,0.003055
5,0,-10,5,0,0.010532
5,0,-10,5,1,0.005925
5,0,-10,5,2,0.003273
5,0,-10,6,0,0.00961
5,0,-10,6,1,0.006046
5,0,-10,6,2,0.003308
5,0,-10,7,0,0.017323
5,0,-10,7,1,0.008678
5,0,-10,7,2,0.004729
5,0,-9,0,0,0.006066
5,0,-9,0,1,0.004352
5,0,-9,0,2,0.003487
5,0,-9,1,0,0.009352
5,0,-9,1,1,0.005969
5,0,-9,1,2,0.004154
5,0,-9,2,0,0.010493
5,0,-9,2,1,0.006545
5,0,-9,2,2,0.004389
5,0,-9,4,0,0.010462
5,0,-9,4,1,0.007855
5,0,-9,4,2,0.004507
5,0,-9,3,0,0.016168
5,0,-9,3,1,0.00932
5,0,-9,3,2,0.005646
5,0,-9,5,0,0.018345
5,0,-9,5,1,0.010677
5,0,-9,5,2,0.006033
5,0,-9,6,0,0.016909
5,0,-9,6,1,0.010944
5,0,-9,6,2,0.006134
5,0,-9,7,0,0.02937
5,0,-9,7,1,0.015411
5,0,-9,7,2,0.008567
5,0,-8,0,0,0.010853
5,0,-8,0,1,0.008008
5,0,-8,0,2,0.006509
5,0,-8,1,0,0.016291
5,0,-8,1,1,0.010778
5,0,-8,1,2,0.007678
5,0,-8,2,0,0.018438
5,0,-8,2,1,0.011834
5,0,-8,2,2,0.008108
5,0,-8,4,0,0.0187
5,0,-8,4,1,0.014076
5,0,-8,4,2,0.008314
5,0,-8,3,0,0.027353
5,0,-8,3,1,0.0164
5,0,-8,3,2,0.01021
5,0,-8,5,0,0.031168
5,0,-8,5,1,0.018843
5,0,-8,5,2,0.010879
5,0,-8,6,0,0.029117
5,0,-8,6,1,0.019425
5,0,-8,6,2,0.011137
5,0,-8,7,0,0.048343
5,0,-8,7,1,0.026752
5,0,-8,7,2,0.015186
5,0,-7,0,0,0.019086
5,0,-7,0,1,0.014485
5,0,-7,0,2,0.011951
5,0,-7,1,0,0.027844
5,0,-7,1,1,0.019117
5,0,-7,1,2,0.013951
5,0,-7,2,0,0.031694
5,0,-7,2,1,0.020993
5,0,-7,2,2,0.014728
5,0,-7,4,0,0.032747
5,0,-7,4,1,0.024739
5,0,-7,4,2,0.015078
5,0,-7,3,0,0.045179
5,0,-7,3,1,0.028282
5,0,-7,3,2,0.018149
5,0,-7,5,0,0.051691
5,0,-7,5,1,0.032537
5,0,-7,5,2,0.019257
5,0,-7,6,0,0.049039
5,0,-7,6,1,0.033736
5,0,-7,6,2,0.019839
5,0,-7,7,0,0.077059
5,0,-7,7,1,0.045276
5,0,-7,7,2,0.026344
5,0,-6,0,0,0.032975
5,0,-6,0,1,0.025761
5,0,-6,0,2,0.021604
5,0,-6,1,0,0.046643
5,0,-6,1,1,0.033277
5,0,-6,1,2,0.02492
5,0,-6,2,0,0.053118
5,0,-6,2,1,0.036483
5,0,-6,2,2,0.026291
5,0,-6,4,0,0.05598
5,0,-6,4,1,0.042518
5,0,-6,4,2,0.026868
5,0,-6,3,0,0.072763
5,0,-6,3,1,0.047697
5,0,-6,3,2,0.031692
5,0,-6,5,0,0.08358
5,0,-6,5,1,0.054807
5,0,-6,5,2,0.033425
5,0,-6,6,0,0.08063
5,0,-6,6,1,0.057136
5,0,-6,6,2,0.03463
5,0,-6,7,0,0.118785
5,0,-6,7,1,0.074395
5,0,-6,7,2,0.044672
5,0,-5,0,0,0.055769
5,0,-5,0,1,0.044864
5,0,-5,0,2,0.038293
5,0,-5,1,0,0.076302
5,0,-5,1,1,0.056616
5,0,-5,1,2,0.043588
5,0,-5,2,0,0.086484
5,0,-5,2,1,0.061867
5,0,-5,2,2,0.045944
5,0,-5,4,0,0.092917
5,0,-5,4,1,0.071287
5,0,-5,4,2,0.046857
5,0,-5,3,0,0.113912
5,0,-5,3,1,0.078315
5,0,-5,3,2,0.054129
5,0,-5,5,0,0.131195
5,0,-5,5,1,0.089738
5,0,-5,5,2,0.056661
5,0,-5,6,0,0.128797
5,0,-5,6,1,0.094007
5,0,-5,6,2,0.058971
5,0,-5,7,0,0.176773
5,0,-5,7,1,0.118007
5,0,-5,7,2,0.073736
5,0,-4,0,0,0.092
5,0,-4,0,1,0.076239
5,0,-4,0,2,0.066323
5,0,-4,1,0,0.121363
5,0,-4,1,1,0.093756
5,0,-4,1,2,0.074387
5,0,-4,2,0,0.136611
5,0,-4,2,1,0.102009
5,0,-4,2,2,0.078294
5,0,-4,4,0,0.148659
5,0,-4,4,1,0.116409
5,0,-4,4,2,0.079717
5,0,-4,3,0,0.172622
5,0,-4,3,1,0.124688
5,0,-4,3,2,0.090059
5,0,-4,5,0,0.198725
5,0,-4,5,1,0.142241
5,0,-4,5,2,0.093487
5,0,-4,6,0,0.198201
5,0,-4,6,1,0.149498
5,0,-4,6,2,0.097483
5,0,-4,7,0,0.253376
5,0,-4,7,1,0.179719
5,0,-4,7,2,0.117957
5,0,-3,0,0,0.147492
5,0,-3,0,1,0.126008
5,0,-3,0,2,0.111906
5,0,-3,1,0,0.186851
5,0,-3,1,1,0.150505
5,0,-3,1,2,0.123456
5,0,-3,2,0,0.208588
5,0,-3,2,1,0.162761
5,0,-3,2,2,0.129592
5,0,-3,4,0,0.22825
5,0,-3,4,1,0.184079
5,0,-3,4,2,0.131744
5,0,-3,3,0,0.252194
5,0,-3,3,1,0.191706
5,0,-3,3,2,0.145315
5,0,-3,5,0,0.288779
5,0,-3,5,1,0.216934
5,0,-3,5,2,0.1497
5,0,-3,6,0,0.29131
5,0,-3,6,1,0.228479
5,0,-3,6,2,0.155896
5,0,-3,7,0,0.348735
5,0,-3,7,1,0.261445
5,0,-3,7,2,0.181661
5,0,-2,0,0,0.2282
5,0,-2,0,1,0.201083
5,0,-2,0,2,0.182547
5,0,-2,1,0,0.276686
5,0,-2,1,1,0.232532
5,0,-2,1,2,0.197797
5,0,-2,2,0,0.305801
5,0,-2,2,1,0.249494
5,0,-2,2,2,0.206773
5,0,-2,4,0,0.334506
5,0,-2,4,1,0.279245
5,0,-2,4,2,0.209839
5,0,-2,3,0,0.352801
5,0,-2,3,1,0.282205
5,0,-2,3,2,0.225296
5,0,-2,5,0,0.400049
5,0,-2,5,1,0.316038
5,0,-2,5,2,0.230725
5,0,-2,6,0,0.406529
5,0,-2,6,1,0.333359
5,0,-2,6,2,0.239467
5,0,-2,7,0,0.459439
5,0,-2,7,1,0.363009
5,0,-2,7,2,0.268412
5,0,-1,0,0,0.337744
5,0,-1,0,1,0.306937
5,0,-1,0,2,0.285064
5,0,-1,1,0,0.390621
5,0,-1,1,1,0.342321
5,0,-1,1,2,0.302629
5,0,-1,2,0,0.427119
5,0,-1,2,1,0.36446
5,0,-1,2,2,0.315015
5,0,-1,4,0,0.465099
5,0,-1,4,1,0.403659
5,0,-1,4,2,0.31932
5,0,-1,3,0,0.47014
5,0,-1,3,1,0.395606
5,0,-1,3,2,0.333409
5,0,-1,5,0,0.526348
5,0,-1,5,1,0.438288
5,0,-1,5,2,0.339896
5,0,-1,6,0,0.533885
5,0,-1,6,1,0.458792
5,0,-1,6,2,0.349031
5,0,-1,7,0,0.577688
5,0,-1,7,1,0.481449
5,0,-1,7,2,0.37884
5,0,0,0,0,0.475188
5,0,0,0,1,0.445839
5,0,0,0,2,0.424491
5,0,0,1,0,0.523834
5,0,0,1,1,0.478933
5,0,0,1,2,0.441125
5,0,0,2,0,0.561366
5,0,0,2,1,0.502342
5,0,0,2,2,0.454642
5,0,0,4,0,0.601479
5,0,0,4,1,0.544026
5,0,0,4,2,0.459454
5,0,0,3,0,0.595615
5,0,0,3,1,0.527896
5,0,0,3,2,0.470278
5,0,0,5,0,0.651383
5,0,0,5,1,0.572013
5,0,0,5,2,0.476803
5,0,0,6,0,0.656931
5,0,0,6,1,0.590658
5,0,0,6,2,0.484024
5,0,0,7,0,0.690591
5,0,0,7,1,0.606743
5,0,0,7,2,0.511016
5,0,1,0,0,0.616101
5,0,1,0,1,0.592395
5,0,1,0,2,0.574974
5,0,1,1,0,0.654837
5,0,1,1,1,0.618966
5,0,1,1,2,0.588409
5,0,1,2,0,0.686032
5,0,1,2,1,0.638613
5,0,1,2,2,0.599881
5,0,1,4,0,0.719728
5,0,1,4,1,0.67367
5,0,1,4,2,0.603988
5,0,1,3,0,0.711372
5,0,1,3,1,0.65786
5,0,1,3,2,0.611881
5,0,1,5,0,0.757104
5,0,1,5,1,0.694592
5,0,1,5,2,0.617252
5,0,1,6,0,0.761253
5,0,1,6,1,0.709536
5,0,1,6,2,0.622701
5,0,1,7,0,0.785326
5,0,1,7,1,0.720401
5,0,1,7,2,0.643936
5,0,2,0,0,0.733157
5,0,2,0,1,0.715399
5,0,2,0,2,0.702249
5,0,2,1,0,0.761843
5,0,2,1,1,0.735195
5,0,2,1,2,0.712303
5,0,2,2,0,0.785736
5,0,2,2,1,0.750352
5,0,2,2,2,0.721223
5,0,2,4,0,0.811729
5,0,2,4,1,0.777437
5,0,2,4,2,0.724433
5,0,2,3,0,0.803391
5,0,2,3,1,0.763962
5,0,2,3,2,0.729842
5,0,2,5,0,0.838061
5,0,2,5,1,0.792132
5,0,2,5,2,0.73393
5,0,2,6,0,0.840907
5,0,2,6,1,0.803207
5,0,2,6,2,0.737756
5,0,2,7,0,0.857284
5,0,2,7,1,0.810198
5,0,2,7,2,0.753361
5,0,3,0,0,0.82275
5,0,3,0,1,0.810264
5,0,3,0,2,0.800965
5,0,3,1,0,0.842743
5,0,3,1,1,0.824123
5,0,3,1,2,0.808027
5,0,3,2,0,0.859821
5,0,3,2,1,0.835013
5,0,3,2,2,0.814472
5,0,3,4,0,0.878494
5,0,3,4,1,0.854496
5,0,3,4,2,0.816801
5,0,3,3,0,0.871534
5,0,3,3,1,0.844154
5,0,3,3,2,0.820335
5,0,3,5,0,0.896131
5,0,3,5,1,0.864308
5,0,3,5,2,0.823244
5,0,3,6,0,0.897983
5,0,3,6,1,0.872026
5,0,3,6,2,0.825795
5,0,3,7,0,0.908651
5,0,3,7,1,0.876347
5,0,3,7,2,0.836611
5,0,4,0,0,0.886755
5,0,4,0,1,0.87841
5,0,4,0,2,0.872167
5,0,4,1,0,0.900021
5,0,4,1,1,0.887638
5,0,4,1,2,0.876881
5,0,4,2,0,0.911589
5,0,4,2,1,0.895044
5,0,4,2,2,0.881284
5,0,4,4,0,0.924284
5,0,4,4,1,0.908306
5,0,4,4,2,0.88288
5,0,4,3,0,0.919044
5,0,4,3,1,0.900922
5,0,4,3,2,0.885095
5,0,4,5,0,0.935605
5,0,4,5,1,0.914584
5,0,4,5,2,0.887059
5,0,4,6,0,0.936751
5,0,4,6,1,0.919696
5,0,4,6,2,0.888683
5,0,4,7,0,0.943449
5,0,4,7,1,0.922278
5,0,4,7,2,0.895833
5,0,5,0,0,0.930085
5,0,5,0,1,0.924743
5,0,5,0,2,0.920733
5,0,5,1,0,0.938527
5,0,5,1,1,0.930632
5,0,5,1,2,0.923747
5,0,5,2,0,0.94601
5,0,5,2,1,0.935438
5,0,5,2,2,0.926614
5,0,5,4,0,0.954245
5,0,5,4,1,0.94405
5,0,5,4,2,0.927655
5,0,5,3,0,0.950593
5,0,5,3,1,0.939083
5,0,5,3,2,0.928999
5,0,5,5,0,0.961256
5,0,5,5,1,0.947926
5,0,5,5,2,0.930266
5,0,5,6,0,0.961941
5,0,5,6,1,0.951172
5,0,5,6,2,0.931263
5,0,5,7,0,0.966015
5,0,5,7,1,0.952674
5,0,5,7,2,0.935801
5,0,6,0,0,0.958101
5,0,6,0,1,0.954802
5,0,6,0,2,0.952319
5,0,6,1,0,0.963291
5,0,6,1,1,0.95843
5,0,6,1,2,0.954178
5,0,6,2,0,0.967952
5,0,6,2,1,0.961432
5,0,6,2,2,0.955974
5,0,6,4,0,0.973094
5,0,6,4,1,0.966813
5,0,6,4,2,0.956627
5,0,6,3,0,0.970687
5,0,6,3,1,0.963624
5,0,6,3,2,0.957419
5,0,6,5,0,0.977305
5,0,6,5,1,0.969135
5,0,6,5,2,0.958207
5,0,6,6,0,0.977702
5,0,6,6,1,0.971126
5,0,6,6,2,0.958801
5,0,6,7,0,0.980111
5,0,6,7,1,0.971978
5,0,6,7,2,0.961584
5,0,7,0,0,0.975548
5,0,7,0,1,0.973571
5,0,7,0,2,0.972079
5,0,7,1,0,0.978645
5,0,7,1,1,0.97574
5,0,7,1,2,0.973193
5,0,7,2,0,0.981457
5,0,7,2,1,0.977555
5,0,7,2,2,0.974281
5,0,7,4,0,0.984566
5,0,7,4,1,0.980811
5,0,7,4,2,0.974677
5,0,7,3,0,0.983048
5,0,7,3,1,0.978838
5,0,7,3,2,0.975133
5,0,7,5,0,0.987029
5,0,7,5,1,0.982166
5,0,7,5,2,0.975608
5,0,7,6,0,0.987254
5,0,7,6,1,0.983352
5,0,7,6,2,0.975952
5,0,7,7,0,0.988642
5,0,7,7,1,0.983823
5,0,7,7,2,0.97761
5,0,8,0,0,0.986073
5,0,8,0,1,0.984919
5,0,8,0,2,0.984047
5,0,8,1,0,0.987873
5,0,8,1,1,0.986182
5,0,8,1,2,0.984696
5,0,8,2,0,0.989526
5,0,8,2,1,0.987251
5,0,8,2,2,0.985338
5,0,8,4,0,0.991356
5,0,8,4,1,0.989168
5,0,8,4,2,0.985572
5,0,8,3,0,0.990427
5,0,8,3,1,0.987983
5,0,8,3,2,0.985827
5,0,8,5,0,0.992759
5,0,8,5,1,0.989939
5,0,8,5,2,0.986106
5,0,8,6,0,0.992884
5,0,8,6,1,0.990628
5,0,8,6,2,0.986301
5,0,8,7,0,0.993664
5,0,8,7,1,0.990881
5,0,8,7,2,0.987263
5,0,9,0,0,0.992255
5,0,9,0,1,0.991599
5,0,9,0,2,0.991101
5,0,9,1,0,0.993275
5,0,9,1,1,0.992316
5,0,9,1,2,0.99147
5,0,9,2,0,0.994222
5,0,9,2,1,0.992929
5,0,9,2,2,0.991839
5,0,9,4,0,0.995272
5,0,9,4,1,0.994031
5,0,9,4,2,0.991975
5,0,9,3,0,0.99472
5,0,9,3,1,0.993336
5,0,9,3,2,0.992113
5,0,9,5,0,0.996052
5,0,9,5,1,0.994457
5,0,9,5,2,0.992273
5,0,9,6,0,0.996118
5,0,9,6,1,0.994847
5,0,9,6,2,0.99238
5,0,9,7,0,0.996546
5,0,9,7,1,0.994979
5,0,9,7,2,0.992924
5,0,10,0,0,0.995796
5,0,10,0,1,0.995433
5,0,10,0,2,0.995157
5,0,10,1,0,0.996359
5,0,10,1,1,0.995829
5,0,10,1,2,0.995361
5,0,10,2,0,0.996887
5,0,10,2,1,0.996172
5,0,10,2,2,0.995568
5,0,10,4,0,0.997472
5,0,10,4,1,0.996786
5,0,10,4,2,0.995643
5,0,10,3,0,0.997155
5,0,10,3,1,0.996392
5,0,10,3,2,0.995717
5,0,10,5,0,0.997895
5,0,10,5,1,0.997017
5,0,10,5,2,0.995806
5,0,10,6,0,0.997929
5,0,10,6,1,0.997231
5,0,10,6,2,0.995863
5,0,10,7,0,0.998158
5,0,10,7,1,0.997299
5,0,10,7,2,0.996163
5,1,-10,0,0,0.005036
5,1,-10,0,1,0.003577
5,1,-10,0,2,0.002743
5,1,-10,1,0,0.007837
5,1,-10,1,1,0.005057
5,1,-10,1,2,0.003356
5,1,-10,2,0,0.008679
5,1,-10,2,1,0.005598
5,1,-10,2,2,0.003595
5,1,-10,4,0,0.009656
5,1,-10,4,1,0.005984
5,1,-10,4,2,0.003637
5,1,-10,3,0,0.013423
5,1,-10,3,1,0.008029
5,1,-10,3,2,0.004639
5,1,-10,5,0,0.013662
5,1,-10,5,1,0.008743
5,1,-10,5,2,0.004574
5,1,-10,6,0,0.015752
5,1,-10,6,1,0.00999
5,1,-10,6,2,0.004871
5,1,-10,7,0,0.021205
5,1,-10,7,1,0.0133
5,1,-10,7,2,0.006704
5,1,-9,0,0,0.009246
5,1,-9,0,1,0.006767
5,1,-9,0,2,0.005305
5,1,-9,1,0,0.013968
5,1,-9,1,1,0.009341
5,1,-9,1,2,0.006388
5,1,-9,2,0,0.015473
5,1,-9,2,1,0.010302
5,1,-9,2,2,0.006834
5,1,-9,4,0,0.01695
5,1,-9,4,1,0.011054
5,1,-9,4,2,0.006908
5,1,-9,3,0,0.023248
5,1,-9,3,1,0.014438
5,1,-9,3,2,0.008635
5,1,-9,5,0,0.023751
5,1,-9,5,1,0.015663
5,1,-9,5,2,0.008549
5,1,-9,6,0,0.027257
5,1,-9,6,1,0.017902
5,1,-9,6,2,0.009083
5,1,-9,7,0,0.035952
5,1,-9,7,1,0.023326
5,1,-9,7,2,0.0122
5,1,-8,0,0,0.016561
5,1,-8,0,1,0.012475
5,1,-8,0,2,0.00998
5,1,-8,1,0,0.024272
5,1,-8,1,1,0.016829
5,1,-8,1,2,0.011847
5,1,-8,2,0,0.026897
5,1,-8,2,1,0.018486
5,1,-8,2,2,0.012655
5,1,-8,4,0,0.029084
5,1,-8,4,1,0.019924
5,1,-8,4,2,0.012785
5,1,-8,3,0,0.03916
5,1,-8,3,1,0.025301
5,1,-8,3,2,0.015669
5,1,-8,5,0,0.040217
5,1,-8,5,1,0.027343
5,1,-8,5,2,0.015575
5,1,-8,6,0,0.04589
5,1,-8,6,1,0.031259
5,1,-8,6,2,0.016515
5,1,-8,7,0,0.059141
5,1,-8,7,1,0.039789
5,1,-8,7,2,0.021643
5,1,-7,0,0,0.028956
5,1,-7,0,1,0.02244
5,1,-7,0,2,0.018314
5,1,-7,1,0,0.041119
5,1,-7,1,1,0.02956
5,1,-7,1,2,0.021431
5,1,-7,2,0,0.04556
5,1,-7,2,1,0.032347
5,1,-7,2,2,0.022864
5,1,-7,4,0,0.048939
5,1,-7,4,1,0.03502
5,1,-7,4,2,0.023086
5,1,-7,3,0,0.064056
5,1,-7,3,1,0.043139
5,1,-7,3,2,0.027719
5,1,-7,5,0,0.066479
5,1,-7,5,1,0.046466
5,1,-7,5,2,0.027672
5,1,-7,6,0,0.075142
5,1,-7,6,1,0.053092
5,1,-7,6,2,0.029277
5,1,-7,7,0,0.094409
5,1,-7,7,1,0.065834
5,1,-7,7,2,0.037372
5,1,-6,0,0,0.049399
5,1,-6,0,1,0.039372
5,1,-6,0,2,0.032812
5,1,-6,1,0,0.06787
5,1,-6,1,1,0.050555
5,1,-6,1,2,0.037827
5,1,-6,2,0,0.075076
5,1,-6,2,1,0.055115
5,1,-6,2,2,0.040283
5,1,-6,4,0,0.080281
5,1,-6,4,1,0.059897
5,1,-6,4,2,0.040657
5,1,-6,3,0,0.101789
5,1,-6,3,1,0.071391
5,1,-6,3,2,0.047762
5,1,-6,5,0,0.106849
5,1,-6,5,1,0.076759
5,1,-6,5,2,0.047878
5,1,-6,6,0,0.119334
5,1,-6,6,1,0.087501
5,1,-6,6,2,0.050519
5,1,-6,7,0,0.146016
5,1,-6,7,1,0.105434
5,1,-6,7,2,0.062684
5,1,-5,0,0,0.082028
5,1,-5,0,1,0.067244
5,1,-5,0,2,0.057284
5,1,-5,1,0,0.108855
5,1,-5,1,1,0.08399
5,1,-5,1,2,0.065
5,1,-5,2,0,0.120119
5,1,-5,2,1,0.091187
5,1,-5,2,2,0.06904
5,1,-5,4,0,0.127825
5,1,-5,4,1,0.099449
5,1,-5,4,2,0.06965
5,1,-5,3,0,0.156749
5,1,-5,3,1,0.11438
5,1,-5,3,2,0.079981
5,1,-5,5,0,0.166106
5,1,-5,5,1,0.122983
5,1,-5,5,2,0.080475
5,1,-5,6,0,0.183259
5,1,-5,6,1,0.139382
5,1,-5,6,2,0.084616
5,1,-5,7,0,0.217754
5,1,-5,7,1,0.162853
5,1,-5,7,2,0.101966
5,1,-4,0,0,0.132109
5,1,-4,0,1,0.111443
5,1,-4,0,2,0.09712
5,1,-4,1,0,0.168921
5,1,-4,1,1,0.135173
5,1,-4,1,2,0.108374
5,1,-4,2,0,0.18575
5,1,-4,2,1,0.145919
5,1,-4,2,2,0.114685
5,1,-4,4,0,0.197178
5,1,-4,4,1,0.159623
5,1,-4,4,2,0.115631
5,1,-4,3,0,0.23249
5,1,-4,3,1,0.176871
5,1,-4,3,2,0.129704
5,1,-4,5,0,0.248411
5,1,-4,5,1,0.190161
5,1,-4,5,2,0.130866
5,1,-4,6,0,0.270831
5,1,-4,6,1,0.2136
5,1,-4,6,2,0.137133
5,1,-4,7,0,0.31148
5,1,-4,7,1,0.241563
5,1,-4,7,2,0.160307
5,1,-3,0,0,0.205363
5,1,-3,0,1,0.17836
5,1,-3,0,2,0.159065
5,1,-3,1,0,0.252292
5,1,-3,1,1,0.209687
5,1,-3,1,2,0.174396
5,1,-3,2,0,0.276292
5,1,-3,2,1,0.224875
5,1,-3,2,2,0.183712
5,1,-3,4,0,0.293247
5,1,-3,4,1,0.246459
5,1,-3,4,2,0.185212
5,1,-3,3,0,0.330064
5,1,-3,3,1,0.262426
5,1,-3,3,2,0.202489
5,1,-3,5,0,0.355345
5,1,-3,5,1,0.28224
5,1,-3,5,2,0.204832
5,1,-3,6,0,0.382316
5,1,-3,6,1,0.313121
5,1,-3,6,2,0.213756
5,1,-3,7,0,0.424004
5,1,-3,7,1,0.341452
5,1,-3,7,2,0.241008
5,1,-2,0,0,0.306627
5,1,-2,0,1,0.274321
5,1,-2,0,2,0.250475
5,1,-2,1,0,0.361011
5,1,-2,1,1,0.311937
5,1,-2,1,2,0.269531
5,1,-2,2,0,0.392801
5,1,-2,2,1,0.332066
5,1,-2,2,2,0.282301
5,1,-2,4,0,0.416166
5,1,-2,4,1,0.363262
5,1,-2,4,2,0.284649
5,1,-2,3,0,0.446332
5,1,-2,3,1,0.371228
5,1,-2,3,2,0.302318
5,1,-2,5,0,0.482098
5,1,-2,5,1,0.399459
5,1,-2,5,2,0.306674
5,1,-2,6,0,0.5125
5,1,-2,6,1,0.436301
5,1,-2,6,2,0.318507
5,1,-2,7,0,0.547702
5,1,-2,7,1,0.459164
5,1,-2,7,2,0.34581
5,1,-1,0,0,0.436654
5,1,-1,0,1,0.402467
5,1,-1,0,2,0.3764
5,1,-1,1,0,0.491359
5,1,-1,1,1,0.44135
5,1,-1,1,2,0.39664
5,1,-1,2,0,0.529735
5,1,-1,2,1,0.466271
5,1,-1,2,2,0.412969
5,1,-1,4,0,0.560701
5,1,-1,4,1,0.507275
5,1,-1,4,2,0.416425
5,1,-1,3,0,0.573828
5,1,-1,3,1,0.499625
5,1,-1,3,2,0.430156
5,1,-1,5,0,0.618465
5,1,-1,5,1,0.537272
5,1,-1,5,2,0.436931
5,1,-1,6,0,0.64539
5,1,-1,6,1,0.57215
5,1,-1,6,2,0.447835
5,1,-1,7,0,0.671375
5,1,-1,7,1,0.587824
5,1,-1,7,2,0.472943
5,1,0,0,0,0.589546
5,1,0,0,1,0.560497
5,1,0,0,2,0.537933
5,1,0,1,0,0.634323
5,1,0,1,1,0.592743
5,1,0,1,2,0.55493
5,1,0,2,0,0.669749
5,1,0,2,1,0.616166
5,1,0,2,2,0.570537
5,1,0,4,0,0.700211
5,1,0,4,1,0.655667
5,1,0,4,2,0.574059
5,1,0,3,0,0.700926
5,1,0,3,1,0.640263
5,1,0,3,2,0.582982
5,1,0,5,0,0.742675
5,1,0,5,1,0.676889
5,1,0,5,2,0.589886
5,1,0,6,0,0.761383
5,1,0,6,1,0.70307
5,1,0,6,2,0.597233
5,1,0,7,0,0.77941
5,1,0,7,1,0.71328
5,1,0,7,2,0.61749
5,1,1,0,0,0.728779
5,1,1,0,1,0.70832
5,1,1,0,2,0.692339
5,1,1,1,0,0.760003
5,1,1,1,1,0.730922
5,1,1,1,2,0.70431
5,1,1,2,0,0.785475
5,1,1,2,1,0.747818
5,1,1,2,2,0.715613
5,1,1,4,0,0.807634
5,1,1,4,1,0.776514
5,1,1,4,2,0.7182
5,1,1,3,0,0.806099
5,1,1,3,1,0.763931
5,1,1,3,2,0.723954
5,1,1,5,0,0.836248
5,1,1,5,1,0.790577
5,1,1,5,2,0.729047
5,1,1,6,0,0.848796
5,1,1,6,1,0.808527
5,1,1,6,2,0.734007
5,1,1,7,0,0.860342
5,1,1,7,1,0.814844
5,1,1,7,2,0.747899
5,1,2,0,0,0.828526
5,1,2,0,1,0.814897
5,1,2,0,2,0.804198
5,1,2,1,0,0.849118
5,1,2,1,1,0.829865
5,1,2,1,2,0.812157
5,1,2,2,0,0.86643
5,1,2,2,1,0.841391
5,1,2,2,2,0.819895
5,1,2,4,0,0.881679
5,1,2,4,1,0.861077
5,1,2,4,2,0.82169
5,1,2,3,0,0.879359
5,1,2,3,1,0.851585
5,1,2,3,2,0.825178
5,1,2,5,0,0.899914
5,1,2,5,1,0.8699
5,1,2,5,2,0.828717
5,1,2,6,0,0.907807
5,1,2,6,1,0.881474
5,1,2,6,2,0.831823
5,1,2,7,0,0.91491
5,1,2,7,1,0.885233
5,1,2,7,2,0.840902
5,1,3,0,0,0.896099
5,1,3,0,1,0.887535
5,1,3,0,2,0.880789
5,1,3,1,0,0.908949
5,1,3,1,1,0.896901
5,1,3,1,2,0.885782
5,1,3,2,0,0.919975
5,1,3,2,1,0.904261
5,1,3,2,2,0.890735
5,1,3,4,0,0.929771
5,1,3,4,1,0.916877
5,1,3,4,2,0.891894
5,1,3,3,0,0.927757
5,1,3,3,1,0.910438
5,1,3,3,2,0.89394
5,1,3,5,0,0.940876
5,1,3,5,1,0.92219
5,1,3,5,2,0.896225
5,1,3,6,0,0.945629
5,1,3,6,1,0.929292
5,1,3,6,2,0.898086
5,1,3,7,0,0.949851
5,1,3,7,1,0.93147
5,1,3,7,2,0.903722
5,1,4,0,0,0.939047
5,1,4,0,1,0.933888
5,1,4,0,2,0.929814
5,1,4,1,0,0.946754
5,1,4,1,1,0.939516
5,1,4,1,2,0.93282
5,1,4,2,0,0.953456
5,1,4,2,1,0.943997
5,1,4,2,2,0.93584
5,1,4,4,0,0.959441
5,1,4,4,1,0.951696
5,1,4,4,2,0.93655
5,1,4,3,0,0.958002
5,1,4,3,1,0.947624
5,1,4,3,2,0.937723
5,1,4,5,0,0.965988
5,1,4,5,1,0.954801
5,1,4,5,2,0.939125
5,1,4,6,0,0.968773
5,1,4,6,1,0.959016
5,1,4,6,2,0.940215
5,1,4,7,0,0.971209
5,1,4,7,1,0.960246
5,1,4,7,2,0.943577
5,1,5,0,0,0.965116
5,1,5,0,1,0.962096
5,1,5,0,2,0.959708
5,1,5,1,0,0.969608
5,1,5,1,1,0.965383
5,1,5,1,2,0.961465
5,1,5,2,0,0.973562
5,1,5,2,1,0.968029
5,1,5,2,2,0.963252
5,1,5,4,0,0.977109
5,1,5,4,1,0.972587
5,1,5,4,2,0.963674
5,1,5,3,0,0.97615
5,1,5,3,1,0.970103
5,1,5,3,2,0.964329
5,1,5,5,0,0.980866
5,1,5,5,1,0.974356
5,1,5,5,2,0.965163
5,1,5,6,0,0.982454
5,1,5,6,1,0.976787
5,1,5,6,2,0.965782
5,1,5,7,0,0.983829
5,1,5,7,1,0.977468
5,1,5,7,2,0.967734
5,1,6,0,0,0.980476
5,1,6,0,1,0.978756
5,1,6,0,2,0.977392
5,1,6,1,0,0.983027
5,1,6,1,1,0.980624
5,1,6,1,2,0.978393
5,1,6,2,0,0.985295
5,1,6,2,1,0.982144
5,1,6,2,2,0.97942
5,1,6,4,0,0.987337
5,1,6,4,1,0.984765
5,1,6,4,2,0.979663
5,1,6,3,0,0.986738
5,1,6,3,1,0.983304
5,1,6,3,2,0.980022
5,1,6,5,0,0.989445
5,1,6,5,1,0.985751
5,1,6,5,2,0.980503
5,1,6,6,0,0.990328
5,1,6,6,1,0.987119
5,1,6,6,2,0.980846
5,1,6,7,0,0.991093
5,1,6,7,1,0.987492
5,1,6,7,2,0.981954
5,1,7,0,0,0.989277
5,1,7,0,1,0.988318
5,1,7,0,2,0.987558
5,1,7,1,0,0.990696
5,1,7,1,1,0.989358
5,1,7,1,2,0.988115
5,1,7,2,0,0.991964
5,1,7,2,1,0.990209
5,1,7,2,2,0.98869
5,1,7,4,0,0.993109
5,1,7,4,1,0.991677
5,1,7,4,2,0.988827
5,1,7,3,0,0.992759
5,1,7,3,1,0.990849
5,1,7,3,2,0.989023
5,1,7,5,0,0.994273
5,1,7,5,1,0.99222
5,1,7,5,2,0.989293
5,1,7,6,0,0.994759
5,1,7,6,1,0.992977
5,1,7,6,2,0.989481
5,1,7,7,0,0.995177
5,1,7,7,1,0.993179
5,1,7,7,2,0.990097
5,1,8,0,0,0.994196
5,1,8,0,1,0.993668
5,1,8,0,2,0.993249
5,1,8,1,0,0.994976
5,1,8,1,1,0.99424
5,1,8,1,2,0.993556
5,1,8,2,0,0.995676
5,1,8,2,1,0.99471
5,1,8,2,2,0.993873
5,1,8,4,0,0.996309
5,1,8,4,1,0.995521
5,1,8,4,2,0.993949
5,1,8,3,0,0.996107
5,1,8,3,1,0.995059
5,1,8,3,2,0.994055
5,1,8,5,0,0.996945
5,1,8,5,1,0.995817
5,1,8,5,2,0.994205
5,1,8,6,0,0.99721
5,1,8,6,1,0.996233
5,1,8,6,2,0.994308
5,1,8,7,0,0.997434
5,1,8,7,1,0.996339
5,1,8,7,2,0.994645
5,1,9,0,0,0.99691
5,1,9,0,1,0.996622
5,1,9,0,2,0.996393
5,1,9,1,0,0.997333
5,1,9,1,1,0.996933
5,1,9,1,2,0.99656
5,1,9,2,0,0.997718
5,1,9,2,1,0.997192
5,1,9,2,2,0.996735
5,1,9,4,0,0.998067
5,1,9,4,1,0.997639
5,1,9,4,2,0.996777
5,1,9,3,0,0.997946
5,1,9,3,1,0.997377
5,1,9,3,2,0.996832
5,1,9,5,0,0.998406
5,1,9,5,1,0.997795
5,1,9,5,2,0.996915
5,1,9,6,0,0.998548
5,1,9,6,1,0.998019
5,1,9,6,2,0.99697
5,1,9,7,0,0.998664
5,1,9,7,1,0.998072
5,1,9,7,2,0.997151
5,1,10,0,0,0.9984
5,1,10,0,1,0.998247
5,1,10,0,2,0.998126
5,1,10,1,0,0.998623
5,1,10,1,1,0.998411
5,1,10,1,2,0.998214
5,1,10,2,0,0.998828
5,1,10,2,1,0.99855
5,1,10,2,2,0.998308
5,1,10,4,0,0.999017
5,1,10,4,1,0.99879
5,1,10,4,2,0.998331
5,1,10,3,0,0.998945
5,1,10,3,1,0.998645
5,1,10,3,2,0.998357
5,1,10,5,0,0.999191
5,1,10,5,1,0.99887
5,1,10,5,2,0.998402
5,1,10,6,0,0.999263
5,1,10,6,1,0.998986
5,1,10,6,2,0.99843
5,1,10,7,0,0.999322
5,1,10,7,1,0.999012
5,1,10,7,2,0.998525
6,0,-10,0,0,0.001959
6,0,-10,0,1,0.001249
6,0,-10,0,2,0.000932
6,0,-10,1,0,0.003332
6,0,-10,1,1,0.00186
6,0,-10,1,2,0.001167
6,0,-10,2,0,0.003628
6,0,-10,2,1,0.002033
6,0,-10,2,2,0.001238
6,0,-10,4,0,0.003409
6,0,-10,4,1,0.002533
6,0,-10,4,2,0.001281
6,0,-10,3,0,0.006321
6,0,-10,3,1,0.003205
6,0,-10,3,2,0.001746
6,0,-10,5,0,0.007064
6,0,-10,5,1,0.003638
6,0,-10,5,2,0.001887
6,0,-10,6,0,0.006269
6,0,-10,6,1,0.00366
6,0,-10,6,2,0.00187
6,0,-10,7,0,0.012398
6,0,-10,7,1,0.005558
6,0,-10,7,2,0.002867
6,0,-9,0,0,0.003766
6,0,-9,0,1,0.002496
6,0,-9,0,2,0.001907
6,0,-9,1,0,0.00622
6,0,-9,1,1,0.003622
6,0,-9,1,2,0.002349
6,0,-9,2,0,0.006881
6,0,-9,2,1,0.003966
6,0,-9,2,2,0.002485
6,0,-9,4,0,0.006562
6,0,-9,4,1,0.004879
6,0,-9,4,2,0.002565
6,0,-9,3,0,0.011523
6,0,-9,3,1,0.00607
6,0,-9,3,2,0.003406
6,0,-9,5,0,0.012976
6,0,-9,5,1,0.006925
6,0,-9,5,2,0.00368
6,0,-9,6,0,0.011596
6,0,-9,6,1,0.007
6,0,-9,6,2,0.003675
6,0,-9,7,0,0.022237
6,0,-9,7,1,0.010456
6,0,-9,7,2,0.005494
6,0,-8,0,0,0.007041
6,0,-8,0,1,0.004827
6,0,-8,0,2,0.003746
6,0,-8,1,0,0.011305
6,0,-8,1,1,0.006867
6,0,-8,1,2,0.004571
6,0,-8,2,0,0.012755
6,0,-8,2,1,0.007564
6,0,-8,2,2,0.004835
6,0,-8,4,0,0.012421
6,0,-8,4,1,0.009219
6,0,-8,4,2,0.004981
6,0,-8,3,0,0.020402
6,0,-8,3,1,0.011219
6,0,-8,3,2,0.006458
6,0,-8,5,0,0.02311
6,0,-8,5,1,0.012908
6,0,-8,5,2,0.006977
6,0,-8,6,0,0.020958
6,0,-8,6,1,0.013152
6,0,-8,6,2,0.007045
6,0,-8,7,0,0.038538
6,0,-8,7,1,0.019241
6,0,-8,7,2,0.010271
6,0,-7,0,0,0.012967
6,0,-7,0,1,0.009199
6,0,-7,0,2,0.007253
6,0,-7,1,0,0.0202
6,0,-7,1,1,0.012821
6,0,-7,1,2,0.008765
6,0,-7,2,0,0.023145
6,0,-7,2,1,0.014174
6,0,-7,2,2,0.009277
6,0,-7,4,0,0.023102
6,0,-7,4,1,0.017106
6,0,-7,4,2,0.009542
6,0,-7,3,0,0.035231
6,0,-7,3,1,0.020362
6,0,-7,3,2,0.01207
6,0,-7,5,0,0.040152
6,0,-7,5,1,0.023555
6,0,-7,5,2,0.01301
6,0,-7,6,0,0.037092
6,0,-7,6,1,0.024208
6,0,-7,6,2,0.013276
6,0,-7,7,0,0.064333
6,0,-7,7,1,0.034548
6,0,-7,7,2,0.018788
6,0,-6,0,0,0.023548
6,0,-6,0,1,0.017316
6,0,-6,0,2,0.013905
6,0,-6,1,0,0.035475
6,0,-6,1,1,0.023582
6,0,-6,1,2,0.016595
6,0,-6,2,0,0.040889
6,0,-6,2,1,0.026079
6,0,-6,2,2,0.017568
6,0,-6,4,0,0.042081
6,0,-6,4,1,0.030999
6,0,-6,4,2,0.018029
6,0,-6,3,0,0.059338
6,0,-6,3,1,0.036216
6,0,-6,3,2,0.022262
6,0,-6,5,0,0.068169
6,0,-6,5,1,0.041931
6,0,-6,5,2,0.02385
6,0,-6,6,0,0.064354
6,0,-6,6,1,0.043462
6,0,-6,6,2,0.024601
6,0,-6,7,0,0.103422
6,0,-6,7,1,0.060216
6,0,-6,7,2,0.033664
6,0,-5,0,0,0.041934
6,0,-5,0,1,0.031976
6,0,-5,0,2,0.026203
6,0,-5,1,0,0.060946
6,0,-5,1,1,0.042465
6,0,-5,1,2,0.030823
6,0,-5,2,0,0.06992
6,0,-5,2,1,0.046851
6,0,-5,2,2,0.032644
6,0,-5,4,0,0.07447
6,0,-5,4,1,0.054793
6,0,-5,4,2,0.033393
6,0,-5,3,0,0.097142
6,0,-5,3,1,0.062701
6,0,-5,3,2,0.040258
6,0,-5,5,0,0.112471
6,0,-5,5,1,0.072556
6,0,-5,5,2,0.042709
6,0,-5,6,0,0.108886
6,0,-5,6,1,0.075825
6,0,-5,6,2,0.044514
6,0,-5,7,0,0.15998
6,0,-5,7,1,0.100974
6,0,-5,7,2,0.058738
6,0,-4,0,0,0.072976
6,0,-4,0,1,0.057715
6,0,-4,0,2,0.048378
6,0,-4,1,0,0.101871
6,0,-4,1,1,0.074503
6,0,-4,1,2,0.05596
6,0,-4,2,0,0.116022
6,0,-4,2,1,0.081933
6,0,-4,2,2,0.059277
6,0,-4,4,0,0.126389
6,0,-4,4,1,0.094731
6,0,-4,4,2,0.060508
6,0,-4,3,0,0.153757
6,0,-4,3,1,0.105218
6,0,-4,3,2,0.071073
6,0,-4,5,0,0.178731
6,0,-4,5,1,0.121535
6,0,-4,5,2,0.074462
6,0,-4,6,0,0.177231
6,0,-4,6,1,0.127738
6,0,-4,6,2,0.078105
6,0,-4,7,0,0.237576
6,0,-4,7,1,0.161576
6,0,-4,7,2,0.099295
6,0,-3,0,0,0.123812
6,0,-3,0,1,0.10173
6,0,-3,0,2,0.087478
6,0,-3,1,0,0.16493
6,0,-3,1,1,0.126972
6,0,-3,1,2,0.099221
6,0,-3,2,0,0.186306
6,0,-3,2,1,0.138806
6,0,-3,2,2,0.104914
6,0,-3,4,0,0.205174
6,0,-3,4,1,0.159148
6,0,-3,4,2,0.106911
6,0,-3,3,0,0.234394
6,0,-3,3,1,0.170554
6,0,-3,3,2,0.122004
6,0,-3,5,0,0.271536
6,0,-3,5,1,0.195406
6,0,-3,5,2,0.126397
6,0,-3,6,0,0.273932
6,0,-3,6,1,0.206508
6,0,-3,6,2,0.132774
6,0,-3,7,0,0.337502
6,0,-3,7,1,0.244645
6,0,-3,7,2,0.160644
6,0,-2,0,0,0.203056
6,0,-2,0,1,0.173516
6,0,-2,0,2,0.153436
6,0,-2,1,0,0.256624
6,0,-2,1,1,0.208278
6,0,-2,1,2,0.170255
6,0,-2,2,0,0.287105
6,0,-2,2,1,0.225774
6,0,-2,2,2,0.179328
6,0,-2,4,0,0.317152
6,0,-2,4,1,0.256324
6,0,-2,4,2,0.182345
6,0,-2,3,0,0.340484
6,0,-2,3,1,0.26314
6,0,-2,3,2,0.200472
6,0,-2,5,0,0.391004
6,0,-2,5,1,0.298447
6,0,-2,5,2,0.206124
6,0,-2,6,0,0.399753
6,0,-2,6,1,0.318223
6,0,-2,6,2,0.216626
6,0,-2,7,0,0.456931
6,0,-2,7,1,0.351154
6,0,-2,7,2,0.248252
6,0,-1,0,0,0.318399
6,0,-1,0,1,0.283137
6,0,-1,0,2,0.257929
6,0,-1,1,0,0.378721
6,0,-1,1,1,0.32386
6,0,-1,1,2,0.278258
6,0,-1,2,0,0.42075
6,0,-1,2,1,0.349426
6,0,-1,2,2,0.292641
6,0,-1,4,0,0.464982
6,0,-1,4,1,0.394722
6,0,-1,4,2,0.297601
6,0,-1,3,0,0.468089
6,0,-1,3,1,0.384187
6,0,-1,3,2,0.313389
6,0,-1,5,0,0.532519
6,0,-1,5,1,0.433335
6,0,-1,5,2,0.320759
6,0,-1,6,0,0.542403
6,0,-1,6,1,0.457872
6,0,-1,6,2,0.331711
6,0,-1,7,0,0.58742
6,0,-1,7,1,0.480599
6,0,-1,7,2,0.364856
6,0,0,0,0,0.477085
6,0,0,0,1,0.444134
6,0,0,0,2,0.419889
6,0,0,1,0,0.530837
6,0,0,1,1,0.481041
6,0,0,1,2,0.438561
6,0,0,2,0,0.574343
6,0,0,2,1,0.508475
6,0,0,2,2,0.454599
6,0,0,4,0,0.62141
6,0,0,4,1,0.557433
6,0,0,4,2,0.460346
6,0,0,3,0,0.6092
6,0,0,3,1,0.535023
6,0,0,3,2,0.471192
6,0,0,5,0,0.672893
6,0,0,5,1,0.586263
6,0,0,5,2,0.478672
6,0,0,6,0,0.678594
6,0,0,6,1,0.606983
6,0,0,6,2,0.486169
6,0,0,7,0,0.711499
6,0,0,7,1,0.621777
6,0,0,7,2,0.51561
6,0,1,0,0,0.640328
6,0,1,0,1,0.615872
6,0,1,0,2,0.597742
6,0,1,1,0,0.679802
6,0,1,1,1,0.643146
6,0,1,1,2,0.611604
6,0,1,2,0,0.712755
6,0,1,2,1,0.664062
6,0,1,2,2,0.623923
6,0,1,4,0,0.748656
6,0,1,4,1,0.701443
6,0,1,4,2,0.628354
6,0,1,3,0,0.736855
6,0,1,3,1,0.6827
6,0,1,3,2,0.635755
6,0,1,5,0,0.784637
6,0,1,5,1,0.721555
6,0,1,5,2,0.641383
6,0,1,6,0,0.788635
6,0,1,6,1,0.736873
6,0,1,6,2,0.646672
6,0,1,7,0,0.810698
6,0,1,7,1,0.746206
6,0,1,7,2,0.668078
6,0,2,0,0,0.763926
6,0,2,0,1,0.746824
6,0,2,0,2,0.734063
6,0,2,1,0,0.791239
6,0,2,1,1,0.765791
6,0,2,1,2,0.743739
6,0,2,2,0,0.814744
6,0,2,2,1,0.780803
6,0,2,2,2,0.752639
6,0,2,4,0,0.840496
6,0,2,4,1,0.807669
6,0,2,4,2,0.755857
6,0,2,3,0,0.83047
6,0,2,3,1,0.79314
6,0,2,3,2,0.76059
6,0,2,5,0,0.864248
6,0,2,5,1,0.820886
6,0,2,5,2,0.764585
6,0,2,6,0,0.866765
6,0,2,6,1,0.831457
6,0,2,6,2,0.768038
6,0,2,7,0,0.880892
6,0,2,7,1,0.837059
6,0,2,7,2,0.782767
6,0,3,0,0,0.852018
6,0,3,0,1,0.840771
6,0,3,0,2,0.832337
6,0,3,1,0,0.869839
6,0,3,1,1,0.853193
6,0,3,1,2,0.838692
6,0,3,2,0,0.885525
6,0,3,2,1,0.863256
6,0,3,2,2,0.844686
6,0,3,4,0,0.902777
6,0,3,4,1,0.881281
6,0,3,4,2,0.846861
6,0,3,3,0,0.895313
6,0,3,3,1,0.871024
6,0,3,3,2,0.849755
6,0,3,5,0,0.917708
6,0,3,5,1,0.889556
6,0,3,5,2,0.852412
6,0,3,6,0,0.919225
6,0,3,6,1,0.896441
6,0,3,6,2,0.854563
6,0,3,7,0,0.927889
6,0,3,7,1,0.899673
6,0,3,7,2,0.864132
6,0,4,0,0,0.910772
6,0,4,0,1,0.903724
6,0,4,0,2,0.898419
6,0,4,1,0,0.921862
6,0,4,1,1,0.911478
6,0,4,1,2,0.902394
6,0,4,2,0,0.931813
6,0,4,2,1,0.917884
6,0,4,2,2,0.906225
6,0,4,4,0,0.942788
6,0,4,4,1,0.929368
6,0,4,4,2,0.907618
6,0,4,3,0,0.937662
6,0,4,3,1,0.922573
6,0,4,3,2,0.909316
6,0,4,5,0,0.951791
6,0,4,5,1,0.934337
6,0,4,5,2,0.910998
6,0,4,6,0,0.952656
6,0,4,6,1,0.938604
6,0,4,6,2,0.912276
6,0,4,7,0,0.957785
6,0,4,7,1,0.940412
6,0,4,7,2,0.918217
6,0,5,0,0,0.948018
6,0,5,0,1,0.943786
6,0,5,0,2,0.940591
6,0,5,1,0,0.954643
6,0,5,1,1,0.948428
6,0,5,1,2,0.942975
6,0,5,2,0,0.960674
6,0,5,2,1,0.952322
6,0,5,2,2,0.945309
6,0,5,4,0,0.967341
6,0,5,4,1,0.959305
6,0,5,4,2,0.946161
6,0,5,3,0,0.964056
6,0,5,3,1,0.955055
6,0,5,3,2,0.947127
6,0,5,5,0,0.972585
6,0,5,5,1,0.962189
6,0,5,5,2,0.948145
6,0,5,6,0,0.973065
6,0,5,6,1,0.964729
6,0,5,6,2,0.94888
6,0,5,7,0,0.976007
6,0,5,7,1,0.965717
6,0,5,7,2,0.952423
6,0,6,0,0,0.970583
6,0,6,0,1,0.968127
6,0,6,0,2,0.966267
6,0,6,1,0,0.974412
6,0,6,1,1,0.970814
6,0,6,1,2,0.96765
6,0,6,2,0,0.977938
6,0,6,2,1,0.973096
6,0,6,2,2,0.969021
6,0,6,4,0,0.981844
6,0,6,4,1,0.97719
6,0,6,4,2,0.969522
6,0,6,3,0,0.979841
6,0,6,3,1,0.974645
6,0,6,3,2,0.970058
6,0,6,5,0,0.984812
6,0,6,5,1,0.978818
6,0,6,5,2,0.970652
6,0,6,6,0,0.985072
6,0,6,6,1,0.980281
6,0,6,6,2,0.971063
6,0,6,7,0,0.986716
6,0,6,7,1,0.98081
6,0,6,7,2,0.973109
6,0,7,0,0,0.983773
6,0,7,0,1,0.982387
6,0,7,0,2,0.981335
6,0,7,1,0,0.985926
6,0,7,1,1,0.983901
6,0,7,1,2,0.982115
6,0,7,2,0,0.987928
6,0,7,2,1,0.985198
6,0,7,2,2,0.982896
6,0,7,4,0,0.990149
6,0,7,4,1,0.987527
6,0,7,4,2,0.983182
6,0,7,3,0,0.988973
6,0,7,3,1,0.986054
6,0,7,3,2,0.983473
6,0,7,5,0,0.991788
6,0,7,5,1,0.988424
6,0,7,5,2,0.98381
6,0,7,6,0,0.991927
6,0,7,6,1,0.989246
6,0,7,6,2,0.984035
6,0,7,7,0,0.992822
6,0,7,7,1,0.989521
6,0,7,7,2,0.985184
6,0,8,0,0,0.991259
6,0,8,0,1,0.990495
6,0,8,0,2,0.989914
6,0,8,1,0,0.992442
6,0,8,1,1,0.991328
6,0,8,1,2,0.990344
6,0,8,2,0,0.993552
6,0,8,2,1,0.992049
6,0,8,2,2,0.990778
6,0,8,4,0,0.994786
6,0,8,4,1,0.993343
6,0,8,4,2,0.990938
6,0,8,3,0,0.994111
6,0,8,3,1,0.99251
6,0,8,3,2,0.991092
6,0,8,5,0,0.995668
6,0,8,5,1,0.993825
6,0,8,5,2,0.991278
6,0,8,6,0,0.995741
6,0,8,6,1,0.994277
6,0,8,6,2,0.991399
6,0,8,7,0,0.996215
6,0,8,7,1,0.994414
6,0,8,7,2,0.992028
6,0,9,0,0,0.99541
6,0,9,0,1,0.994999
6,0,9,0,2,0.994686
6,0,9,1,0,0.996043
6,0,9,1,1,0.995446
6,0,9,1,2,0.994917
6,0,9,2,0,0.996645
6,0,9,2,1,0.995837
6,0,9,2,2,0.995154
6,0,9,4,0,0.997314
6,0,9,4,1,0.996541
6,0,9,4,2,0.99524
6,0,9,3,0,0.996934
6,0,9,3,1,0.996078
6,0,9,3,2,0.995319
6,0,9,5,0,0.997775
6,0,9,5,1,0.996791
6,0,9,5,2,0.99542
6,0,9,6,0,0.99781
6,0,9,6,1,0.997032
6,0,9,6,2,0.995481
6,0,9,7,0,0.998055
6,0,9,7,1,0.997098
6,0,9,7,2,0.995818
6,0,10,0,0,0.997659
6,0,10,0,1,0.997445
6,0,10,0,2,0.997283
6,0,10,1,0,0.997986
6,0,10,1,1,0.997677
6,0,10,1,2,0.997402
6,0,10,2,0,0.998301
6,0,10,2,1,0.997882
6,0,10,2,2,0.997526
6,0,10,4,0,0.998651
6,0,10,4,1,0.998251
6,0,10,4,2,0.997572
6,0,10,3,0,0.998447
6,0,10,3,1,0.998004
6,0,10,3,2,0.997611
6,0,10,5,0,0.998886
6,0,10,5,1,0.998377
6,0,10,5,2,0.997663
6,0,10,6,0,0.998902
6,0,10,6,1,0.998501
6,0,10,6,2,0.997694
6,0,10,7,0,0.999025
6,0,10,7,1,0.998533
6,0,10,7,2,0.997868
6,1,-10,0,0,0.002832
6,1,-10,0,1,0.001844
6,1,-10,0,2,0.001319
6,1,-10,1,0,0.004763
6,1,-10,1,1,0.002793
6,1,-10,1,2,0.001695
6,1,-10,2,0,0.005268
6,1,-10,2,1,0.003125
6,1,-10,2,2,0.001823
6,1,-10,4,0,0.006065
6,1,-10,4,1,0.003297
6,1,-10,4,2,0.001848
6,1,-10,3,0,0.008739
6,1,-10,3,1,0.00477
6,1,-10,3,2,0.002508
6,1,-10,5,0,0.008797
6,1,-10,5,1,0.005244
6,1,-10,5,2,0.002441
6,1,-10,6,0,0.010263
6,1,-10,6,1,0.00598
6,1,-10,6,2,0.002615
6,1,-10,7,0,0.014465
6,1,-10,7,1,0.008412
6,1,-10,7,2,0.003859
6,1,-9,0,0,0.005534
6,1,-9,0,1,0.003748
6,1,-9,0,2,0.002764
6,1,-9,1,0,0.008997
6,1,-9,1,1,0.005514
6,1,-9,1,2,0.003477
6,1,-9,2,0,0.009961
6,1,-9,2,1,0.00614
6,1,-9,2,2,0.003733
6,1,-9,4,0,0.011147
6,1,-9,4,1,0.006506
6,1,-9,4,2,0.003779
6,1,-9,3,0,0.016045
6,1,-9,3,1,0.009142
6,1,-9,3,2,0.004999
6,1,-9,5,0,0.016132
6,1,-9,5,1,0.009996
6,1,-9,5,2,0.004893
6,1,-9,6,0,0.018801
6,1,-9,6,1,0.011424
6,1,-9,6,2,0.005227
6,1,-9,7,0,0.025962
6,1,-9,7,1,0.015717
6,1,-9,7,2,0.007498
6,1,-8,0,0,0.010493
6,1,-8,0,1,0.007373
6,1,-8,0,2,0.005575
6,1,-8,1,0,0.016495
6,1,-8,1,1,0.010578
6,1,-8,1,2,0.006893
6,1,-8,2,0,0.018307
6,1,-8,2,1,0.01172
6,1,-8,2,2,0.007392
6,1,-8,4,0,0.019969
6,1,-8,4,1,0.0125
6,1,-8,4,2,0.007477
6,1,-8,3,0,0.028524
6,1,-8,3,1,0.017048
6,1,-8,3,2,0.009676
6,1,-8,5,0,0.028674
6,1,-8,5,1,0.018511
6,1,-8,5,2,0.009517
6,1,-8,6,0,0.033385
6,1,-8,6,1,0.021229
6,1,-8,6,2,0.01015
6,1,-8,7,0,0.044956
6,1,-8,7,1,0.028515
6,1,-8,7,2,0.014179
6,1,-7,0,0,0.0194
6,1,-7,0,1,0.014127
6,1,-7,0,2,0.010928
6,1,-7,1,0,0.029433
6,1,-7,1,1,0.019758
6,1,-7,1,2,0.013296
6,1,-7,2,0,0.032745
6,1,-7,2,1,0.021798
6,1,-7,2,2,0.014261
6,1,-7,4,0,0.035396
6,1,-7,4,1,0.023411
6,1,-7,4,2,0.014415
6,1,-7,3,0,0.049015
6,1,-7,3,1,0.030883
6,1,-7,3,2,0.018224
6,1,-7,5,0,0.050001
6,1,-7,5,1,0.033297
6,1,-7,5,2,0.018038
6,1,-7,6,0,0.05765
6,1,-7,6,1,0.038344
6,1,-7,6,2,0.019209
6,1,-7,7,0,0.075459
6,1,-7,7,1,0.050034
6,1,-7,7,2,0.026046
6,1,-6,0,0,0.035028
6,1,-6,0,1,0.026404
6,1,-6,0,2,0.020939
6,1,-6,1,0,0.051222
6,1,-6,1,1,0.035891
6,1,-6,1,2,0.025045
6,1,-6,2,0,0.056932
6,1,-6,2,1,0.039479
6,1,-6,2,2,0.026855
6,1,-6,4,0,0.061201
6,1,-6,4,1,0.042641
6,1,-6,4,2,0.027129
6,1,-6,3,0,0.081893
6,1,-6,3,1,0.05419
6,1,-6,3,2,0.033427
6,1,-6,5,0,0.084978
6,1,-6,5,1,0.058193
6,1,-6,5,2,0.033294
6,1,-6,6,0,0.096492
6,1,-6,6,1,0.067205
6,1,-6,6,2,0.035376
6,1,-6,7,0,0.122849
6,1,-6,7,1,0.084865
6,1,-6,7,2,0.046383
6,1,-5,0,0,0.061628
6,1,-5,0,1,0.048067
6,1,-5,0,2,0.039165
6,1,-5,1,0,0.086723
6,1,-5,1,1,0.063298
6,1,-5,1,2,0.045981
6,1,-5,2,0,0.096252
6,1,-5,2,1,0.069427
6,1,-5,2,2,0.049236
6,1,-5,4,0,0.102534
6,1,-5,4,1,0.075462
6,1,-5,4,2,0.0497
6,1,-5,3,0,0.132865
6,1,-5,3,1,0.091915
6,1,-5,3,2,0.059629
6,1,-5,5,0,0.139665
6,1,-5,5,1,0.098774
6,1,-5,5,2,0.059746
6,1,-5,6,0,0.15626
6,1,-5,6,1,0.113733
6,1,-5,6,2,0.063233
6,1,-5,7,0,0.192638
6,1,-5,7,1,0.138546
6,1,-5,7,2,0.080185
6,1,-4,0,0,0.105249
6,1,-4,0,1,0.085009
6,1,-4,0,2,0.071272
6,1,-4,1,0,0.142018
6,1,-4,1,1,0.108217
6,1,-4,1,2,0.082035
6,1,-4,2,0,0.157234
6,1,-4,2,1,0.117988
6,1,-4,2,2,0.087567
6,1,-4,4,0,0.166908
6,1,-4,4,1,0.129205
6,1,-4,4,2,0.088276
6,1,-4,3,0,0.207192
6,1,-4,3,1,0.150392
6,1,-4,3,2,0.10311
6,1,-4,5,0,0.220452
6,1,-4,5,1,0.161658
6,1,-4,5,2,0.103695
6,1,-4,6,0,0.243501
6,1,-4,6,1,0.184856
6,1,-4,6,2,0.109516
6,1,-4,7,0,0.289028
6,1,-4,7,1,0.216659
6,1,-4,7,2,0.134292
6,1,-3,0,0,0.173459
6,1,-3,0,1,0.145245
6,1,-3,0,2,0.125361
6,1,-3,1,0,0.223353
6,1,-3,1,1,0.178192
6,1,-3,1,2,0.141268
6,1,-3,2,0,0.246938
6,1,-3,2,1,0.192977
6,1,-3,2,2,0.150177
6,1,-3,4,0,0.26288
6,1,-3,4,1,0.213048
6,1,-3,4,2,0.151417
6,1,-3,3,0,0.307564
6,1,-3,3,1,0.235212
6,1,-3,3,2,0.171315
6,1,-3,5,0,0.331946
6,1,-3,5,1,0.253401
6,1,-3,5,2,0.172979
6,1,-3,6,0,0.360959
6,1,-3,6,1,0.286502
6,1,-3,6,2,0.182278
6,1,-3,7,0,0.40901
6,1,-3,7,1,0.319703
6,1,-3,7,2,0.212854
6,1,-2,0,0,0.274645
6,1,-2,0,1,0.238739
6,1,-2,0,2,0.212346
6,1,-2,1,0,0.335893
6,1,-2,1,1,0.281171
6,1,-2,1,2,0.233844
6,1,-2,2,0,0.369942
6,1,-2,2,1,0.302369
6,1,-2,2,2,0.247181
6,1,-2,4,0,0.393734
6,1,-2,4,1,0.33499
6,1,-2,4,2,0.249482
6,1,-2,3,0,0.4315
6,1,-2,3,1,0.347882
6,1,-2,3,2,0.270626
6,1,-2,5,0,0.470021
6,1,-2,5,1,0.376873
6,1,-2,5,2,0.274945
6,1,-2,6,0,0.505908
6,1,-2,6,1,0.420211
6,1,-2,6,2,0.289609
6,1,-2,7,0,0.544343
6,1,-2,7,1,0.445187
6,1,-2,7,2,0.319657
6,1,-1,0,0,0.414507
6,1,-1,0,1,0.374527
6,1,-1,0,2,0.3438
6,1,-1,1,0,0.4779
6,1,-1,1,1,0.420009
6,1,-1,1,2,0.367681
6,1,-1,2,0,0.523782
6,1,-1,2,1,0.449827
6,1,-1,2,2,0.387323
6,1,-1,4,0,0.560999
6,1,-1,4,1,0.49954
6,1,-1,4,2,0.391555
6,1,-1,3,0,0.571837
6,1,-1,3,1,0.486826
6,1,-1,3,2,0.406513
6,1,-1,5,0,0.625724
6,1,-1,5,1,0.532418
6,1,-1,5,2,0.414972
6,1,-1,6,0,0.656742
6,1,-1,6,1,0.573111
6,1,-1,6,2,0.428079
6,1,-1,7,0,0.682627
6,1,-1,7,1,0.588075
6,1,-1,7,2,0.455784
6,1,0,0,0,0.59632
6,1,0,0,1,0.563845
6,1,0,0,2,0.538325
6,1,0,1,0,0.645244
6,1,0,1,1,0.599422
6,1,0,1,2,0.557248
6,1,0,2,0,0.686728
6,1,0,2,1,0.627083
6,1,0,2,2,0.575838
6,1,0,4,0,0.723458
6,1,0,4,1,0.674372
6,1,0,4,2,0.580163
6,1,0,3,0,0.717133
6,1,0,3,1,0.651088
6,1,0,3,2,0.588279
6,1,0,5,0,0.766418
6,1,0,5,1,0.695113
6,1,0,5,2,0.596789
6,1,0,6,0,0.78475
6,1,0,6,1,0.722299
6,1,0,6,2,0.603926
6,1,0,7,0,0.8016
6,1,0,7,1,0.731196
6,1,0,7,2,0.625604
6,1,1,0,0,0.758133
6,1,1,0,1,0.738079
6,1,1,0,2,0.722293
6,1,1,1,0,0.788285
6,1,1,1,1,0.760058
6,1,1,1,2,0.734009
6,1,1,2,0,0.814005
6,1,1,2,1,0.777205
6,1,1,2,2,0.745542
6,1,1,4,0,0.836773
6,1,1,4,1,0.806592
6,1,1,4,2,0.748233
6,1,1,3,0,0.832371
6,1,1,3,1,0.791794
6,1,1,3,2,0.753118
6,1,1,5,0,0.862984
6,1,1,5,1,0.819143
6,1,1,5,2,0.758435
6,1,1,6,0,0.874305
6,1,1,6,1,0.835961
6,1,1,6,2,0.76292
6,1,1,7,0,0.884141
6,1,1,7,1,0.841027
6,1,1,7,2,0.776079
6,1,2,0,0,0.858356
6,1,2,0,1,0.846126
6,1,2,0,2,0.836459
6,1,2,1,0,0.876582
6,1,2,1,1,0.859455
6,1,2,1,2,0.843586
6,1,2,2,0,0.892534
6,1,2,2,1,0.870126
6,1,2,2,2,0.850783
6,1,2,4,0,0.906808
6,1,2,4,1,0.888489
6,1,2,4,2,0.85248
6,1,2,3,0,0.903128
6,1,2,3,1,0.878608
6,1,2,3,2,0.855191
6,1,2,5,0,0.922155
6,1,2,5,1,0.89573
6,1,2,5,2,0.858545
6,1,2,6,0,0.928683
6,1,2,6,1,0.905666
6,1,2,6,2,0.861107
6,1,2,7,0,0.934287
6,1,2,7,1,0.908453
6,1,2,7,2,0.86902
6,1,3,0,0,0.920361
6,1,3,0,1,0.913304
6,1,3,0,2,0.907712
6,1,3,1,0,0.930819
6,1,3,1,1,0.920967
6,1,3,1,2,0.911816
6,1,3,2,0,0.940121
6,1,3,2,1,0.927202
6,1,3,2,2,0.91603
6,1,3,4,0,0.948503
6,1,3,4,1,0.93796
6,1,3,4,2,0.917029
6,1,3,3,0,0.94602
6,1,3,3,1,0.931951
6,1,3,3,2,0.918499
6,1,3,5,0,0.957131
6,1,3,5,1,0.941992
6,1,3,5,2,0.920473
6,1,3,6,0,0.96075
6,1,3,6,1,0.947602
6,1,3,6,2,0.921882
6,1,3,7,0,0.963853
6,1,3,7,1,0.94911
6,1,3,7,2,0.926414
6,1,4,0,0,0.956464
6,1,4,0,1,0.952539
6,1,4,0,2,0.949424
6,1,4,1,0,0.962265
6,1,4,1,1,0.956795
6,1,4,1,2,0.951706
6,1,4,2,0,0.967467
6,1,4,2,1,0.960285
6,1,4,2,2,0.954066
6,1,4,4,0,0.972168
6,1,4,4,1,0.966314
6,1,4,4,2,0.954628
6,1,4,3,0,0.97068
6,1,4,3,1,0.962881
6,1,4,3,2,0.955417
6,1,4,5,0,0.976899
6,1,4,5,1,0.968512
6,1,4,5,2,0.956528
6,1,4,6,0,0.978878
6,1,4,6,1,0.971605
6,1,4,6,2,0.957298
6,1,4,7,0,0.980549
6,1,4,7,1,0.972401
6,1,4,7,2,0.959801
6,1,5,0,0,0.976636
6,1,5,0,1,0.974493
6,1,5,0,2,0.97279
6,1,5,1,0,0.979791
6,1,5,1,1,0.976811
6,1,5,1,2,0.974035
6,1,5,2,0,0.982649
6,1,5,2,1,0.978731
6,1,5,2,2,0.975334
6,1,5,4,0,0.98524
6,1,5,4,1,0.982052
6,1,5,4,2,0.975645
6,1,5,3,0,0.984361
6,1,5,3,1,0.980119
6,1,5,3,2,0.976057
6,1,5,5,0,0.987779
6,1,5,5,1,0.983223
6,1,5,5,2,0.976671
6,1,5,6,0,0.988835
6,1,5,6,1,0.98489
6,1,5,6,2,0.97708
6,1,5,7,0,0.98972
6,1,5,7,1,0.985303
6,1,5,7,2,0.978438
6,1,6,0,0,0.987707
6,1,6,0,1,0.986564
6,1,6,0,2,0.985656
6,1,6,1,0,0.989383
6,1,6,1,1,0.987797
6,1,6,1,2,0.986318
6,1,6,2,0,0.990915
6,1,6,2,1,0.988827
6,1,6,2,2,0.987016
6,1,6,4,0,0.992309
6,1,6,4,1,0.990611
6,1,6,4,2,0.987183
6,1,6,3,0,0.991811
6,1,6,3,1,0.989556
6,1,6,3,2,0.987395
6,1,6,5,0,0.993644
6,1,6,5,1,0.991224
6,1,6,5,2,0.987725
6,1,6,6,0,0.994193
6,1,6,6,1,0.9921
6,1,6,6,2,0.987936
6,1,6,7,0,0.994659
6,1,6,7,1,0.992317
6,1,6,7,2,0.988659
6,1,7,0,0,0.993636
6,1,7,0,1,0.99304
6,1,7,0,2,0.992566
6,1,7,1,0,0.994511
6,1,7,1,1,0.993684
6,1,7,1,2,0.992911
6,1,7,2,0,0.995311
6,1,7,2,1,0.994221
6,1,7,2,2,0.993276
6,1,7,4,0,0.996039
6,1,7,4,1,0.995152
6,1,7,4,2,0.993363
6,1,7,3,0,0.995779
6,1,7,3,1,0.994602
6,1,7,3,2,0.993474
6,1,7,5,0,0.996736
6,1,7,5,1,0.995473
6,1,7,5,2,0.993646
6,1,7,6,0,0.997022
6,1,7,6,1,0.99593
6,1,7,6,2,0.993756
6,1,7,7,0,0.997265
6,1,7,7,1,0.996043
6,1,7,7,2,0.994134
6,1,8,0,0,0.996731
6,1,8,0,1,0.99642
6,1,8,0,2,0.996172
6,1,8,1,0,0.997188
6,1,8,1,1,0.996756
6,1,8,1,2,0.996353
6,1,8,2,0,0.997605
6,1,8,2,1,0.997037
6,1,8,2,2,0.996543
6,1,8,4,0,0.997984
6,1,8,4,1,0.997522
6,1,8,4,2,0.996588
6,1,8,3,0,0.997849
6,1,8,3,1,0.997235
6,1,8,3,2,0.996647
6,1,8,5,0,0.998349
6,1,8,5,1,0.997689
6,1,8,5,2,0.996737
6,1,8,6,0,0.9985
6,1,8,6,1,0.99793
6,1,8,6,2,0.996796
6,1,8,7,0,0.998622
6,1,8,7,1,0.997985
6,1,8,7,2,0.996991
6,1,9,0,0,0.998345
6,1,9,0,1,0.998182
6,1,9,0,2,0.998051
6,1,9,1,0,0.998583
6,1,9,1,1,0.998358
6,1,9,1,2,0.998146
6,1,9,2,0,0.998805
6,1,9,2,1,0.998507
6,1,9,2,2,0.998247
6,1,9,4,0,0.999007
6,1,9,4,1,0.998766
6,1,9,4,2,0.998272
6,1,9,3,0,0.998925
6,1,9,3,1,0.998606
6,1,9,3,2,0.998299
6,1,9,5,0,0.999191
6,1,9,5,1,0.998849
6,1,9,5,2,0.998348
6,1,9,6,0,0.999268
6,1,9,6,1,0.998973
6,1,9,6,2,0.998378
6,1,9,7,0,0.999326
6,1,9,7,1,0.998997
6,1,9,7,2,0.998478
6,1,10,0,0,0.999201
6,1,10,0,1,0.99912
6,1,10,0,2,0.999054
6,1,10,1,0,0.999318
6,1,10,1,1,0.999207
6,1,10,1,2,0.999101
6,1,10,2,0,0.999431
6,1,10,2,1,0.999283
6,1,10,2,2,0.999153
6,1,10,4,0,0.999536
6,1,10,4,1,0.999416
6,1,10,4,2,0.999166
6,1,10,3,0,0.999487
6,1,10,3,1,0.999329
6,1,10,3,2,0.999178
6,1,10,5,0,0.999622
6,1,10,5,1,0.999454
6,1,10,5,2,0.999203
6,1,10,6,0,0.999656
6,1,10,6,1,0.999512
6,1,10,6,2,0.999215
6,1,10,7,0,0.999684
6,1,10,7,1,0.999523
6,1,10,7,2,0.999265
7,0,-10,0,0,0.000992
7,0,-10,0,1,0.000544
7,0,-10,0,2,0.00037
7,0,-10,1,0,0.001862
7,0,-10,1,1,0.000891
7,0,-10,1,2,0.000492
7,0,-10,2,0,0.00191
7,0,-10,2,1,0.000958
7,0,-10,2,2,0.000524
7,0,-10,4,0,0.001667
7,0,-10,4,1,0.001246
7,0,-10,4,2,0.000548
7,0,-10,3,0,0.00382
7,0,-10,3,1,0.001699
7,0,-10,3,2,0.000834
7,0,-10,5,0,0.004174
7,0,-10,5,1,0.001881
7,0,-10,5,2,0.000902
7,0,-10,6,0,0.00358
7,0,-10,6,1,0.001845
7,0,-10,6,2,0.000858
7,0,-10,7,0,0.00792
7,0,-10,7,1,0.003011
7,0,-10,7,2,0.00146
7,0,-9,0,0,0.00204
7,0,-9,0,1,0.001185
7,0,-9,0,2,0.000843
7,0,-9,1,0,0.003705
7,0,-9,1,1,0.001868
7,0,-9,1,2,0.001087
7,0,-9,2,0,0.003908
7,0,-9,2,1,0.002012
7,0,-9,2,2,0.001147
7,0,-9,4,0,0.003434
7,0,-9,4,1,0.00257
7,0,-9,4,2,0.001193
7,0,-9,3,0,0.007473
7,0,-9,3,1,0.00345
7,0,-9,3,2,0.001751
7,0,-9,5,0,0.008294
7,0,-9,5,1,0.003856
7,0,-9,5,2,0.001908
7,0,-9,6,0,0.007069
7,0,-9,6,1,0.003788
7,0,-9,6,2,0.001827
7,0,-9,7,0,0.015445
7,0,-9,7,1,0.006124
7,0,-9,7,2,0.003027
7,0,-8,0,0,0.004
7,0,-8,0,1,0.002424
7,0,-8,0,2,0.001747
7,0,-8,1,0,0.007055
7,0,-8,1,1,0.003745
7,0,-8,1,2,0.002242
7,0,-8,2,0,0.007788
7,0,-8,2,1,0.00411
7,0,-8,2,2,0.002367
7,0,-8,4,0,0.006994
7,0,-8,4,1,0.005217
7,0,-8,4,2,0.002459
7,0,-8,3,0,0.014003
7,0,-8,3,1,0.006763
7,0,-8,3,2,0.003493
7,0,-8,5,0,0.015642
7,0,-8,5,1,0.007733
7,0,-8,5,2,0.003842
7,0,-8,6,0,0.013514
7,0,-8,6,1,0.007686
7,0,-8,6,2,0.003745
7,0,-8,7,0,0.028784
7,0,-8,7,1,0.012208
7,0,-8,7,2,0.006071
7,0,-7,0,0,0.007764
7,0,-7,0,1,0.004917
7,0,-7,0,2,0.003596
7,0,-7,1,0,0.013265
7,0,-7,1,1,0.007436
7,0,-7,1,2,0.00459
7,0,-7,2,0,0.015247
7,0,-7,2,1,0.008266
7,0,-7,2,2,0.004856
7,0,-7,4,0,0.014092
7,0,-7,4,1,0.010422
7,0,-7,4,2,0.005042
7,0,-7,3,0,0.02553
7,0,-7,3,1,0.013097
7,0,-7,3,2,0.006917
7,0,-7,5,0,0.028701
7,0,-7,5,1,0.015193
7,0,-7,5,2,0.007653
7,0,-7,6,0,0.025299
7,0,-7,6,1,0.015312
7,0,-7,6,2,0.007591
7,0,-7,7,0,0.051063
7,0,-7,7,1,0.023811
7,0,-7,7,2,0.011879
7,0,-6,0,0,0.014976
7,0,-6,0,1,0.009955
7,0,-6,0,2,0.007431
7,0,-6,1,0,0.024673
7,0,-6,1,1,0.014683
7,0,-6,1,2,0.009373
7,0,-6,2,0,0.028929
7,0,-6,2,1,0.0164
7,0,-6,2,2,0.009927
7,0,-6,4,0,0.028115
7,0,-6,4,1,0.020166
7,0,-6,4,2,0.010276
7,0,-6,3,0,0.045457
7,0,-6,3,1,0.024985
7,0,-6,3,2,0.013664
7,0,-6,5,0,0.051831
7,0,-6,5,1,0.029082
7,0,-6,5,2,0.015075
7,0,-6,6,0,0.046967
7,0,-6,6,1,0.029728
7,0,-6,6,2,0.015265
7,0,-6,7,0,0.086595
7,0,-6,7,1,0.045186
7,0,-6,7,2,0.022912
7,0,-5,0,0,0.02839
7,0,-5,0,1,0.019801
7,0,-5,0,2,0.015126
7,0,-5,1,0,0.045059
7,0,-5,1,1,0.028452
7,0,-5,1,2,0.018798
7,0,-5,2,0,0.052511
7,0,-5,2,1,0.031755
7,0,-5,2,2,0.019977
7,0,-5,4,0,0.054682
7,0,-5,4,1,0.037893
7,0,-5,4,2,0.020536
7,0,-5,3,0,0.078732
7,0,-5,3,1,0.046342
7,0,-5,3,2,0.026581
7,0,-5,5,0,0.091347
7,0,-5,5,1,0.054145
7,0,-5,5,2,0.028951
7,0,-5,6,0,0.086063
7,0,-5,6,1,0.056129
7,0,-5,6,2,0.030015
7,0,-5,7,0,0.140613
7,0,-5,7,1,0.082052
7,0,-5,7,2,0.043123
7,0,-4,0,0,0.052729
7,0,-4,0,1,0.038553
7,0,-4,0,2,0.030273
7,0,-4,1,0,0.08017
7,0,-4,1,1,0.053792
7,0,-4,1,2,0.03693
7,0,-4,2,0,0.092562
7,0,-4,2,1,0.059994
7,0,-4,2,2,0.039409
7,0,-4,4,0,0.100463
7,0,-4,4,1,0.070386
7,0,-4,4,2,0.040375
7,0,-4,3,0,0.131657
7,0,-4,3,1,0.083319
7,0,-4,3,2,0.050774
7,0,-4,5,0,0.15462
7,0,-4,5,1,0.09774
7,0,-4,5,2,0.05409
7,0,-4,6,0,0.151488
7,0,-4,6,1,0.102124
7,0,-4,6,2,0.056991
7,0,-4,7,0,0.218273
7,0,-4,7,1,0.140679
7,0,-4,7,2,0.07884
7,0,-3,0,0,0.096144
7,0,-3,0,1,0.07394
7,0,-3,0,2,0.060012
7,0,-3,1,0,0.138499
7,0,-3,1,1,0.099318
7,0,-3,1,2,0.071534
7,0,-3,2,0,0.158544
7,0,-3,2,1,0.110101
7,0,-3,2,2,0.076337
7,0,-3,4,0,0.175436
7,0,-3,4,1,0.128213
7,0,-3,4,2,0.078043
7,0,-3,3,0,0.212279
7,0,-3,3,1,0.145277
7,0,-3,3,2,0.095038
7,0,-3,5,0,0.249049
7,0,-3,5,1,0.168705
7,0,-3,5,2,0.099281
7,0,-3,6,0,0.250665
7,0,-3,6,1,0.178145
7,0,-3,6,2,0.10542
7,0,-3,7,0,0.322579
7,0,-3,7,1,0.223979
7,0,-3,7,2,0.135956
7,0,-2,0,0,0.170175
7,0,-2,0,1,0.137892
7,0,-2,0,2,0.116184
7,0,-2,1,0,0.230152
7,0,-2,1,1,0.176809
7,0,-2,1,2,0.134939
7,0,-2,2,0,0.261077
7,0,-2,2,1,0.194017
7,0,-2,2,2,0.143486
7,0,-2,4,0,0.291398
7,0,-2,4,1,0.223832
7,0,-2,4,2,0.14616
7,0,-2,3,0,0.323746
7,0,-2,3,1,0.23819
7,0,-2,3,2,0.168423
7,0,-2,5,0,0.377036
7,0,-2,5,1,0.273738
7,0,-2,5,2,0.174114
7,0,-2,6,0,0.389637
7,0,-2,6,1,0.297063
7,0,-2,6,2,0.187433
7,0,-2,7,0,0.452091
7,0,-2,7,1,0.33433
7,0,-2,7,2,0.22214
7,0,-1,0,0,0.288459
7,0,-1,0,1,0.246619
7,0,-1,0,2,0.216435
7,0,-1,1,0,0.359684
7,0,-1,1,1,0.295273
7,0,-1,1,2,0.240917
7,0,-1,2,0,0.409997
7,0,-1,2,1,0.325978
7,0,-1,2,2,0.258325
7,0,-1,4,0,0.463625
7,0,-1,4,1,0.380456
7,0,-1,4,2,0.264264
7,0,-1,3,0,0.462995
7,0,-1,3,1,0.365633
7,0,-1,3,2,0.282334
7,0,-1,5,0,0.539555
7,0,-1,5,1,0.42445
7,0,-1,5,2,0.291018
7,0,-1,6,0,0.553267
7,0,-1,6,1,0.455403
7,0,-1,6,2,0.30484
7,0,-1,7,0,0.59885
7,0,-1,7,1,0.477062
7,0,-1,7,2,0.342529
7,0,0,0,0,0.479019
7,0,0,0,1,0.441001
7,0,0,0,2,0.41259
7,0,0,1,0,0.539508
7,0,0,1,1,0.483011
7,0,0,1,2,0.434026
7,0,0,2,0,0.592147
7,0,0,2,1,0.516708
7,0,0,2,2,0.454041
7,0,0,4,0,0.649868
7,0,0,4,1,0.577029
7,0,0,4,2,0.461302
7,0,0,3,0,0.626505
7,0,0,3,1,0.543713
7,0,0,3,2,0.471506
7,0,0,5,0,0.701951
7,0,0,5,1,0.605888
7,0,0,5,2,0.480453
7,0,0,6,0,0.706963
7,0,0,6,1,0.628939
7,0,0,6,2,0.48775
7,0,0,7,0,0.738268
7,0,0,7,1,0.641354
7,0,0,7,2,0.520533
7,0,1,0,0,0.676137
7,0,1,0,1,0.651662
7,0,1,0,2,0.633335
7,0,1,1,0,0.715031
7,0,1,1,1,0.678752
7,0,1,1,2,0.647184
7,0,1,2,0,0.748979
7,0,1,2,1,0.700495
7,0,1,2,2,0.660116
7,0,1,4,0,0.786287
7,0,1,4,1,0.739428
7,0,1,4,2,0.664798
7,0,1,3,0,0.770664
7,0,1,3,1,0.717658
7,0,1,3,2,0.671272
7,0,1,5,0,0.819245
7,0,1,5,1,0.757752
7,0,1,5,2,0.677025
7,0,1,6,0,0.82274
7,0,1,6,1,0.772849
7,0,1,6,2,0.681838
7,0,1,7,0,0.841849
7,0,1,7,1,0.780108
7,0,1,7,2,0.702714
7,0,2,0,0,0.803345
7,0,2,0,1,0.787735
7,0,2,0,2,0.775987
7,0,2,1,0,0.82793
7,0,2,1,1,0.804926
7,0,2,1,2,0.7848
7,0,2,2,0,0.849933
7,0,2,2,1,0.819085
7,0,2,2,2,0.793264
7,0,2,4,0,0.874207
7,0,2,4,1,0.844467
7,0,2,4,2,0.796341
7,0,2,3,0,0.862939
7,0,2,3,1,0.829515
7,0,2,3,2,0.800136
7,0,2,5,0,0.894202
7,0,2,5,1,0.855523
7,0,2,5,2,0.803853
7,0,2,6,0,0.896182
7,0,2,6,1,0.865015
7,0,2,6,2,0.806719
7,0,2,7,0,0.907498
7,0,2,7,1,0.869011
7,0,2,7,2,0.819873
7,0,3,0,0,0.885727
7,0,3,0,1,0.876306
7,0,3,0,2,0.869188
7,0,3,1,0,0.900466
7,0,3,1,1,0.886643
7,0,3,1,2,0.8745
7,0,3,2,0,0.913903
7,0,3,2,1,0.89532
7,0,3,2,2,0.879705
7,0,3,4,0,0.928769
7,0,3,4,1,0.910886
7,0,3,4,2,0.881602
7,0,3,3,0,0.921375
7,0,3,3,1,0.901376
7,0,3,3,2,0.88374
7,0,3,5,0,0.940368
7,0,3,5,1,0.917271
7,0,3,5,2,0.886005
7,0,3,6,0,0.941459
7,0,3,6,1,0.922947
7,0,3,6,2,0.887648
7,0,3,7,0,0.947886
7,0,3,7,1,0.925061
7,0,3,7,2,0.89551
7,0,4,0,0,0.936011
7,0,4,0,1,0.930567
7,0,4,0,2,0.926439
7,0,4,1,0,0.944476
7,0,4,1,1,0.936517
7,0,4,1,2,0.929502
7,0,4,2,0,0.952328
7,0,4,2,1,0.941604
7,0,4,2,2,0.932564
7,0,4,4,0,0.961035
7,0,4,4,1,0.950735
7,0,4,4,2,0.933683
7,0,4,3,0,0.956453
7,0,4,3,1,0.94498
7,0,4,3,2,0.934836
7,0,4,5,0,0.967499
7,0,4,5,1,0.954274
7,0,4,5,2,0.936158
7,0,4,6,0,0.968058
7,0,4,6,1,0.957513
7,0,4,6,2,0.937053
7,0,4,7,0,0.971591
7,0,4,7,1,0.9586
7,0,4,7,2,0.941564
7,0,5,0,0,0.965377
7,0,5,0,1,0.96236
7,0,5,0,2,0.960068
7,0,5,1,0,0.970046
7,0,5,1,1,0.965648
7,0,5,1,2,0.961762
7,0,5,2,0,0.97443
7,0,5,2,1,0.968495
7,0,5,2,2,0.963479
7,0,5,4,0,0.9793
7,0,5,4,1,0.973607
7,0,5,4,2,0.964108
7,0,5,3,0,0.97664
7,0,5,3,1,0.970316
7,0,5,3,2,0.964715
7,0,5,5,0,0.982788
7,0,5,5,1,0.975509
7,0,5,5,2,0.965453
7,0,5,6,0,0.98307
7,0,5,6,1,0.977287
7,0,5,6,2,0.965927
7,0,5,7,0,0.984956
7,0,5,7,1,0.977838
7,0,5,7,2,0.968414
7,0,6,0,0,0.981767
7,0,6,0,1,0.980147
7,0,6,0,2,0.978913
7,0,6,1,0,0.984267
7,0,6,1,1,0.981909
7,0,6,1,2,0.979822
7,0,6,2,0,0.986636
7,0,6,2,1,0.98345
7,0,6,2,2,0.980753
7,0,6,4,0,0.989271
7,0,6,4,1,0.986218
7,0,6,4,2,0.981095
7,0,6,3,0,0.987792
7,0,6,3,1,0.984409
7,0,6,3,2,0.981408
7,0,6,5,0,0.991107
7,0,6,5,1,0.987216
7,0,6,5,2,0.981806
7,0,6,6,0,0.991247
7,0,6,6,1,0.988164
7,0,6,6,2,0.982052
7,0,6,7,0,0.99223
7,0,6,7,1,0.988439
7,0,6,7,2,0.983383
7,0,7,0,0,0.990622
7,0,7,0,1,0.989772
7,0,7,0,2,0.989124
7,0,7,1,0,0.991929
7,0,7,1,1,0.990695
7,0,7,1,2,0.9896
7,0,7,2,0,0.993177
7,0,7,2,1,0.991507
7,0,7,2,2,0.990092
7,0,7,4,0,0.994566
7,0,7,4,1,0.992967
7,0,7,4,2,0.990272
7,0,7,3,0,0.99377
7,0,7,3,1,0.992003
7,0,7,3,2,0.990432
7,0,7,5,0,0.995512
7,0,7,5,1,0.993481
7,0,7,5,2,0.990641
7,0,7,6,0,0.995583
7,0,7,6,1,0.993977
7,0,7,6,2,0.990768
7,0,7,7,0,0.996082
7,0,7,7,1,0.994109
7,0,7,7,2,0.991462
7,0,8,0,0,0.995283
7,0,8,0,1,0.994845
7,0,8,0,2,0.994511
7,0,8,1,0,0.995955
7,0,8,1,1,0.99532
7,0,8,1,2,0.994756
7,0,8,2,0,0.996601
7,0,8,2,1,0.995742
7,0,8,2,2,0.995012
7,0,8,4,0,0.997322
7,0,8,4,1,0.996499
7,0,8,4,2,0.995105
7,0,8,3,0,0.996897
7,0,8,3,1,0.995991
7,0,8,3,2,0.995184
7,0,8,5,0,0.997797
7,0,8,5,1,0.996757
7,0,8,5,2,0.995292
7,0,8,6,0,0.997833
7,0,8,6,1,0.997013
7,0,8,6,2,0.995356
7,0,8,7,0,0.998077
7,0,8,7,1,0.997071
7,0,8,7,2,0.995712
7,0,9,0,0,0.997698
7,0,9,0,1,0.997478
7,0,9,0,2,0.99731
7,0,9,1,0,0.998033
7,0,9,1,1,0.997716
7,0,9,1,2,0.997433
7,0,9,2,0,0.998362
7,0,9,2,1,0.997931
7,0,9,2,2,0.997563
7,0,9,4,0,0.998729
7,0,9,4,1,0.998318
7,0,9,4,2,0.997611
7,0,9,3,0,0.998502
7,0,9,3,1,0.99805
7,0,9,3,2,0.997647
7,0,9,5,0,0.998957
7,0,9,5,1,0.99844
7,0,9,5,2,0.997702
7,0,9,6,0,0.998971
7,0,9,6,1,0.998566
7,0,9,6,2,0.997731
7,0,9,7,0,0.999088
7,0,9,7,1,0.998591
7,0,9,7,2,0.997909
7,0,10,0,0,0.998925
7,0,10,0,1,0.998821
7,0,10,0,2,0.998741
7,0,10,1,0,0.999084
7,0,10,1,1,0.998933
7,0,10,1,2,0.998799
7,0,10,2,0,0.999241
7,0,10,2,1,0.999036
7,0,10,2,2,0.998862
7,0,10,4,0,0.999417
7,0,10,4,1,0.999222
7,0,10,4,2,0.998885
7,0,10,3,0,0.999305
7,0,10,3,1,0.999092
7,0,10,3,2,0.998901
7,0,10,5,0,0.999522
7,0,10,5,1,0.999278
7,0,10,5,2,0.998927
7,0,10,6,0,0.999528
7,0,10,6,1,0.999337
7,0,10,6,2,0.99894
7,0,10,7,0,0.999581
7,0,10,7,1,0.999348
7,0,10,7,2,0.999024
7,1,-10,0,0,0.001317
7,1,-10,0,1,0.000735
7,1,-10,0,2,0.000463
7,1,-10,1,0,0.002476
7,1,-10,1,1,0.00124
7,1,-10,1,2,0.000651
7,1,-10,2,0,0.002718
7,1,-10,2,1,0.00141
7,1,-10,2,2,0.000702
7,1,-10,4,0,0.003406
7,1,-10,4,1,0.001453
7,1,-10,4,2,0.000715
7,1,-10,3,0,0.004952
7,1,-10,3,1,0.002341
7,1,-10,3,2,0.001072
7,1,-10,5,0,0.004981
7,1,-10,5,1,0.002631
7,1,-10,5,2,0.001018
7,1,-10,6,0,0.005829
7,1,-10,6,1,0.002959
7,1,-10,6,2,0.001099
7,1,-10,7,0,0.008732
7,1,-10,7,1,0.00449
7,1,-10,7,2,0.001806
7,1,-9,0,0,0.00281
7,1,-9,0,1,0.001668
7,1,-9,0,2,0.001114
7,1,-9,1,0,0.005074
7,1,-9,1,1,0.002691
7,1,-9,1,2,0.001501
7,1,-9,2,0,0.005575
7,1,-9,2,1,0.003041
7,1,-9,2,2,0.001611
7,1,-9,4,0,0.006566
7,1,-9,4,1,0.003139
7,1,-9,4,2,0.001636
7,1,-9,3,0,0.009891
7,1,-9,3,1,0.004906
7,1,-9,3,2,0.002362
7,1,-9,5,0,0.009781
7,1,-9,5,1,0.005478
7,1,-9,5,2,0.002262
7,1,-9,6,0,0.011548
7,1,-9,6,1,0.006176
7,1,-9,6,2,0.002429
7,1,-9,7,0,0.016986
7,1,-9,7,1,0.009175
7,1,-9,7,2,0.003845
7,1,-8,0,0,0.005726
7,1,-8,0,1,0.003582
7,1,-8,0,2,0.002471
7,1,-8,1,0,0.009953
7,1,-8,1,1,0.005624
7,1,-8,1,2,0.003258
7,1,-8,2,0,0.011014
7,1,-8,2,1,0.0063
7,1,-8,2,2,0.00349
7,1,-8,4,0,0.012175
7,1,-8,4,1,0.006571
7,1,-8,4,2,0.003539
7,1,-8,3,0,0.018898
7,1,-8,3,1,0.00997
7,1,-8,3,2,0.004993
7,1,-8,5,0,0.018243
7,1,-8,5,1,0.010984
7,1,-8,5,2,0.004802
7,1,-8,6,0,0.0219
7,1,-8,6,1,0.012475
7,1,-8,6,2,0.005151
7,1,-8,7,0,0.031317
7,1,-8,7,1,0.018149
7,1,-8,7,2,0.007949
7,1,-7,0,0,0.011333
7,1,-7,0,1,0.007456
7,1,-7,0,2,0.005269
7,1,-7,1,0,0.018895
7,1,-7,1,1,0.011418
7,1,-7,1,2,0.006826
7,1,-7,2,0,0.021096
7,1,-7,2,1,0.012699
7,1,-7,2,2,0.007339
7,1,-7,4,0,0.02307
7,1,-7,4,1,0.013395
7,1,-7,4,2,0.007437
7,1,-7,3,0,0.034392
7,1,-7,3,1,0.019635
7,1,-7,3,2,0.010211
7,1,-7,5,0,0.033964
7,1,-7,5,1,0.021237
7,1,-7,5,2,0.009927
7,1,-7,6,0,0.040428
7,1,-7,6,1,0.024447
7,1,-7,6,2,0.010652
7,1,-7,7,0,0.055874
7,1,-7,7,1,0.034454
7,1,-7,7,2,0.015885
7,1,-6,0,0,0.021955
7,1,-6,0,1,0.015122
7,1,-6,0,2,0.011003
7,1,-6,1,0,0.035103
7,1,-6,1,1,0.022443
7,1,-6,1,2,0.013984
7,1,-6,2,0,0.039142
7,1,-6,2,1,0.024923
7,1,-6,2,2,0.01509
7,1,-6,4,0,0.042602
7,1,-6,4,1,0.02643
7,1,-6,4,2,0.015279
7,1,-6,3,0,0.061096
7,1,-6,3,1,0.037251
7,1,-6,3,2,0.020326
7,1,-6,5,0,0.062094
7,1,-6,5,1,0.039829
7,1,-6,5,2,0.019974
7,1,-6,6,0,0.072203
7,1,-6,6,1,0.046556
7,1,-6,6,2,0.02139
7,1,-6,7,0,0.097247
7,1,-6,7,1,0.06316
7,1,-6,7,2,0.030551
7,1,-5,0,0,0.041539
7,1,-5,0,1,0.029864
7,1,-5,0,2,0.02251
7,1,-5,1,0,0.063726
7,1,-5,1,1,0.042721
7,1,-5,1,2,0.027981
7,1,-5,2,0,0.071
7,1,-5,2,1,0.047499
7,1,-5,2,2,0.030252
7,1,-5,4,0,0.075567
7,1,-5,4,1,0.050783
7,1,-5,4,2,0.030581
7,1,-5,3,0,0.106334
7,1,-5,3,1,0.068133
7,1,-5,3,2,0.039442
7,1,-5,5,0,0.10986
7,1,-5,5,1,0.072957
7,1,-5,5,2,0.039188
7,1,-5,6,0,0.125207
7,1,-5,6,1,0.085509
7,1,-5,6,2,0.041664
7,1,-5,7,0,0.163079
7,1,-5,7,1,0.111246
7,1,-5,7,2,0.057364
7,1,-4,0,0,0.076444
7,1,-4,0,1,0.05744
7,1,-4,0,2,0.044984
7,1,-4,1,0,0.111961
7,1,-4,1,1,0.079063
7,1,-4,1,2,0.054626
7,1,-4,2,0,0.124447
7,1,-4,2,1,0.087273
7,1,-4,2,2,0.05895
7,1,-4,4,0,0.131388
7,1,-4,4,1,0.094664
7,1,-4,4,2,0.059328
7,1,-4,3,0,0.177566
7,1,-4,3,1,0.120525
7,1,-4,3,2,0.074561
7,1,-4,5,0,0.18644
7,1,-4,5,1,0.128816
7,1,-4,5,2,0.074362
7,1,-4,6,0,0.209625
7,1,-4,6,1,0.150601
7,1,-4,6,2,0.079103
7,1,-4,7,0,0.261563
7,1,-4,7,1,0.187615
7,1,-4,7,2,0.105756
7,1,-3,0,0,0.135758
7,1,-3,0,1,0.10685
7,1,-3,0,2,0.086957
7,1,-3,1,0,0.188244
7,1,-3,1,1,0.140844
7,1,-3,1,2,0.102965
7,1,-3,2,0,0.210011
7,1,-3,2,1,0.154286
7,1,-3,2,2,0.110804
7,1,-3,4,0,0.223745
7,1,-3,4,1,0.170855
7,1,-3,4,2,0.111543
7,1,-3,3,0,0.279812
7,1,-3,3,1,0.202703
7,1,-3,3,2,0.135049
7,1,-3,5,0,0.301469
7,1,-3,5,1,0.217285
7,1,-3,5,2,0.13541
7,1,-3,6,0,0.331967
7,1,-3,6,1,0.252046
7,1,-3,6,2,0.144428
7,1,-3,7,0,0.389608
7,1,-3,7,1,0.292768
7,1,-3,7,2,0.179785
7,1,-2,0,0,0.23213
7,1,-2,0,1,0.191909
7,1,-2,0,2,0.162598
7,1,-2,1,0,0.302409
7,1,-2,1,1,0.240662
7,1,-2,1,2,0.187277
7,1,-2,2,0,0.337899
7,1,-2,2,1,0.262002
7,1,-2,2,2,0.200447
7,1,-2,4,0,0.360146
7,1,-2,4,1,0.294258
7,1,-2,4,2,0.202403
7,1,-2,3,0,0.411353
7,1,-2,3,1,0.317057
7,1,-2,3,2,0.229113
7,1,-2,5,0,0.45179
7,1,-2,5,1,0.344668
7,1,-2,5,2,0.232871
7,1,-2,6,0,0.496353
7,1,-2,6,1,0.397957
7,1,-2,6,2,0.252295
7,1,-2,7,0,0.538664
7,1,-2,7,1,0.425451
7,1,-2,7,2,0.285404
7,1,-1,0,0,0.379228
7,1,-1,0,1,0.330308
7,1,-1,0,2,0.292316
7,1,-1,1,0,0.455809
7,1,-1,1,1,0.38593
7,1,-1,1,2,0.321857
7,1,-1,2,0,0.513641
7,1,-1,2,1,0.423581
7,1,-1,2,2,0.346821
7,1,-1,4,0,0.560896
7,1,-1,4,1,0.487363
7,1,-1,4,2,0.352335
7,1,-1,3,0,0.566584
7,1,-1,3,1,0.465337
7,1,-1,3,2,0.368649
7,1,-1,5,0,0.635221
7,1,-1,5,1,0.523855
7,1,-1,5,2,0.379929
7,1,-1,6,0,0.672525
7,1,-1,6,1,0.573393
7,1,-1,6,2,0.396534
7,1,-1,7,0,0.696991
7,1,-1,7,1,0.586281
7,1,-1,7,2,0.42765
7,1,0,0,0,0.60685
7,1,0,0,1,0.569647
7,1,0,0,2,0.539945
7,1,0,1,0,0.660929
7,1,0,1,1,0.609465
7,1,0,1,2,0.561369
7,1,0,2,0,0.711693
7,1,0,2,1,0.643754
7,1,0,2,2,0.584664
7,1,0,4,0,0.758568
7,1,0,4,1,0.703281
7,1,0,4,2,0.590297
7,1,0,3,0,0.739353
7,1,0,3,1,0.666348
7,1,0,3,2,0.5964
7,1,0,5,0,0.800152
7,1,0,5,1,0.722147
7,1,0,5,2,0.607472
7,1,0,6,0,0.816359
7,1,0,6,1,0.749245
7,1,0,6,2,0.613391
7,1,0,7,0,0.831233
7,1,0,7,1,0.756028
7,1,0,7,2,0.637043
7,1,1,0,0,0.802979
7,1,1,0,1,0.784872
7,1,1,0,2,0.77049
7,1,1,1,0,0.829707
7,1,1,1,1,0.804508
7,1,1,1,2,0.781033
7,1,1,2,0,0.853752
7,1,1,2,1,0.820637
7,1,1,2,2,0.791945
7,1,1,4,0,0.875479
7,1,1,4,1,0.848536
7,1,1,4,2,0.794545
7,1,1,3,0,0.868391
7,1,1,3,1,0.832513
7,1,1,3,2,0.798132
7,1,1,5,0,0.897161
7,1,1,5,1,0.858559
7,1,1,5,2,0.803281
7,1,1,6,0,0.906274
7,1,1,6,1,0.872833
7,1,1,6,2,0.806863
7,1,1,7,0,0.913731
7,1,1,7,1,0.876316
7,1,1,7,2,0.818313
7,1,2,0,0,0.896166
7,1,2,0,1,0.886355
7,1,2,0,2,0.878538
7,1,2,1,0,0.910543
7,1,2,1,1,0.896941
7,1,2,1,2,0.884234
7,1,2,2,0,0.923745
7,1,2,2,1,0.905821
7,1,2,2,2,0.890255
7,1,2,4,0,0.935776
7,1,2,4,1,0.921224
7,1,2,4,2,0.8917
7,1,2,3,0,0.931304
7,1,2,3,1,0.911992
7,1,2,3,2,0.893469
7,1,2,5,0,0.947117
7,1,2,5,1,0.926397
7,1,2,5,2,0.89633
7,1,2,6,0,0.951798
7,1,2,6,1,0.933904
7,1,2,6,2,0.898142
7,1,2,7,0,0.955636
7,1,2,7,1,0.935636
7,1,2,7,2,0.904295
7,1,3,0,0,0.947241
7,1,3,0,1,0.942186
7,1,3,0,2,0.938153
7,1,3,1,0,0.954619
7,1,3,1,1,0.947623
7,1,3,1,2,0.941081
7,1,3,2,0,0.961468
7,1,3,2,1,0.952238
7,1,3,2,2,0.944213
7,1,3,4,0,0.967743
7,1,3,4,1,0.960252
7,1,3,4,2,0.944968
7,1,3,3,0,0.96527
7,1,3,3,1,0.955352
7,1,3,3,2,0.945835
7,1,3,5,0,0.97348
7,1,3,5,1,0.962853
7,1,3,5,2,0.947327
7,1,3,6,0,0.975807
7,1,3,6,1,0.966649
7,1,3,6,2,0.948216
7,1,3,7,0,0.977748
7,1,3,7,1,0.967512
7,1,3,7,2,0.951382
7,1,4,0,0,0.973716
7,1,4,0,1,0.971184
7,1,4,0,2,0.969163
7,1,4,1,0,0.977413
7,1,4,1,1,0.97391
7,1,4,1,2,0.970632
7,1,4,2,0,0.980843
7,1,4,2,1,0.97622
7,1,4,2,2,0.9722
7,1,4,4,0,0.983983
7,1,4,4,1,0.980233
7,1,4,4,2,0.972578
7,1,4,3,0,0.982743
7,1,4,3,1,0.977779
7,1,4,3,2,0.973012
7,1,4,5,0,0.986856
7,1,4,5,1,0.981534
7,1,4,5,2,0.97376
7,1,4,6,0,0.988029
7,1,4,6,1,0.983443
7,1,4,6,2,0.974212
7,1,4,7,0,0.988986
7,1,4,7,1,0.983863
7,1,4,7,2,0.97579
7,1,5,0,0,0.986973
7,1,5,0,1,0.985703
7,1,5,0,2,0.984688
7,1,5,1,0,0.988823
7,1,5,1,1,0.987068
7,1,5,1,2,0.985424
7,1,5,2,0,0.990553
7,1,5,2,1,0.988234
7,1,5,2,2,0.986216
7,1,5,4,0,0.99214
7,1,5,4,1,0.990263
7,1,5,4,2,0.986408
7,1,5,3,0,0.991485
7,1,5,3,1,0.989001
7,1,5,3,2,0.986615
7,1,5,5,0,0.99356
7,1,5,5,1,0.9909
7,1,5,5,2,0.986995
7,1,5,6,0,0.994137
7,1,5,6,1,0.991848
7,1,5,6,2,0.987216
7,1,5,7,0,0.994604
7,1,5,7,1,0.992049
7,1,5,7,2,0.988003
7,1,6,0,0,0.993655
7,1,6,0,1,0.993031
7,1,6,0,2,0.992533
7,1,6,1,0,0.99456
7,1,6,1,1,0.993699
7,1,6,1,2,0.992893
7,1,6,2,0,0.995414
7,1,6,2,1,0.994276
7,1,6,2,2,0.993285
7,1,6,4,0,0.996202
7,1,6,4,1,0.99528
7,1,6,4,2,0.99338
7,1,6,3,0,0.995865
7,1,6,3,1,0.994647
7,1,6,3,2,0.993478
7,1,6,5,0,0.996889
7,1,6,5,1,0.995588
7,1,6,5,2,0.993666
7,1,6,6,0,0.997162
7,1,6,6,1,0.996044
7,1,6,6,2,0.993768
7,1,6,7,0,0.997394
7,1,6,7,1,0.996144
7,1,6,7,2,0.994157
7,1,7,0,0,0.996953
7,1,7,0,1,0.996654
7,1,7,0,2,0.996416
7,1,7,1,0,0.997388
7,1,7,1,1,0.996975
7,1,7,1,2,0.996588
7,1,7,2,0,0.997794
7,1,7,2,1,0.997249
7,1,7,2,2,0.996774
7,1,7,4,0,0.998168
7,1,7,4,1,0.997725
7,1,7,4,2,0.996819
7,1,7,3,0,0.998017
7,1,7,3,1,0.997432
7,1,7,3,2,0.99687
7,1,7,5,0,0.998504
7,1,7,5,1,0.997877
7,1,7,5,2,0.996958
7,1,7,6,0,0.998638
7,1,7,6,1,0.998099
7,1,7,6,2,0.997009
7,1,7,7,0,0.998753
7,1,7,7,1,0.99815
7,1,7,7,2,0.997197
7,1,8,0,0,0.998522
7,1,8,0,1,0.998375
7,1,8,0,2,0.998257
7,1,8,1,0,0.998738
7,1,8,1,1,0.998534
7,1,8,1,2,0.998343
7,1,8,2,0,0.998937
7,1,8,2,1,0.998667
7,1,8,2,2,0.998433
7,1,8,4,0,0.999117
7,1,8,4,1,0.998899
7,1,8,4,2,0.998455
7,1,8,3,0,0.999049
7,1,8,3,1,0.99876
7,1,8,3,2,0.998482
7,1,8,5,0,0.999287
7,1,8,5,1,0.998976
7,1,8,5,2,0.998525
7,1,8,6,0,0.999359
7,1,8,6,1,0.999091
7,1,8,6,2,0.998554
7,1,8,7,0,0.999412
7,1,8,7,1,0.999113
7,1,8,7,2,0.998644
7,1,9,0,0,0.999289
7,1,9,0,1,0.999213
7,1,9,0,2,0.999151
7,1,9,1,0,0.999399
7,1,9,1,1,0.999294
7,1,9,1,2,0.999196
7,1,9,2,0,0.999505
7,1,9,2,1,0.999366
7,1,9,2,2,0.999244
7,1,9,4,0,0.999602
7,1,9,4,1,0.999491
7,1,9,4,2,0.999256
7,1,9,3,0,0.999555
7,1,9,3,1,0.999408
7,1,9,3,2,0.999266
7,1,9,5,0,0.999682
7,1,9,5,1,0.999525
7,1,9,5,2,0.99929
7,1,9,6,0,0.999716
7,1,9,6,1,0.999582
7,1,9,6,2,0.999304
7,1,9,7,0,0.999738
7,1,9,7,1,0.999589
7,1,9,7,2,0.999349
7,1,10,0,0,0.999696
7,1,10,0,1,0.999662
7,1,10,0,2,0.999633
7,1,10,1,0,0.999745
7,1,10,1,1,0.999698
7,1,10,1,2,0.999653
7,1,10,2,0,0.999795
7,1,10,2,1,0.999732
7,1,10,2,2,0.999677
7,1,10,4,0,0.999844
7,1,10,4,1,0.999793
7,1,10,4,2,0.999683
7,1,10,3,0,0.999814
7,1,10,3,1,0.999748
7,1,10,3,2,0.999685
7,1,10,5,0,0.999875
7,1,10,5,1,0.999806
7,1,10,5,2,0.999697
7,1,10,6,0,0.999885
7,1,10,6,1,0.999827
7,1,10,6,2,0.9997
7,1,10,7,0,0.999895
7,1,10,7,1,0.99983
7,1,10,7,2,0.999721
8,0,-10,0,0,0.000387
8,0,-10,0,1,0.000153
8,0,-10,0,2,8.4e-05
8,0,-10,1,0,0.000845
8,0,-10,1,1,0.000304
8,0,-10,1,2,0.000126
8,0,-10,2,0,0.000707
8,0,-10,2,1,0.0003
8,0,-10,2,2,0.000136
8,0,-10,4,0,0.000541
8,0,-10,4,1,0.000423
8,0,-10,4,2,0.000146
8,0,-10,3,0,0.001875
8,0,-10,3,1,0.000678
8,0,-10,3,2,0.000289
8,0,-10,5,0,0.001923
8,0,-10,5,1,0.000676
8,0,-10,5,2,0.000292
8,0,-10,6,0,0.001623
8,0,-10,6,1,0.000632
8,0,-10,6,2,0.000252
8,0,-10,7,0,0.00401
8,0,-10,7,1,0.001134
8,0,-10,7,2,0.000514
8,0,-9,0,0,0.000892
8,0,-9,0,1,0.000394
8,0,-9,0,2,0.000246
8,0,-9,1,0,0.001874
8,0,-9,1,1,0.000721
8,0,-9,1,2,0.000337
8,0,-9,2,0,0.001658
8,0,-9,2,1,0.000706
8,0,-9,2,2,0.000351
8,0,-9,4,0,0.001216
8,0,-9,4,1,0.000961
8,0,-9,4,2,0.000371
8,0,-9,3,0,0.00417
8,0,-9,3,1,0.00154
8,0,-9,3,2,0.000688
8,0,-9,5,0,0.004527
8,0,-9,5,1,0.001574
8,0,-9,5,2,0.000728
8,0,-9,6,0,0.003575
8,0,-9,6,1,0.001433
8,0,-9,6,2,0.000614
8,0,-9,7,0,0.00919
8,0,-9,7,1,0.002623
8,0,-9,7,2,0.001236
8,0,-8,0,0,0.001825
8,0,-8,0,1,0.000851
8,0,-8,0,2,0.000529
8,0,-8,1,0,0.00372
8,0,-8,1,1,0.001525
8,0,-8,1,2,0.000736
8,0,-8,2,0,0.003729
8,0,-8,2,1,0.001614
8,0,-8,2,2,0.000768
8,0,-8,4,0,0.00274
8,0,-8,4,1,0.002235
8,0,-8,4,2,0.000811
8,0,-8,3,0,0.00843
8,0,-8,3,1,0.00323
8,0,-8,3,2,0.001423
8,0,-8,5,0,0.009159
8,0,-8,5,1,0.003576
8,0,-8,5,2,0.001576
8,0,-8,6,0,0.007263
8,0,-8,6,1,0.003322
8,0,-8,6,2,0.001373
8,0,-8,7,0,0.019357
8,0,-8,7,1,0.005968
8,0,-8,7,2,0.002781
8,0,-7,0,0,0.003751
8,0,-7,0,1,0.001864
8,0,-7,0,2,0.001164
8,0,-7,1,0,0.007391
8,0,-7,1,1,0.003267
8,0,-7,1,2,0.001651
8,0,-7,2,0,0.008381
8,0,-7,2,1,0.003614
8,0,-7,2,2,0.001721
8,0,-7,4,0,0.006205
8,0,-7,4,1,0.005122
8,0,-7,4,2,0.001839
8,0,-7,3,0,0.016462
8,0,-7,3,1,0.006855
8,0,-7,3,2,0.002987
8,0,-7,5,0,0.017802
8,0,-7,5,1,0.007906
8,0,-7,5,2,0.003468
8,0,-7,6,0,0.01426
8,0,-7,6,1,0.00757
8,0,-7,6,2,0.003107
8,0,-7,7,0,0.037515
8,0,-7,7,1,0.013371
8,0,-7,7,2,0.005955
8,0,-6,0,0,0.007817
8,0,-6,0,1,0.004213
8,0,-6,0,2,0.002682
8,0,-6,1,0,0.01478
8,0,-6,1,1,0.007157
8,0,-6,1,2,0.003791
8,0,-6,2,0,0.017908
8,0,-6,2,1,0.008078
8,0,-6,2,2,0.003947
8,0,-6,4,0,0.014686
8,0,-6,4,1,0.010818
8,0,-6,4,2,0.004207
8,0,-6,3,0,0.031516
8,0,-6,3,1,0.014539
8,0,-6,3,2,0.006458
8,0,-6,5,0,0.034925
8,0,-6,5,1,0.016844
8,0,-6,5,2,0.007651
8,0,-6,6,0,0.028862
8,0,-6,6,1,0.01662
8,0,-6,6,2,0.007201
8,0,-6,7,0,0.068386
8,0,-6,7,1,0.029443
8,0,-6,7,2,0.012844
8,0,-5,0,0,0.016023
8,0,-5,0,1,0.009311
8,0,-5,0,2,0.006064
8,0,-5,1,0,0.029277
8,0,-5,1,1,0.015419
8,0,-5,1,2,0.008478
8,0,-5,2,0,0.034963
8,0,-5,2,1,0.017447
8,0,-5,2,2,0.008954
8,0,-5,4,0,0.034304
8,0,-5,4,1,0.021578
8,0,-5,4,2,0.009313
8,0,-5,3,0,0.058859
8,0,-5,3,1,0.029737
8,0,-5,3,2,0.013885
8,0,-5,5,0,0.067844
8,0,-5,5,1,0.034968
8,0,-5,5,2,0.016221
8,0,-5,6,0,0.060152
8,0,-5,6,1,0.035482
8,0,-5,6,2,0.016264
8,0,-5,7,0,0.118373
8,0,-5,7,1,0.061153
8,0,-5,7,2,0.027253
8,0,-4,0,0,0.032247
8,0,-4,0,1,0.020054
8,0,-4,0,2,0.013539
8,0,-4,1,0,0.056595
8,0,-4,1,1,0.032421
8,0,-4,1,2,0.018578
8,0,-4,2,0,0.066396
8,0,-4,2,1,0.036933
8,0,-4,2,2,0.019958
8,0,-4,4,0,0.07092
8,0,-4,4,1,0.043949
8,0,-4,4,2,0.02059
8,0,-4,3,0,0.10579
8,0,-4,3,1,0.059017
8,0,-4,3,2,0.029945
8,0,-4,5,0,0.12559
8,0,-4,5,1,0.070836
8,0,-4,5,2,0.033179
8,0,-4,6,0,0.119763
8,0,-4,6,1,0.072253
8,0,-4,6,2,0.034685
8,0,-4,7,0,0.194598
8,0,-4,7,1,0.11699
8,0,-4,7,2,0.057081
8,0,-3,0,0,0.064663
8,0,-3,0,1,0.043369
8,0,-3,0,2,0.030716
8,0,-3,1,0,0.106847
8,0,-3,1,1,0.067474
8,0,-3,1,2,0.04111
8,0,-3,2,0,0.123888
8,0,-3,2,1,0.076191
8,0,-3,2,2,0.044317
8,0,-3,4,0,0.13678
8,0,-3,4,1,0.090046
8,0,-3,4,2,0.045553
8,0,-3,3,0,0.184706
8,0,-3,3,1,0.115467
8,0,-3,3,2,0.064845
8,0,-3,5,0,0.219372
8,0,-3,5,1,0.135713
8,0,-3,5,2,0.068652
8,0,-3,6,0,0.218563
8,0,-3,6,1,0.140775
8,0,-3,6,2,0.073436
8,0,-3,7,0,0.30242
8,0,-3,7,1,0.198738
8,0,-3,7,2,0.107563
8,0,-2,0,0,0.126902
8,0,-2,0,1,0.091852
8,0,-2,0,2,0.068795
8,0,-2,1,0,0.194915
8,0,-2,1,1,0.135921
8,0,-2,1,2,0.089881
8,0,-2,2,0,0.22365
8,0,-2,2,1,0.150692
8,0,-2,2,2,0.096367
8,0,-2,4,0,0.251241
8,0,-2,4,1,0.175848
8,0,-2,4,2,0.098008
8,0,-2,3,0,0.300679
8,0,-2,3,1,0.205416
8,0,-2,3,2,0.127099
8,0,-2,5,0,0.354516
8,0,-2,5,1,0.237776
8,0,-2,5,2,0.132331
8,0,-2,6,0,0.373998
8,0,-2,6,1,0.266516
8,0,-2,6,2,0.15045
8,0,-2,7,0,0.44311
8,0,-2,7,1,0.309698
8,0,-2,7,2,0.18836
8,0,-1,0,0,0.239459
8,0,-1,0,1,0.187303
8,0,-1,0,2,0.149238
8,0,-1,1,0,0.327625
8,0,-1,1,1,0.248459
8,0,-1,1,2,0.180348
8,0,-1,2,0,0.391138
8,0,-1,2,1,0.287359
8,0,-1,2,2,0.202626
8,0,-1,4,0,0.459754
8,0,-1,4,1,0.356532
8,0,-1,4,2,0.210122
8,0,-1,3,0,0.451793
8,0,-1,3,1,0.333887
8,0,-1,3,2,0.231337
8,0,-1,5,0,0.547365
8,0,-1,5,1,0.408096
8,0,-1,5,2,0.242111
8,0,-1,6,0,0.567672
8,0,-1,6,1,0.449912
8,0,-1,6,2,0.260759
8,0,-1,7,0,0.612306
8,0,-1,7,1,0.468014
8,0,-1,7,2,0.304959
8,0,0,0,0,0.480845
8,0,0,0,1,0.435307
8,0,0,0,2,0.400567
8,0,0,1,0,0.550531
8,0,0,1,1,0.484375
8,0,0,1,2,0.425875
8,0,0,2,0,0.618062
8,0,0,2,1,0.528477
8,0,0,2,2,0.452587
8,0,0,4,0,0.693173
8,0,0,4,1,0.607733
8,0,0,4,2,0.462462
8,0,0,3,0,0.649405
8,0,0,3,1,0.554539
8,0,0,3,2,0.470513
8,0,0,5,0,0.74345
8,0,0,5,1,0.634637
8,0,0,5,2,0.481878
8,0,0,6,0,0.745564
8,0,0,6,1,0.659852
8,0,0,6,2,0.487681
8,0,0,7,0,0.774052
8,0,0,7,1,0.668175
8,0,0,7,2,0.525401
8,0,1,0,0,0.732706
8,0,1,0,1,0.710067
8,0,1,0,2,0.692922
8,0,1,1,0,0.767995
8,0,1,1,1,0.734859
8,0,1,1,2,0.705679
8,0,1,2,0,0.800499
8,0,1,2,1,0.75589
8,0,1,2,2,0.718319
8,0,1,4,0,0.836521
8,0,1,4,1,0.793628
8,0,1,4,2,0.722934
8,0,1,3,0,0.817939
8,0,1,3,1,0.770125
8,0,1,3,2,0.72787
8,0,1,5,0,0.863753
8,0,1,5,1,0.808588
8,0,1,5,2,0.73334
8,0,1,6,0,0.866249
8,0,1,6,1,0.822163
8,0,1,6,2,0.737175
8,0,1,7,0,0.881091
8,0,1,7,1,0.826829
8,0,1,7,2,0.755964
8,0,2,0,0,0.85431
8,0,2,0,1,0.841552
8,0,2,0,2,0.831856
8,0,2,1,0,0.874068
8,0,2,1,1,0.855468
8,0,2,1,2,0.83903
8,0,2,2,0,0.892593
8,0,2,2,1,0.867493
8,0,2,2,2,0.846281
8,0,2,4,0,0.913173
8,0,2,4,1,0.889086
8,0,2,4,2,0.848936
8,0,2,3,0,0.901957
8,0,2,3,1,0.875219
8,0,2,3,2,0.851523
8,0,2,5,0,0.927942
8,0,2,5,1,0.897155
8,0,2,5,2,0.854635
8,0,2,6,0,0.929177
8,0,2,6,1,0.904704
8,0,2,6,2,0.856666
8,0,2,7,0,0.937093
8,0,2,7,1,0.907
8,0,2,7,2,0.867171
8,0,3,0,0,0.923575
8,0,3,0,1,0.916697
8,0,3,0,2,0.911456
8,0,3,1,0,0.934174
8,0,3,1,1,0.924179
8,0,3,1,2,0.91532
8,0,3,2,0,0.944244
8,0,3,2,1,0.93073
8,0,3,2,2,0.919279
8,0,3,4,0,0.955449
8,0,3,4,1,0.9425
8,0,3,4,2,0.920731
8,0,3,3,0,0.949091
8,0,3,3,1,0.934768
8,0,3,3,2,0.922044
8,0,3,5,0,0.963164
8,0,3,5,1,0.946696
8,0,3,5,2,0.923734
8,0,3,6,0,0.963776
8,0,3,6,1,0.950742
8,0,3,6,2,0.924785
8,0,3,7,0,0.967837
8,0,3,7,1,0.951821
8,0,3,7,2,0.930406
8,0,4,0,0,0.961209
8,0,4,0,1,0.957628
8,0,4,0,2,0.954891
8,0,4,1,0,0.966694
8,0,4,1,1,0.961507
8,0,4,1,2,0.956897
8,0,4,2,0,0.971993
8,0,4,2,1,0.964964
8,0,4,2,2,0.958992
8,0,4,4,0,0.977899
8,0,4,4,1,0.971179
8,0,4,4,2,0.959763
8,0,4,3,0,0.974401
8,0,4,3,1,0.966991
8,0,4,3,2,0.960395
8,0,4,5,0,0.981775
8,0,4,5,1,0.973271
8,0,4,5,2,0.961283
8,0,4,6,0,0.982039
8,0,4,6,1,0.975343
8,0,4,6,2,0.961791
8,0,4,7,0,0.984065
8,0,4,7,1,0.975838
8,0,4,7,2,0.964703
8,0,5,0,0,0.980997
8,0,5,0,1,0.979214
8,0,5,0,2,0.977848
8,0,5,1,0,0.983719
8,0,5,1,1,0.981141
8,0,5,1,2,0.978846
8,0,5,2,0,0.986373
8,0,5,2,1,0.982875
8,0,5,2,2,0.979899
8,0,5,4,0,0.989335
8,0,5,4,1,0.985994
8,0,5,4,2,0.980287
8,0,5,3,0,0.98754
8,0,5,3,1,0.983863
8,0,5,3,2,0.980587
8,0,5,5,0,0.991225
8,0,5,5,1,0.98701
8,0,5,5,2,0.981032
8,0,5,6,0,0.991342
8,0,5,6,1,0.988033
8,0,5,6,2,0.981274
8,0,5,7,0,0.992325
8,0,5,7,1,0.988261
8,0,5,7,2,0.98272
8,0,6,0,0,0.990905
8,0,6,0,1,0.99004
8,0,6,0,2,0.989376
8,0,6,1,0,0.992223
8,0,6,1,1,0.990973
8,0,6,1,2,0.98986
8,0,6,2,0,0.993516
8,0,6,2,1,0.991819
8,0,6,2,2,0.990374
8,0,6,4,0,0.994959
8,0,6,4,1,0.99334
8,0,6,4,2,0.990563
8,0,6,3,0,0.994072
8,0,6,3,1,0.992292
8,0,6,3,2,0.990705
8,0,6,5,0,0.995865
8,0,6,5,1,0.993826
8,0,6,5,2,0.990921
8,0,6,6,0,0.995917
8,0,6,6,1,0.994318
8,0,6,6,2,0.991035
8,0,6,7,0,0.996385
8,0,6,7,1,0.994424
8,0,6,7,2,0.991736
8,0,7,0,0,0.99573
8,0,7,0,1,0.995317
8,0,7,0,2,0.995
8,0,7,1,0,0.996358
8,0,7,1,1,0.995763
8,0,7,1,2,0.995231
8,0,7,2,0,0.996975
8,0,7,2,1,0.996166
8,0,7,2,2,0.995476
8,0,7,4,0,0.997665
8,0,7,4,1,0.996892
8,0,7,4,2,0.995567
8,0,7,3,0,0.997239
8,0,7,3,1,0.996392
8,0,7,3,2,0.995635
8,0,7,5,0,0.998094
8,0,7,5,1,0.997123
8,0,7,5,2,0.995738
8,0,7,6,0,0.99812
8,0,7,6,1,0.997359
8,0,7,6,2,0.995793
8,0,7,7,0,0.998337
8,0,7,7,1,0.997405
8,0,7,7,2,0.996126
8,0,8,0,0,0.998033
8,0,8,0,1,0.997836
8,0,8,0,2,0.997685
8,0,8,1,0,0.998331
8,0,8,1,1,0.998048
8,0,8,1,2,0.997795
8,0,8,2,0,0.998626
8,0,8,2,1,0.998242
8,0,8,2,2,0.997913
8,0,8,4,0,0.998956
8,0,8,4,1,0.998589
8,0,8,4,2,0.997956
8,0,8,3,0,0.998746
8,0,8,3,1,0.998346
8,0,8,3,2,0.997987
8,0,8,5,0,0.999154
8,0,8,5,1,0.998695
8,0,8,5,2,0.998036
8,0,8,6,0,0.999168
8,0,8,6,1,0.99881
8,0,8,6,2,0.998062
8,0,8,7,0,0.999262
8,0,8,7,1,0.998824
8,0,8,7,2,0.998219
8,0,9,0,0,0.999135
8,0,9,0,1,0.999044
8,0,9,0,2,0.998973
8,0,9,1,0,0.99927
8,0,9,1,1,0.999141
8,0,9,1,2,0.999024
8,0,9,2,0,0.999411
8,0,9,2,1,0.999233
8,0,9,2,2,0.99908
8,0,9,4,0,0.999569
8,0,9,4,1,0.999401
8,0,9,4,2,0.999102
8,0,9,3,0,0.999459
8,0,9,3,1,0.999276
8,0,9,3,2,0.999112
8,0,9,5,0,0.999651
8,0,9,5,1,0.999443
8,0,9,5,2,0.999135
8,0,9,6,0,0.999653
8,0,9,6,1,0.999493
8,0,9,6,2,0.999145
8,0,9,7,0,0.999693
8,0,9,7,1,0.999497
8,0,9,7,2,0.999216
8,0,10,0,0,0.999658
8,0,10,0,1,0.999622
8,0,10,0,2,0.999594
8,0,10,1,0,0.999712
8,0,10,1,1,0.999661
8,0,10,1,2,0.999614
8,0,10,2,0,0.999769
8,0,10,2,1,0.999698
8,0,10,2,2,0.999637
8,0,10,4,0,0.999833
8,0,10,4,1,0.999766
8,0,10,4,2,0.999646
8,0,10,3,0,0.999788
8,0,10,3,1,0.999715
8,0,10,3,2,0.999649
8,0,10,5,0,0.999865
8,0,10,5,1,0.999783
8,0,10,5,2,0.999659
8,0,10,6,0,0.999865
8,0,10,6,1,0.999802
8,0,10,6,2,0.999662
8,0,10,7,0,0.999881
8,0,10,7,1,0.999803
8,0,10,7,2,0.999691
8,1,-10,0,0,0.000427
8,1,-10,0,1,0.000165
8,1,-10,0,2,7.1e-05
8,1,-10,1,0,0.000964
8,1,-10,1,1,0.000345
8,1,-10,1,2,0.000132
8,1,-10,2,0,0.00103
8,1,-10,2,1,0.000407
8,1,-10,2,2,0.000142
8,1,-10,4,0,0.0017
8,1,-10,4,1,0.000402
8,1,-10,4,2,0.000147
8,1,-10,3,0,0.002138
8,1,-10,3,1,0.000765
8,1,-10,3,2,0.000275
8,1,-10,5,0,0.00232
8,1,-10,5,1,0.000911
8,1,-10,5,2,0.000246
8,1,-10,6,0,0.002579
8,1,-10,6,1,0.000981
8,1,-10,6,2,0.00027
8,1,-10,7,0,0.004219
8,1,-10,7,1,0.001664
8,1,-10,7,2,0.000542
8,1,-9,0,0,0.001078
8,1,-9,0,1,0.000475
8,1,-9,0,2,0.000262
8,1,-9,1,0,0.002302
8,1,-9,1,1,0.000885
8,1,-9,1,2,0.000401
8,1,-9,2,0,0.002444
8,1,-9,2,1,0.001044
8,1,-9,2,2,0.000424
8,1,-9,4,0,0.003388
8,1,-9,4,1,0.001006
8,1,-9,4,2,0.000435
8,1,-9,3,0,0.005043
8,1,-9,3,1,0.001866
8,1,-9,3,2,0.00073
8,1,-9,5,0,0.005074
8,1,-9,5,1,0.002259
8,1,-9,5,2,0.000666
8,1,-9,6,0,0.005872
8,1,-9,6,1,0.002398
8,1,-9,6,2,0.000718
8,1,-9,7,0,0.009518
8,1,-9,7,1,0.004007
8,1,-9,7,2,0.001343
8,1,-8,0,0,0.002423
8,1,-8,0,1,0.001177
8,1,-8,0,2,0.000686
8,1,-8,1,0,0.00496
8,1,-8,1,1,0.002146
8,1,-8,1,2,0.001018
8,1,-8,2,0,0.00539
8,1,-8,2,1,0.002456
8,1,-8,2,2,0.001055
8,1,-8,4,0,0.006042
8,1,-8,4,1,0.002442
8,1,-8,4,2,0.001077
8,1,-8,3,0,0.010836
8,1,-8,3,1,0.004406
8,1,-8,3,2,0.001798
8,1,-8,5,0,0.009517
8,1,-8,5,1,0.005175
8,1,-8,5,2,0.001617
8,1,-8,6,0,0.012091
8,1,-8,6,1,0.005529
8,1,-8,6,2,0.001742
8,1,-8,7,0,0.018917
8,1,-8,7,1,0.009233
8,1,-8,7,2,0.003264
8,1,-7,0,0,0.005225
8,1,-7,0,1,0.002811
8,1,-7,0,2,0.001645
8,1,-7,1,0,0.010093
8,1,-7,1,1,0.00504
8,1,-7,1,2,0.002404
8,1,-7,2,0,0.011349
8,1,-7,2,1,0.005613
8,1,-7,2,2,0.002534
8,1,-7,4,0,0.012749
8,1,-7,4,1,0.005728
8,1,-7,4,2,0.002593
8,1,-7,3,0,0.02087
8,1,-7,3,1,0.010009
8,1,-7,3,2,0.004173
8,1,-7,5,0,0.019191
8,1,-7,5,1,0.011038
8,1,-7,5,2,0.003854
8,1,-7,6,0,0.024413
8,1,-7,6,1,0.012241
8,1,-7,6,2,0.004192
8,1,-7,7,0,0.036235
8,1,-7,7,1,0.019732
8,1,-7,7,2,0.007507
8,1,-6,0,0,0.011094
8,1,-6,0,1,0.006435
8,1,-6,0,2,0.003868
8,1,-6,1,0,0.02035
8,1,-6,1,1,0.011148
8,1,-6,1,2,0.005551
8,1,-6,2,0,0.022704
8,1,-6,2,1,0.012446
8,1,-6,2,2,0.005969
8,1,-6,4,0,0.025836
8,1,-6,4,1,0.012557
8,1,-6,4,2,0.006113
8,1,-6,3,0,0.039843
8,1,-6,3,1,0.021368
8,1,-6,3,2,0.009348
8,1,-6,5,0,0.039002
8,1,-6,5,1,0.022618
8,1,-6,5,2,0.008854
8,1,-6,6,0,0.047215
8,1,-6,6,1,0.026519
8,1,-6,6,2,0.009597
8,1,-6,7,0,0.069253
8,1,-6,7,1,0.040724
8,1,-6,7,2,0.015926
8,1,-5,0,0,0.023119
8,1,-5,0,1,0.014182
8,1,-5,0,2,0.008961
8,1,-5,1,0,0.040768
8,1,-5,1,1,0.023529
8,1,-5,1,2,0.012537
8,1,-5,2,0,0.045355
8,1,-5,2,1,0.026757
8,1,-5,2,2,0.013677
8,1,-5,4,0,0.048087
8,1,-5,4,1,0.026953
8,1,-5,4,2,0.013947
8,1,-5,3,0,0.077106
8,1,-5,3,1,0.043578
8,1,-5,3,2,0.020581
8,1,-5,5,0,0.076778
8,1,-5,5,1,0.04637
8,1,-5,5,2,0.020096
8,1,-5,6,0,0.089821
8,1,-5,6,1,0.055198
8,1,-5,6,2,0.021137
8,1,-5,7,0,0.127954
8,1,-5,7,1,0.080591
8,1,-5,7,2,0.033899
8,1,-4,0,0,0.047044
8,1,-4,0,1,0.030581
8,1,-4,0,2,0.020481
8,1,-4,1,0,0.079196
8,1,-4,1,1,0.048819
8,1,-4,1,2,0.027975
8,1,-4,2,0,0.087414
8,1,-4,2,1,0.054778
8,1,-4,2,2,0.030578
8,1,-4,4,0,0.090289
8,1,-4,4,1,0.056625
8,1,-4,4,2,0.030537
8,1,-4,3,0,0.142893
8,1,-4,3,1,0.087266
8,1,-4,3,2,0.045153
8,1,-4,5,0,0.144818
8,1,-4,5,1,0.091602
8,1,-4,5,2,0.044004
8,1,-4,6,0,0.167278
8,1,-4,6,1,0.109827
8,1,-4,6,2,0.046561
8,1,-4,7,0,0.227705
8,1,-4,7,1,0.154028
8,1,-4,7,2,0.075417
8,1,-3,0,0,0.092232
8,1,-3,0,1,0.063912
8,1,-3,0,2,0.045294
8,1,-3,1,0,0.145852
8,1,-3,1,1,0.09735
8,1,-3,1,2,0.06024
8,1,-3,2,0,0.163232
8,1,-3,2,1,0.107807
8,1,-3,2,2,0.065883
8,1,-3,4,0,0.173
8,1,-3,4,1,0.117445
8,1,-3,4,2,0.065722
8,1,-3,3,0,0.245523
8,1,-3,3,1,0.164468
8,1,-3,3,2,0.094246
8,1,-3,5,0,0.261162
8,1,-3,5,1,0.172044
8,1,-3,5,2,0.092189
8,1,-3,6,0,0.290948
8,1,-3,6,1,0.20633
8,1,-3,6,2,0.099072
8,1,-3,7,0,0.364023
8,1,-3,7,1,0.259422
8,1,-3,7,2,0.141892
8,1,-2,0,0,0.174938
8,1,-2,0,1,0.12995
8,1,-2,0,2,0.097751
8,1,-2,1,0,0.257132
8,1,-2,1,1,0.186985
8,1,-2,1,2,0.126538
8,1,-2,2,0,0.291148
8,1,-2,2,1,0.205742
8,1,-2,2,2,0.137481
8,1,-2,4,0,0.306728
8,1,-2,4,1,0.23257
8,1,-2,4,2,0.13836
8,1,-2,3,0,0.383295
8,1,-2,3,1,0.275989
8,1,-2,3,2,0.174573
8,1,-2,5,0,0.422451
8,1,-2,5,1,0.296559
8,1,-2,5,2,0.176467
8,1,-2,6,0,0.481669
8,1,-2,6,1,0.366007
8,1,-2,6,2,0.204412
8,1,-2,7,0,0.52846
8,1,-2,7,1,0.396374
8,1,-2,7,2,0.240373
8,1,-1,0,0,0.319029
8,1,-1,0,1,0.255407
8,1,-1,0,2,0.205349
8,1,-1,1,0,0.416936
8,1,-1,1,1,0.327614
8,1,-1,1,2,0.244258
8,1,-1,2,0,0.495019
8,1,-1,2,1,0.378618
8,1,-1,2,2,0.278319
8,1,-1,4,0,0.559416
8,1,-1,4,1,0.466565
8,1,-1,4,2,0.286084
8,1,-1,3,0,0.554019
8,1,-1,3,1,0.426726
8,1,-1,3,2,0.303694
8,1,-1,5,0,0.647627
8,1,-1,5,1,0.507627
8,1,-1,5,2,0.319991
8,1,-1,6,0,0.695278
8,1,-1,6,1,0.571468
8,1,-1,6,2,0.342486
8,1,-1,7,0,0.71551
8,1,-1,7,1,0.57947
8,1,-1,7,2,0.378283
8,1,0,0,0,0.623971
8,1,0,0,1,0.579925
8,1,0,0,2,0.543992
8,1,0,1,0,0.684479
8,1,0,1,1,0.625189
8,1,0,1,2,0.568709
8,1,0,2,0,0.750348
8,1,0,2,1,0.670507
8,1,0,2,2,0.599896
8,1,0,4,0,0.814705
8,1,0,4,1,0.750441
8,1,0,4,2,0.607789
8,1,0,3,0,0.771216
8,1,0,3,1,0.688845
8,1,0,3,2,0.60939
8,1,0,5,0,0.850673
8,1,0,5,1,0.764535
8,1,0,5,2,0.624772
8,1,0,6,0,0.860652
8,1,0,6,1,0.78862
8,1,0,6,2,0.627038
8,1,0,7,0,0.872549
8,1,0,7,1,0.79219
8,1,0,7,2,0.653834
8,1,1,0,0,0.875557
8,1,1,0,1,0.862792
8,1,1,0,2,0.852552
8,1,1,1,0,0.893987
8,1,1,1,1,0.876446
8,1,1,1,2,0.85994
8,1,1,2,0,0.911619
8,1,1,2,1,0.888359
8,1,1,2,2,0.86805
8,1,1,4,0,0.927926
8,1,1,4,1,0.909153
8,1,1,4,2,0.870025
8,1,1,3,0,0.920389
8,1,1,3,1,0.895674
8,1,1,3,2,0.87187
8,1,1,5,0,0.941585
8,1,1,5,1,0.915165
8,1,1,5,2,0.875784
8,1,1,6,0,0.947051
8,1,1,6,1,0.924415
8,1,1,6,2,0.877873
8,1,1,7,0,0.951287
8,1,1,7,1,0.926084
8,1,1,7,2,0.885646
8,1,2,0,0,0.943502
8,1,2,0,1,0.937606
8,1,2,0,2,0.932866
8,1,2,1,0,0.951962
8,1,2,1,1,0.943883
8,1,2,1,2,0.936267
8,1,2,2,0,0.96019
8,1,2,2,1,0.949456
8,1,2,2,2,0.940067
8,1,2,4,0,0.967853
8,1,2,4,1,0.9592
8,1,2,4,2,0.940998
8,1,2,3,0,0.964069
8,1,2,3,1,0.952707
8,1,2,3,2,0.941763
8,1,2,5,0,0.973964
8,1,2,5,1,0.961855
8,1,2,5,2,0.943605
8,1,2,6,0,0.976354
8,1,2,6,1,0.966003
8,1,2,6,2,0.944496
8,1,2,7,0,0.978245
8,1,2,7,1,0.966724
8,1,2,7,2,0.948075
8,1,3,0,0,0.975174
8,1,3,0,1,0.972581
8,1,3,0,2,0.970495
8,1,3,1,0,0.978886
8,1,3,1,1,0.975334
8,1,3,1,2,0.971987
8,1,3,2,0,0.982519
8,1,3,2,1,0.977798
8,1,3,2,2,0.973667
8,1,3,4,0,0.985917
8,1,3,4,1,0.982105
8,1,3,4,2,0.974079
8,1,3,3,0,0.984211
8,1,3,3,1,0.979217
8,1,3,3,2,0.974407
8,1,3,5,0,0.98858
8,1,3,5,1,0.983262
8,1,3,5,2,0.97522
8,1,3,6,0,0.989594
8,1,3,6,1,0.985055
8,1,3,6,2,0.975589
8,1,3,7,0,0.990441
8,1,3,7,1,0.985384
8,1,3,7,2,0.977176
8,1,4,0,0,0.989153
8,1,4,0,1,0.988033
8,1,4,0,2,0.987134
8,1,4,1,0,0.990766
8,1,4,1,1,0.989229
8,1,4,1,2,0.987781
8,1,4,2,0,0.992319
8,1,4,2,1,0.990279
8,1,4,2,2,0.988496
8,1,4,4,0,0.99376
8,1,4,4,1,0.992113
8,1,4,4,2,0.988671
8,1,4,3,0,0.993077
8,1,4,3,1,0.990912
8,1,4,3,2,0.988827
8,1,4,5,0,0.994945
8,1,4,5,1,0.992632
8,1,4,5,2,0.989173
8,1,4,6,0,0.995413
8,1,4,6,1,0.993434
8,1,4,6,2,0.98935
8,1,4,7,0,0.99578
8,1,4,7,1,0.993577
8,1,4,7,2,0.990032
8,1,5,0,0,0.995134
8,1,5,0,1,0.994626
8,1,5,0,2,0.994217
8,1,5,1,0,0.995863
8,1,5,1,1,0.995167
8,1,5,1,2,0.994511
8,1,5,2,0,0.996572
8,1,5,2,1,0.995647
8,1,5,2,2,0.994838
8,1,5,4,0,0.997232
8,1,5,4,1,0.996486
8,1,5,4,2,0.994918
8,1,5,3,0,0.996906
8,1,5,3,1,0.995927
8,1,5,3,2,0.994984
8,1,5,5,0,0.997758
8,1,5,5,1,0.996715
8,1,5,5,2,0.995143
8,1,5,6,0,0.997967
8,1,5,6,1,0.997074
8,1,5,6,2,0.995221
8,1,5,7,0,0.998127
8,1,5,7,1,0.997134
8,1,5,7,2,0.995527
8,1,6,0,0,0.997862
8,1,6,0,1,0.997638
8,1,6,0,2,0.997458
8,1,6,1,0,0.998182
8,1,6,1,1,0.997875
8,1,6,1,2,0.997586
8,1,6,2,0,0.998498
8,1,6,2,1,0.99809
8,1,6,2,2,0.997733
8,1,6,4,0,0.998795
8,1,6,4,1,0.998466
8,1,6,4,2,0.997769
8,1,6,3,0,0.998642
8,1,6,3,1,0.99821
8,1,6,3,2,0.997795
8,1,6,5,0,0.999021
8,1,6,5,1,0.998564
8,1,6,5,2,0.997866
8,1,6,6,0,0.999105
8,1,6,6,1,0.998714
8,1,6,6,2,0.997895
8,1,6,7,0,0.999181
8,1,6,7,1,0.998745
8,1,6,7,2,0.998034
8,1,7,0,0,0.999079
8,1,7,0,1,0.998986
8,1,7,0,2,0.998911
8,1,7,1,0,0.999214
8,1,7,1,1,0.999085
8,1,7,1,2,0.998964
8,1,7,2,0,0.999343
8,1,7,2,1,0.999172
8,1,7,2,2,0.999023
8,1,7,4,0,0.999462
8,1,7,4,1,0.999323
8,1,7,4,2,0.999038
8,1,7,3,0,0.999411
8,1,7,3,1,0.999229
8,1,7,3,2,0.999053
8,1,7,5,0,0.999565
8,1,7,5,1,0.99937
8,1,7,5,2,0.999081
8,1,7,6,0,0.999603
8,1,7,6,1,0.999436
8,1,7,6,2,0.999095
8,1,7,7,0,0.999641
8,1,7,7,1,0.999454
8,1,7,7,2,0.999155
8,1,8,0,0,0.999574
8,1,8,0,1,0.99953
8,1,8,0,2,0.999494
8,1,8,1,0,0.99964
8,1,8,1,1,0.999578
8,1,8,1,2,0.999521
8,1,8,2,0,0.999698
8,1,8,2,1,0.999617
8,1,8,2,2,0.999547
8,1,8,4,0,0.99975
8,1,8,4,1,0.999684
8,1,8,4,2,0.999553
8,1,8,3,0,0.999734
8,1,8,3,1,0.999647
8,1,8,3,2,0.999563
8,1,8,5,0,0.999804
8,1,8,5,1,0.999709
8,1,8,5,2,0.999575
8,1,8,6,0,0.999829
8,1,8,6,1,0.999747
8,1,8,6,2,0.999586
8,1,8,7,0,0.999843
8,1,8,7,1,0.999752
8,1,8,7,2,0.999612
8,1,9,0,0,0.999799
8,1,9,0,1,0.999773
8,1,9,0,2,0.999753
8,1,9,1,0,0.999835
8,1,9,1,1,0.9998
8,1,9,1,2,0.999768
8,1,9,2,0,0.999871
8,1,9,2,1,0.999825
8,1,9,2,2,0.999785
8,1,9,4,0,0.999905
8,1,9,4,1,0.999869
8,1,9,4,2,0.999789
8,1,9,3,0,0.999884
8,1,9,3,1,0.999837
8,1,9,3,2,0.999791
8,1,9,5,0,0.999928
8,1,9,5,1,0.999878
8,1,9,5,2,0.999799
8,1,9,6,0,0.999939
8,1,9,6,1,0.999896
8,1,9,6,2,0.999804
8,1,9,7,0,0.999942
8,1,9,7,1,0.999895
8,1,9,7,2,0.999817
8,1,10,0,0,0.999939
8,1,10,0,1,0.999929
8,1,10,0,2,0.999921
8,1,10,1,0,0.999951
8,1,10,1,1,0.999938
8,1,10,1,2,0.999926
8,1,10,2,0,0.999967
8,1,10,2,1,0.99995
8,1,10,2,2,0.999934
8,1,10,4,0,0.999984
8,1,10,4,1,0.99997
8,1,10,4,2,0.999936
8,1,10,3,0,0.999968
8,1,10,3,1,0.999951
8,1,10,3,2,0.999935
8,1,10,5,0,0.999988
8,1,10,5,1,0.999971
8,1,10,5,2,0.999939
8,1,10,6,0,0.999987
8,1,10,6,1,0.999973
8,1,10,6,2,0.999938
8,1,10,7,0,0.999988
8,1,10,7,1,0.999973
8,1,10,7,2,0.999943
9,0,-10,0,0,8.5e-05
9,0,-10,0,1,8e-06
9,0,-10,0,2,0.0
9,0,-10,1,0,0.000243
9,0,-10,1,1,3.9e-05
9,0,-10,1,2,0.0
9,0,-10,2,0,0.0
9,0,-10,2,1,0.0
9,0,-10,2,2,0.0
9,0,-10,4,0,0.0
9,0,-10,4,1,0.0
9,0,-10,4,2,0.0
9,0,-10,3,0,0.000502
9,0,-10,3,1,0.000115
9,0,-10,3,2,4.7e-05
9,0,-10,5,0,0.000303
9,0,-10,5,1,0.0
9,0,-10,5,2,0.0
9,0,-10,6,0,0.00041
9,0,-10,6,1,-0.0
9,0,-10,6,2,0.0
9,0,-10,7,0,0.000771
9,0,-10,7,1,0.0
9,0,-10,7,2,0.0
9,0,-9,0,0,0.000262
9,0,-9,0,1,2.5e-05
9,0,-9,0,2,0.0
9,0,-9,1,0,0.000749
9,0,-9,1,1,0.000128
9,0,-9,1,2,0.0
9,0,-9,2,0,0.000166
9,0,-9,2,1,0.0
9,0,-9,2,2,0.0
9,0,-9,4,0,0.0
9,0,-9,4,1,0.0
9,0,-9,4,2,0.0
9,0,-9,3,0,0.001748
9,0,-9,3,1,0.000376
9,0,-9,3,2,0.000155
9,0,-9,5,0,0.001905
9,0,-9,5,1,0.000129
9,0,-9,5,2,9.1e-05
9,0,-9,6,0,0.001344
9,0,-9,6,1,-0.0
9,0,-9,6,2,0.0
9,0,-9,7,0,0.003683
9,0,-9,7,1,0.000179
9,0,-9,7,2,0.000139
9,0,-8,0,0,0.00053
9,0,-8,0,1,6.1e-05
9,0,-8,0,2,0.0
9,0,-8,1,0,0.001441
9,0,-8,1,1,0.000249
9,0,-8,1,2,0.0
9,0,-8,2,0,0.00071
9,0,-8,2,1,0.000148
9,0,-8,2,2,0.0
9,0,-8,4,0,0.0
9,0,-8,4,1,0.000339
9,0,-8,4,2,0.0
9,0,-8,3,0,0.003986
9,0,-8,3,1,0.000789
9,0,-8,3,2,0.000277
9,0,-8,5,0,0.004162
9,0,-8,5,1,0.000683
9,0,-8,5,2,0.000207
9,0,-8,6,0,0.00282
9,0,-8,6,1,0.000339
9,0,-8,6,2,0.0
9,0,-8,7,0,0.010633
9,0,-8,7,1,0.000945
9,0,-8,7,2,0.000595
9,0,-7,0,0,0.001142
9,0,-7,0,1,0.000171
9,0,-7,0,2,1.9e-05
9,0,-7,1,0,0.002956
9,0,-7,1,1,0.000577
9,0,-7,1,2,7.6e-05
9,0,-7,2,0,0.002929
9,0,-7,2,1,0.000536
9,0,-7,2,2,3.8e-05
9,0,-7,4,0,0.0
9,0,-7,4,1,0.001622
9,0,-7,4,2,0.000101
9,0,-7,3,0,0.008539
9,0,-7,3,1,0.002055
9,0,-7,3,2,0.000549
9,0,-7,5,0,0.008105
9,0,-7,5,1,0.002256
9,0,-7,5,2,0.000691
9,0,-7,6,0,0.004883
9,0,-7,6,1,0.001622
9,0,-7,6,2,0.000134
9,0,-7,7,0,0.024113
9,0,-7,7,1,0.003657
9,0,-7,7,2,0.001411
9,0,-6,0,0,0.002671
9,0,-6,0,1,0.000595
9,0,-6,0,2,7.2e-05
9,0,-6,1,0,0.006499
9,0,-6,1,1,0.001665
9,0,-6,1,2,0.000363
9,0,-6,2,0,0.008773
9,0,-6,2,1,0.001874
9,0,-6,2,2,0.000202
9,0,-6,4,0,0.002579
9,0,-6,4,1,0.004003
9,0,-6,4,2,0.000431
9,0,-6,3,0,0.018155
9,0,-6,3,1,0.005624
9,0,-6,3,2,0.001288
9,0,-6,5,0,0.01807
9,0,-6,5,1,0.006052
9,0,-6,5,2,0.002196
9,0,-6,6,0,0.010797
9,0,-6,6,1,0.005191
9,0,-6,6,2,0.001112
9,0,-6,7,0,0.049062
9,0,-6,7,1,0.013175
9,0,-6,7,2,0.004
9,0,-5,0,0,0.006072
9,0,-5,0,1,0.00176
9,0,-5,0,2,0.000221
9,0,-5,1,0,0.014637
9,0,-5,1,1,0.004581
9,0,-5,1,2,0.001106
9,0,-5,2,0,0.018579
9,0,-5,2,1,0.005264
9,0,-5,2,2,0.000934
9,0,-5,4,0,0.014901
9,0,-5,4,1,0.007544
9,0,-5,4,2,0.001123
9,0,-5,3,0,0.038032
9,0,-5,3,1,0.01372
9,0,-5,3,2,0.003239
9,0,-5,5,0,0.042373
9,0,-5,5,1,0.015899
9,0,-5,5,2,0.005695
9,0,-5,6,0,0.031345
9,0,-5,6,1,0.015171
9,0,-5,6,2,0.004471
9,0,-5,7,0,0.093093
9,0,-5,7,1,0.038168
9,0,-5,7,2,0.011538
9,0,-4,0,0,0.0135
9,0,-4,0,1,0.004608
9,0,-4,0,2,0.000847
9,0,-4,1,0,0.032131
9,0,-4,1,1,0.012039
9,0,-4,1,2,0.003231
9,0,-4,2,0,0.038484
9,0,-4,2,1,0.014492
9,0,-4,2,2,0.003354
9,0,-4,4,0,0.038874
9,0,-4,4,1,0.017207
9,0,-4,4,2,0.003629
9,0,-4,3,0,0.075637
9,0,-4,3,1,0.032602
9,0,-4,3,2,0.010057
9,0,-4,5,0,0.091018
9,0,-4,5,1,0.04141
9,0,-4,5,2,0.013309
9,0,-4,6,0,0.080863
9,0,-4,6,1,0.038295
9,0,-4,6,2,0.012375
9,0,-4,7,0,0.165616
9,0,-4,7,1,0.091032
9,0,-4,7,2,0.035145
9,0,-3,0,0,0.030983
9,0,-3,0,1,0.012689
9,0,-3,0,2,0.003137
9,0,-3,1,0,0.069722
9,0,-3,1,1,0.032455
9,0,-3,1,2,0.010491
9,0,-3,2,0,0.081061
9,0,-3,2,1,0.037627
9,0,-3,2,2,0.011091
9,0,-3,4,0,0.08666
9,0,-3,4,1,0.044211
9,0,-3,4,2,0.011675
9,0,-3,3,0,0.150482
9,0,-3,3,1,0.081478
9,0,-3,3,2,0.03347
9,0,-3,5,0,0.18007
9,0,-3,5,1,0.095825
9,0,-3,5,2,0.036347
9,0,-3,6,0,0.172788
9,0,-3,6,1,0.090502
9,0,-3,6,2,0.036994
9,0,-3,7,0,0.274823
9,0,-3,7,1,0.168715
9,0,-3,7,2,0.076433
9,0,-2,0,0,0.070487
9,0,-2,0,1,0.033619
9,0,-2,0,2,0.01051
9,0,-2,1,0,0.148226
9,0,-2,1,1,0.08377
9,0,-2,1,2,0.034186
9,0,-2,2,0,0.168075
9,0,-2,2,1,0.090863
9,0,-2,2,2,0.034985
9,0,-2,4,0,0.185325
9,0,-2,4,1,0.101873
9,0,-2,4,2,0.034006
9,0,-2,3,0,0.268721
9,0,-2,3,1,0.162948
9,0,-2,3,2,0.075077
9,0,-2,5,0,0.316538
9,0,-2,5,1,0.183491
9,0,-2,5,2,0.078622
9,0,-2,6,0,0.348896
9,0,-2,6,1,0.22097
9,0,-2,6,2,0.105408
9,0,-2,7,0,0.426591
9,0,-2,7,1,0.272488
9,0,-2,7,2,0.145671
9,0,-1,0,0,0.154659
9,0,-1,0,1,0.085296
9,0,-1,0,2,0.033971
9,0,-1,1,0,0.270811
9,0,-1,1,1,0.167389
9,0,-1,1,2,0.076313
9,0,-1,2,0,0.356707
9,0,-1,2,1,0.220184
9,0,-1,2,2,0.106921
9,0,-1,4,0,0.4507
9,0,-1,4,1,0.314342
9,0,-1,4,2,0.117048
9,0,-1,3,0,0.428076
9,0,-1,3,1,0.276751
9,0,-1,3,2,0.14271
9,0,-1,5,0,0.555354
9,0,-1,5,1,0.377055
9,0,-1,5,2,0.157042
9,0,-1,6,0,0.587642
9,0,-1,6,1,0.438367
9,0,-1,6,2,0.184297
9,0,-1,7,0,0.627973
9,0,-1,7,1,0.447563
9,0,-1,7,2,0.238394
9,0,0,0,0,0.4822
9,0,0,0,1,0.424837
9,0,0,0,2,0.3799
9,0,0,1,0,0.56489
9,0,0,1,1,0.483992
9,0,0,1,2,0.410813
9,0,0,2,0,0.658294
9,0,0,2,1,0.546503
9,0,0,2,2,0.449501
9,0,0,4,0,0.763623
9,0,0,4,1,0.659329
9,0,0,4,2,0.464176
9,0,0,3,0,0.681086
9,0,0,3,1,0.568317
9,0,0,3,2,0.466726
9,0,0,5,0,0.806579
9,0,0,5,1,0.679729
9,0,0,5,2,0.482339
9,0,0,6,0,0.800344
9,0,0,6,1,0.705573
9,0,0,6,2,0.483401
9,0,0,7,0,0.824428
9,0,0,7,1,0.70723
9,0,0,7,2,0.529115
9,0,1,0,0,0.828252
9,0,1,0,1,0.811849
9,0,1,0,2,0.799274
9,0,1,1,0,0.85323
9,0,1,1,1,0.829555
9,0,1,1,2,0.808448
9,0,1,2,0,0.877729
9,0,1,2,1,0.845582
9,0,1,2,2,0.818186
9,0,1,4,0,0.905092
9,0,1,4,1,0.874406
9,0,1,4,2,0.821776
9,0,1,3,0,0.888232
9,0,1,3,1,0.854529
9,0,1,3,2,0.824453
9,0,1,5,0,0.92219
9,0,1,5,1,0.883585
9,0,1,5,2,0.828553
9,0,1,6,0,0.923229
9,0,1,6,1,0.892977
9,0,1,6,2,0.830742
9,0,1,7,0,0.931968
9,0,1,7,1,0.894856
9,0,1,7,2,0.843988
9,0,2,0,0,0.919701
9,0,2,0,1,0.911881
9,0,2,0,2,0.905873
9,0,2,1,0,0.931562
9,0,2,1,1,0.9203
9,0,2,1,2,0.910239
9,0,2,2,0,0.943321
9,0,2,2,1,0.928007
9,0,2,2,2,0.91493
9,0,2,4,0,0.956472
9,0,2,4,1,0.941874
9,0,2,4,2,0.916663
9,0,2,3,0,0.948164
9,0,2,3,1,0.932167
9,0,2,3,2,0.917869
9,0,2,5,0,0.964419
9,0,2,5,1,0.946119
9,0,2,5,2,0.919835
9,0,2,6,0,0.964838
9,0,2,6,1,0.950547
9,0,2,6,2,0.920823
9,0,2,7,0,0.968861
9,0,2,7,1,0.951336
9,0,2,7,2,0.927112
9,0,3,0,0,0.963579
9,0,3,0,1,0.959967
9,0,3,0,2,0.957187
9,0,3,1,0,0.969043
9,0,3,1,1,0.963852
9,0,3,1,2,0.959205
9,0,3,2,0,0.974498
9,0,3,2,1,0.967431
9,0,3,2,2,0.961386
9,0,3,4,0,0.980604
9,0,3,4,1,0.973872
9,0,3,4,2,0.962192
9,0,3,3,0,0.97667
9,0,3,3,1,0.969311
9,0,3,3,2,0.962723
9,0,3,5,0,0.984194
9,0,3,5,1,0.975784
9,0,3,5,2,0.963634
9,0,3,6,0,0.984382
9,0,3,6,1,0.977833
9,0,3,6,2,0.964084
9,0,3,7,0,0.986164
9,0,3,7,1,0.978134
9,0,3,7,2,0.966971
9,0,4,0,0,0.983932
9,0,4,0,1,0.9823
9,0,4,0,2,0.98104
9,0,4,1,0,0.986381
9,0,4,1,1,0.984044
9,0,4,1,2,0.981948
9,0,4,2,0,0.988876
9,0,4,2,1,0.985686
9,0,4,2,2,0.982951
9,0,4,4,0,0.991672
9,0,4,4,1,0.988643
9,0,4,4,2,0.983323
9,0,4,3,0,0.989799
9,0,4,3,1,0.986496
9,0,4,3,2,0.983536
9,0,4,5,0,0.993224
9,0,4,5,1,0.989459
9,0,4,5,2,0.983952
9,0,4,6,0,0.993272
9,0,4,6,1,0.99036
9,0,4,6,2,0.984131
9,0,4,7,0,0.994046
9,0,4,7,1,0.990471
9,0,4,7,2,0.985431
9,0,5,0,0,0.993229
9,0,5,0,1,0.992535
9,0,5,0,2,0.992
9,0,5,1,0,0.994267
9,0,5,1,1,0.993275
9,0,5,1,2,0.992384
9,0,5,2,0,0.995331
9,0,5,2,1,0.993976
9,0,5,2,2,0.992813
9,0,5,4,0,0.996524
9,0,5,4,1,0.995238
9,0,5,4,2,0.992972
9,0,5,3,0,0.995716
9,0,5,3,1,0.994315
9,0,5,3,2,0.993059
9,0,5,5,0,0.997175
9,0,5,5,1,0.995579
9,0,5,5,2,0.993237
9,0,5,6,0,0.997191
9,0,5,6,1,0.995959
9,0,5,6,2,0.993309
9,0,5,7,0,0.997517
9,0,5,7,1,0.996005
9,0,5,7,2,0.993862
9,0,6,0,0,0.997192
9,0,6,0,1,0.996903
9,0,6,0,2,0.99668
9,0,6,1,0,0.997625
9,0,6,1,1,0.997212
9,0,6,1,2,0.99684
9,0,6,2,0,0.998069
9,0,6,2,1,0.997504
9,0,6,2,2,0.997019
9,0,6,4,0,0.998567
9,0,6,4,1,0.998031
9,0,6,4,2,0.997086
9,0,6,3,0,0.998231
9,0,6,3,1,0.997646
9,0,6,3,2,0.997122
9,0,6,5,0,0.99884
9,0,6,5,1,0.998174
9,0,6,5,2,0.997196
9,0,6,6,0,0.998845
9,0,6,6,1,0.99833
9,0,6,6,2,0.997225
9,0,6,7,0,0.998982
9,0,6,7,1,0.998352
9,0,6,7,2,0.997457
9,0,7,0,0,0.998846
9,0,7,0,1,0.998725
9,0,7,0,2,0.998632
9,0,7,1,0,0.999027
9,0,7,1,1,0.998855
9,0,7,1,2,0.9987
9,0,7,2,0,0.99921
9,0,7,2,1,0.998975
9,0,7,2,2,0.998773
9,0,7,4,0,0.999415
9,0,7,4,1,0.999191
9,0,7,4,2,0.9988
9,0,7,3,0,0.99928
9,0,7,3,1,0.999037
9,0,7,3,2,0.998817
9,0,7,5,0,0.999532
9,0,7,5,1,0.999253
9,0,7,5,2,0.998848
9,0,7,6,0,0.999537
9,0,7,6,1,0.999321
9,0,7,6,2,0.998862
9,0,7,7,0,0.999593
9,0,7,7,1,0.999329
9,0,7,7,2,0.998958
9,0,8,0,0,0.999527
9,0,8,0,1,0.999474
9,0,8,0,2,0.999433
9,0,8,1,0,0.999607
9,0,8,1,1,0.999532
9,0,8,1,2,0.999463
9,0,8,2,0,0.999688
9,0,8,2,1,0.999585
9,0,8,2,2,0.999496
9,0,8,4,0,0.999778
9,0,8,4,1,0.99968
9,0,8,4,2,0.999508
9,0,8,3,0,0.999716
9,0,8,3,1,0.99961
9,0,8,3,2,0.999514
9,0,8,5,0,0.999826
9,0,8,5,1,0.999706
9,0,8,5,2,0.999528
9,0,8,6,0,0.999831
9,0,8,6,1,0.999738
9,0,8,6,2,0.999535
9,0,8,7,0,0.999849
9,0,8,7,1,0.999736
9,0,8,7,2,0.999576
9,0,9,0,0,0.999829
9,0,9,0,1,0.999806
9,0,9,0,2,0.999788
9,0,9,1,0,0.99986
9,0,9,1,1,0.999829
9,0,9,1,2,0.9998
9,0,9,2,0,0.999898
9,0,9,2,1,0.999855
9,0,9,2,2,0.999816
9,0,9,4,0,0.999941
9,0,9,4,1,0.999901
9,0,9,4,2,0.999822
9,0,9,3,0,0.999904
9,0,9,3,1,0.999861
9,0,9,3,2,0.999822
9,0,9,5,0,0.999954
9,0,9,5,1,0.999906
9,0,9,5,2,0.999828
9,0,9,6,0,0.999952
9,0,9,6,1,0.999917
9,0,9,6,2,0.999828
9,0,9,7,0,0.999957
9,0,9,7,1,0.999914
9,0,9,7,2,0.999845
9,0,10,0,0,0.999969
9,0,10,0,1,0.999964
9,0,10,0,2,0.999961
9,0,10,1,0,0.999975
9,0,10,1,1,0.999969
9,0,10,1,2,0.999963
9,0,10,2,0,0.999984
9,0,10,2,1,0.999975
9,0,10,2,2,0.999967
9,0,10,4,0,0.999993
9,0,10,4,1,0.999985
9,0,10,4,2,0.999968
9,0,10,3,0,0.999984
9,0,10,3,1,0.999975
9,0,10,3,2,0.999967
9,0,10,5,0,0.999995
9,0,10,5,1,0.999985
9,0,10,5,2,0.999969
9,0,10,6,0,0.999993
9,0,10,6,1,0.999987
9,0,10,6,2,0.999968
9,0,10,7,0,0.999994
9,0,10,7,1,0.999986
9,0,10,7,2,0.999972
9,1,-10,0,0,4.2e-05
9,1,-10,0,1,0.0
9,1,-10,0,2,0.0
9,1,-10,1,0,0.000139
9,1,-10,1,1,0.0
9,1,-10,1,2,0.0
9,1,-10,2,0,0.000117
9,1,-10,2,1,0.0
9,1,-10,2,2,0.0
9,1,-10,4,0,0.000888
9,1,-10,4,1,0.0
9,1,-10,4,2,0.0
9,1,-10,3,0,0.000286
9,1,-10,3,1,0.0
9,1,-10,3,2,0.0
9,1,-10,5,0,0.000816
9,1,-10,5,1,0.0
9,1,-10,5,2,0.0
9,1,-10,6,0,0.000536
9,1,-10,6,1,0.0
9,1,-10,6,2,0.0
9,1,-10,7,0,0.001056
9,1,-10,7,1,0.0
9,1,-10,7,2,0.0
9,1,-9,0,0,0.000225
9,1,-9,0,1,0.0
9,1,-9,0,2,0.0
9,1,-9,1,0,0.000685
9,1,-9,1,1,0.0
9,1,-9,1,2,0.0
9,1,-9,2,0,0.000578
9,1,-9,2,1,7.1e-05
9,1,-9,2,2,0.0
9,1,-9,4,0,0.001715
9,1,-9,4,1,0.0
9,1,-9,4,2,0.0
9,1,-9,3,0,0.001694
9,1,-9,3,1,8.2e-05
9,1,-9,3,2,0.0
9,1,-9,5,0,0.002392
9,1,-9,5,1,0.000369
9,1,-9,5,2,0.0
9,1,-9,6,0,0.002107
9,1,-9,6,1,0.000239
9,1,-9,6,2,0.0
9,1,-9,7,0,0.00415
9,1,-9,7,1,0.000497
9,1,-9,7,2,0.0
9,1,-8,0,0,0.000596
9,1,-8,0,1,4.7e-05
9,1,-8,0,2,2.9e-05
9,1,-8,1,0,0.001769
9,1,-8,1,1,0.000171
9,1,-8,1,2,5.6e-05
9,1,-8,2,0,0.001725
9,1,-8,2,1,0.000279
9,1,-8,2,2,0.0
9,1,-8,4,0,0.001715
9,1,-8,4,1,0.000238
9,1,-8,4,2,0.0
9,1,-8,3,0,0.005041
9,1,-8,3,1,0.000648
9,1,-8,3,2,0.000136
9,1,-8,5,0,0.003152
9,1,-8,5,1,0.00145
9,1,-8,5,2,0.0
9,1,-8,6,0,0.004714
9,1,-8,6,1,0.00094
9,1,-8,6,2,0.0
9,1,-8,7,0,0.008755
9,1,-8,7,1,0.002452
9,1,-8,7,2,0.000381
9,1,-7,0,0,0.001434
9,1,-7,0,1,0.000382
9,1,-7,0,2,0.000115
9,1,-7,1,0,0.003667
9,1,-7,1,1,0.001043
9,1,-7,1,2,0.00022
9,1,-7,2,0,0.004363
9,1,-7,2,1,0.00105
9,1,-7,2,2,0.000108
9,1,-7,4,0,0.005268
9,1,-7,4,1,0.001171
9,1,-7,4,2,0.000143
9,1,-7,3,0,0.009453
9,1,-7,3,1,0.002741
9,1,-7,3,2,0.000536
9,1,-7,5,0,0.006824
9,1,-7,5,1,0.003612
9,1,-7,5,2,0.000263
9,1,-7,6,0,0.011035
9,1,-7,6,1,0.002819
9,1,-7,6,2,0.000393
9,1,-7,7,0,0.017547
9,1,-7,7,1,0.006824
9,1,-7,7,2,0.001687
9,1,-6,0,0,0.00348
9,1,-6,0,1,0.001259
9,1,-6,0,2,0.0003
9,1,-6,1,0,0.008063
9,1,-6,1,1,0.003133
9,1,-6,1,2,0.000659
9,1,-6,2,0,0.009037
9,1,-6,2,1,0.003277
9,1,-6,2,2,0.000535
9,1,-6,4,0,0.013017
9,1,-6,4,1,0.002785
9,1,-6,4,2,0.000704
9,1,-6,3,0,0.018861
9,1,-6,3,1,0.007697
9,1,-6,3,2,0.001539
9,1,-6,5,0,0.017181
9,1,-6,5,1,0.007936
9,1,-6,5,2,0.001033
9,1,-6,6,0,0.023032
9,1,-6,6,1,0.008697
9,1,-6,6,2,0.001348
9,1,-6,7,0,0.03928
9,1,-6,7,1,0.018302
9,1,-6,7,2,0.003525
9,1,-5,0,0,0.008385
9,1,-5,0,1,0.003177
9,1,-5,0,2,0.000685
9,1,-5,1,0,0.019377
9,1,-5,1,1,0.007654
9,1,-5,1,2,0.001781
9,1,-5,2,0,0.021254
9,1,-5,2,1,0.009409
9,1,-5,2,2,0.001813
9,1,-5,4,0,0.022482
9,1,-5,4,1,0.006758
9,1,-5,4,2,0.002244
9,1,-5,3,0,0.045342
9,1,-5,3,1,0.019153
9,1,-5,3,2,0.00469
9,1,-5,5,0,0.041186
9,1,-5,5,1,0.020641
9,1,-5,5,2,0.004412
9,1,-5,6,0,0.05039
9,1,-5,6,1,0.024163
9,1,-5,6,2,0.003663
9,1,-5,7,0,0.085696
9,1,-5,7,1,0.046042
9,1,-5,7,2,0.010123
9,1,-4,0,0,0.019863
9,1,-4,0,1,0.007923
9,1,-4,0,2,0.001745
9,1,-4,1,0,0.045144
9,1,-4,1,1,0.019867
9,1,-4,1,2,0.005496
9,1,-4,2,0,0.047194
9,1,-4,2,1,0.023
9,1,-4,2,2,0.00592
9,1,-4,4,0,0.044319
9,1,-4,4,1,0.017471
9,1,-4,4,2,0.005447
9,1,-4,3,0,0.10252
9,1,-4,3,1,0.050963
9,1,-4,3,2,0.016991
9,1,-4,5,0,0.093841
9,1,-4,5,1,0.050936
9,1,-4,5,2,0.014984
9,1,-4,6,0,0.114384
9,1,-4,6,1,0.061879
9,1,-4,6,2,0.013556
9,1,-4,7,0,0.185918
9,1,-4,7,1,0.116036
9,1,-4,7,2,0.044948
9,1,-3,0,0,0.044797
9,1,-3,0,1,0.019858
9,1,-3,0,2,0.005144
9,1,-3,1,0,0.095677
9,1,-3,1,1,0.048916
9,1,-3,1,2,0.016408
9,1,-3,2,0,0.104242
9,1,-3,2,1,0.053726
9,1,-3,2,2,0.018114
9,1,-3,4,0,0.107995
9,1,-3,4,1,0.050898
9,1,-3,4,2,0.016429
9,1,-3,3,0,0.203639
9,1,-3,3,1,0.121338
9,1,-3,3,2,0.051872
9,1,-3,5,0,0.207635
9,1,-3,5,1,0.116429
9,1,-3,5,2,0.045442
9,1,-3,6,0,0.230286
9,1,-3,6,1,0.144153
9,1,-3,6,2,0.045388
9,1,-3,7,0,0.329903
9,1,-3,7,1,0.218875
9,1,-3,7,2,0.100982
9,1,-2,0,0,0.098406
9,1,-2,0,1,0.049393
9,1,-2,0,2,0.015692
9,1,-2,1,0,0.196
9,1,-2,1,1,0.116972
9,1,-2,1,2,0.049557
9,1,-2,2,0,0.220321
9,1,-2,2,1,0.126007
9,1,-2,2,2,0.052987
9,1,-2,4,0,0.216606
9,1,-2,4,1,0.134373
9,1,-2,4,2,0.051054
9,1,-2,3,0,0.343649
9,1,-2,3,1,0.221881
9,1,-2,3,2,0.104491
9,1,-2,5,0,0.372288
9,1,-2,5,1,0.221331
9,1,-2,5,2,0.101386
9,1,-2,6,0,0.457835
9,1,-2,6,1,0.318579
9,1,-2,6,2,0.145442
9,1,-2,7,0,0.509272
9,1,-2,7,1,0.351836
9,1,-2,7,2,0.182399
9,1,-1,0,0,0.209655
9,1,-1,0,1,0.12031
9,1,-1,0,2,0.048957
9,1,-1,1,0,0.344289
9,1,-1,1,1,0.22136
9,1,-1,1,2,0.104328
9,1,-1,2,0,0.458761
9,1,-1,2,1,0.296517
9,1,-1,2,2,0.15488
9,1,-1,4,0,0.554153
9,1,-1,4,1,0.428397
9,1,-1,4,2,0.166821
9,1,-1,3,0,0.525201
9,1,-1,3,1,0.353271
9,1,-1,3,2,0.185096
9,1,-1,5,0,0.663548
9,1,-1,5,1,0.475221
9,1,-1,5,2,0.210803
9,1,-1,6,0,0.729412
9,1,-1,6,1,0.563631
9,1,-1,6,2,0.243787
9,1,-1,7,0,0.739464
9,1,-1,7,1,0.560972
9,1,-1,7,2,0.286378
9,1,0,0,0,0.653175
9,1,0,0,1,0.598691
9,1,0,0,2,0.552961
9,1,0,1,0,0.721591
9,1,0,1,1,0.650917
9,1,0,1,2,0.582015
9,1,0,2,0,0.813556
9,1,0,2,1,0.715715
9,1,0,2,2,0.627244
9,1,0,4,0,0.909846
9,1,0,4,1,0.831672
9,1,0,4,2,0.639247
9,1,0,3,0,0.819324
9,1,0,3,1,0.723761
9,1,0,3,2,0.631195
9,1,0,5,0,0.930843
9,1,0,5,1,0.834973
9,1,0,5,2,0.654191
9,1,0,6,0,0.925124
9,1,0,6,1,0.848839
9,1,0,6,2,0.647081
9,1,0,7,0,0.933151
9,1,0,7,1,0.847909
9,1,0,7,2,0.679656
9,1,1,0,0,1.0
9,1,1,0,1,1.0
9,1,1,0,2,1.0
9,1,1,1,0,1.0
9,1,1,1,1,1.0
9,1,1,1,2,1.0
9,1,1,2,0,1.0
9,1,1,2,1,1.0
9,1,1,2,2,1.0
9,1,1,4,0,1.0
9,1,1,4,1,1.0
9,1,1,4,2,1.0
9,1,1,3,0,1.0
9,1,1,3,1,1.0
9,1,1,3,2,1.0
9,1,1,5,0,1.0
9,1,1,5,1,1.0
9,1,1,5,2,1.0
9,1,1,6,0,1.0
9,1,1,6,1,1.0
9,1,1,6,2,1.0
9,1,1,7,0,1.0
9,1,1,7,1,1.0
9,1,1,7,2,1.0
9,1,2,0,0,1.0
9,1,2,0,1,1.0
9,1,2,0,2,1.0
9,1,2,1,0,1.0
9,1,2,1,1,1.0
9,1,2,1,2,1.0
9,1,2,2,0,1.0
9,1,2,2,1,1.0
9,1,2,2,2,1.0
9,1,2,4,0,1.0
9,1,2,4,1,1.0
9,1,2,4,2,1.0
9,1,2,3,0,1.0
9,1,2,3,1,1.0
9,1,2,3,2,1.0
9,1,2,5,0,1.0
9,1,2,5,1,1.0
9,1,2,5,2,1.0
9,1,2,6,0,1.0
9,1,2,6,1,1.0
9,1,2,6,2,1.0
9,1,2,7,0,1.0
9,1,2,7,1,1.0
9,1,2,7,2,1.0
9,1,3,0,0,1.0
9,1,3,0,1,1.0
9,1,3,0,2,1.0
9,1,3,1,0,1.0
9,1,3,1,1,1.0
9,1,3,1,2,1.0
9,1,3,2,0,1.0
9,1,3,2,1,1.0
9,1,3,2,2,1.0
9,1,3,4,0,1.0
9,1,3,4,1,1.0
9,1,3,4,2,1.0
9,1,3,3,0,1.0
9,1,3,3,1,1.0
9,1,3,3,2,1.0
9,1,3,5,0,1.0
9,1,3,5,1,1.0
9,1,3,5,2,1.0
9,1,3,6,0,1.0
9,1,3,6,1,1.0
9,1,3,6,2,1.0
9,1,3,7,0,1.0
9,1,3,7,1,1.0
9,1,3,7,2,1.0
9,1,4,0,0,1.0
9,1,4,0,1,1.0
9,1,4,0,2,1.0
9,1,4,1,0,1.0
9,1,4,1,1,1.0
9,1,4,1,2,1.0
9,1,4,2,0,1.0
9,1,4,2,1,1.0
9,1,4,2,2,1.0
9,1,4,4,0,1.0
9,1,4,4,1,1.0
9,1,4,4,2,1.0
9,1,4,3,0,1.0
9,1,4,3,1,1.0
9,1,4,3,2,1.0
9,1,4,5,0,1.0
9,1,4,5,1,1.0
9,1,4,5,2,1.0
9,1,4,6,0,1.0
9,1,4,6,1,1.0
9,1,4,6,2,1.0
9,1,4,7,0,1.0
9,1,4,7,1,1.0
9,1,4,7,2,1.0
9,1,5,0,0,1.0
9,1,5,0,1,1.0
9,1,5,0,2,1.0
9,1,5,1,0,1.0
9,1,5,1,1,1.0
9,1,5,1,2,1.0
9,1,5,2,0,1.0
9,1,5,2,1,1.0
9,1,5,2,2,1.0
9,1,5,4,0,1.0
9,1,5,4,1,1.0
9,1,5,4,2,1.0
9,1,5,3,0,1.0
9,1,5,3,1,1.0
9,1,5,3,2,1.0
9,1,5,5,0,1.0
9,1,5,5,1,1.0
9,1,5,5,2,1.0
9,1,5,6,0,1.0
9,1,5,6,1,1.0
9,1,5,6,2,1.0
9,1,5,7,0,1.0
9,1,5,7,1,1.0
9,1,5,7,2,1.0
9,1,6,0,0,1.0
9,1,6,0,1,1.0
9,1,6,0,2,1.0
9,1,6,1,0,1.0
9,1,6,1,1,1.0
9,1,6,1,2,1.0
9,1,6,2,0,1.0
9,1,6,2,1,1.0
9,1,6,2,2,1.0
9,1,6,4,0,1.0
9,1,6,4,1,1.0
9,1,6,4,2,1.0
9,1,6,3,0,1.0
9,1,6,3,1,1.0
9,1,6,3,2,1.0
9,1,6,5,0,1.0
9,1,6,5,1,1.0
9,1,6,5,2,1.0
9,1,6,6,0,1.0
9,1,6,6,1,1.0
9,1,6,6,2,1.0
9,1,6,7,0,1.0
9,1,6,7,1,1.0
9,1,6,7,2,1.0
9,1,7,0,0,1.0
9,1,7,0,1,1.0
9,1,7,0,2,1.0
9,1,7,1,0,1.0
9,1,7,1,1,1.0
9,1,7,1,2,1.0
9,1,7,2,0,1.0
9,1,7,2,1,1.0
9,1,7,2,2,1.0
9,1,7,4,0,1.0
9,1,7,4,1,1.0
9,1,7,4,2,1.0
9,1,7,3,0,1.0
9,1,7,3,1,1.0
9,1,7,3,2,1.0
9,1,7,5,0,1.0
9,1,7,5,1,1.0
9,1,7,5,2,1.0
9,1,7,6,0,1.0
9,1,7,6,1,1.0
9,1,7,6,2,1.0
9,1,7,7,0,1.0
9,1,7,7,1,1.0
9,1,7,7,2,1.0
9,1,8,0,0,1.0
9,1,8,0,1,1.0
9,1,8,0,2,1.0
9,1,8,1,0,1.0
9,1,8,1,1,1.0
9,1,8,1,2,1.0
9,1,8,2,0,1.0
9,1,8,2,1,1.0
9,1,8,2,2,1.0
9,1,8,4,0,1.0
9,1,8,4,1,1.0
9,1,8,4,2,1.0
9,1,8,3,0,1.0
9,1,8,3,1,1.0
9,1,8,3,2,1.0
9,1,8,5,0,1.0
9,1,8,5,1,1.0
9,1,8,5,2,1.0
9,1,8,6,0,1.0
9,1,8,6,1,1.0
9,1,8,6,2,1.0
9,1,8,7,0,1.0
9,1,8,7,1,1.0
9,1,8,7,2,1.0
9,1,9,0,0,1.0
9,1,9,0,1,1.0
9,1,9,0,2,1.0
9,1,9,1,0,1.0
9,1,9,1,1,1.0
9,1,9,1,2,1.0
9,1,9,2,0,1.0
9,1,9,2,1,1.0
9,1,9,2,2,1.0
9,1,9,4,0,1.0
9,1,9,4,1,1.0
9,1,9,4,2,1.0
9,1,9,3,0,1.0
9,1,9,3,1,1.0
9,1,9,3,2,1.0
9,1,9,5,0,1.0
9,1,9,5,1,1.0
9,1,9,5,2,1.0
9,1,9,6,0,1.0
9,1,9,6,1,1.0
9,1,9,6,2,1.0
9,1,9,7,0,1.0
9,1,9,7,1,1.0
9,1,9,7,2,1.0
9,1,10,0,0,1.0
9,1,10,0,1,1.0
9,1,10,0,2,1.0
9,1,10,1,0,1.0
9,1,10,1,1,1.0
9,1,10,1,2,1.0
9,1,10,2,0,1.0
9,1,10,2,1,1.0
9,1,10,2,2,1.0
9,1,10,4,0,1.0
9,1,10,4,1,1.0
9,1,10,4,2,1.0
9,1,10,3,0,1.0
9,1,10,3,1,1.0
9,1,10,3,2,1.0
9,1,10,5,0,1.0
9,1,10,5,1,1.0
9,1,10,5,2,1.0
9,1,10,6,0,1.0
9,1,10,6,1,1.0
9,1,10,6,2,1.0
9,1,10,7,0,1.0
9,1,10,7,1,1.0
9,1,10,7,2,1.0
10,0,-10,0,0,8.5e-05
10,0,-10,0,1,8e-06
10,0,-10,0,2,0.0
10,0,-10,1,0,0.000243
10,0,-10,1,1,3.9e-05
10,0,-10,1,2,0.0
10,0,-10,2,0,0.0
10,0,-10,2,1,0.0
10,0,-10,2,2,0.0
10,0,-10,4,0,0.0
10,0,-10,4,1,0.0
10,0,-10,4,2,0.0
10,0,-10,3,0,0.000502
10,0,-10,3,1,0.000115
10,0,-10,3,2,4.7e-05
10,0,-10,5,0,0.000303
10,0,-10,5,1,0.0
10,0,-10,5,2,0.0
10,0,-10,6,0,0.00041
10,0,-10,6,1,-0.0
10,0,-10,6,2,0.0
10,0,-10,7,0,0.000771
10,0,-10,7,1,0.0
10,0,-10,7,2,0.0
10,0,-9,0,0,0.000262
10,0,-9,0,1,2.5e-05
10,0,-9,0,2,0.0
10,0,-9,1,0,0.000749
10,0,-9,1,1,0.000128
10,0,-9,1,2,0.0
10,0,-9,2,0,0.000166
10,0,-9,2,1,0.0
10,0,-9,2,2,0.0
10,0,-9,4,0,0.0
10,0,-9,4,1,0.0
10,0,-9,4,2,0.0
10,0,-9,3,0,0.001748
10,0,-9,3,1,0.000376
10,0,-9,3,2,0.000155
10,0,-9,5,0,0.001905
10,0,-9,5,1,0.000129
10,0,-9,5,2,9.1e-05
10,0,-9,6,0,0.001344
10,0,-9,6,1,-0.0
10,0,-9,6,2,0.0
10,0,-9,7,0,0.003683
10,0,-9,7,1,0.000179
10,0,-9,7,2,0.000139
10,0,-8,0,0,0.00053
10,0,-8,0,1,6.1e-05
10,0,-8,0,2,0.0
10,0,-8,1,0,0.001441
10,0,-8,1,1,0.000249
10,0,-8,1,2,0.0
10,0,-8,2,0,0.00071
10,0,-8,2,1,0.000148
10,0,-8,2,2,0.0
10,0,-8,4,0,0.0
10,0,-8,4,1,0.000339
10,0,-8,4,2,0.0
10,0,-8,3,0,0.003986
10,0,-8,3,1,0.000789
10,0,-8,3,2,0.000277
10,0,-8,5,0,0.004162
10,0,-8,5,1,0.000683
10,0,-8,5,2,0.000207
10,0,-8,6,0,0.00282
10,0,-8,6,1,0.000339
10,0,-8,6,2,0.0
10,0,-8,7,0,0.010633
10,0,-8,7,1,0.000945
10,0,-8,7,2,0.000595
10,0,-7,0,0,0.001142
10,0,-7,0,1,0.000171
10,0,-7,0,2,1.9e-05
10,0,-7,1,0,0.002956
10,0,-7,1,1,0.000577
10,0,-7,1,2,7.6e-05
10,0,-7,2,0,0.002929
10,0,-7,2,1,0.000536
10,0,-7,2,2,3.8e-05
10,0,-7,4,0,0.0
10,0,-7,4,1,0.001622
10,0,-7,4,2,0.000101
10,0,-7,3,0,0.008539
10,0,-7,3,1,0.002055
10,0,-7,3,2,0.000549
10,0,-7,5,0,0.008105
10,0,-7,5,1,0.002256
10,0,-7,5,2,0.000691
10,0,-7,6,0,0.004883
10,0,-7,6,1,0.001622
10,0,-7,6,2,0.000134
10,0,-7,7,0,0.024113
10,0,-7,7,1,0.003657
10,0,-7,7,2,0.001411
10,0,-6,0,0,0.002671
10,0,-6,0,1,0.000595
10,0,-6,0,2,7.2e-05
10,0,-6,1,0,0.006499
10,0,-6,1,1,0.001665
10,0,-6,1,2,0.000363
10,0,-6,2,0,0.008773
10,0,-6,2,1,0.001874
10,0,-6,2,2,0.000202
10,0,-6,4,0,0.002579
10,0,-6,4,1,0.004003
10,0,-6,4,2,0.000431
10,0,-6,3,0,0.018155
10,0,-6,3,1,0.005624
10,0,-6,3,2,0.001288
10,0,-6,5,0,0.01807
10,0,-6,5,1,0.006052
10,0,-6,5,2,0.002196
10,0,-6,6,0,0.010797
10,0,-6,6,1,0.005191
10,0,-6,6,2,0.001112
10,0,-6,7,0,0.049062
10,0,-6,7,1,0.013175
10,0,-6,7,2,0.004
10,0,-5,0,0,0.006072
10,0,-5,0,1,0.00176
10,0,-5,0,2,0.000221
10,0,-5,1,0,0.014637
10,0,-5,1,1,0.004581
10,0,-5,1,2,0.001106
10,0,-5,2,0,0.018579
10,0,-5,2,1,0.005264
10,0,-5,2,2,0.000934
10,0,-5,4,0,0.014901
10,0,-5,4,1,0.007544
10,0,-5,4,2,0.001123
10,0,-5,3,0,0.038032
10,0,-5,3,1,0.01372
10,0,-5,3,2,0.003239
10,0,-5,5,0,0.042373
10,0,-5,5,1,0.015899
10,0,-5,5,2,0.005695
10,0,-5,6,0,0.031345
10,0,-5,6,1,0.015171
10,0,-5,6,2,0.004471
10,0,-5,7,0,0.093093
10,0,-5,7,1,0.038168
10,0,-5,7,2,0.011538
10,0,-4,0,0,0.0135
10,0,-4,0,1,0.004608
10,0,-4,0,2,0.000847
10,0,-4,1,0,0.032131
10,0,-4,1,1,0.012039
10,0,-4,1,2,0.003231
10,0,-4,2,0,0.038484
10,0,-4,2,1,0.014492
10,0,-4,2,2,0.003355
10,0,-4,4,0,0.038874
10,0,-4,4,1,0.017207
10,0,-4,4,2,0.003629
10,0,-4,3,0,0.075637
10,0,-4,3,1,0.032602
10,0,-4,3,2,0.010057
10,0,-4,5,0,0.091018
10,0,-4,5,1,0.04141
10,0,-4,5,2,0.013309
10,0,-4,6,0,0.080863
10,0,-4,6,1,0.038295
10,0,-4,6,2,0.012375
10,0,-4,7,0,0.165617
10,0,-4,7,1,0.091032
10,0,-4,7,2,0.035145
10,0,-3,0,0,0.030983
10,0,-3,0,1,0.012689
10,0,-3,0,2,0.003137
10,0,-3,1,0,0.069722
10,0,-3,1,1,0.032455
10,0,-3,1,2,0.010491
10,0,-3,2,0,0.081061
10,0,-3,2,1,0.037627
10,0,-3,2,2,0.011091
10,0,-3,4,0,0.08666
10,0,-3,4,1,0.044211
10,0,-3,4,2,0.011675
10,0,-3,3,0,0.150482
10,0,-3,3,1,0.081478
10,0,-3,3,2,0.03347
10,0,-3,5,0,0.18007
10,0,-3,5,1,0.095825
10,0,-3,5,2,0.036347
10,0,-3,6,0,0.172788
10,0,-3,6,1,0.090502
10,0,-3,6,2,0.036994
10,0,-3,7,0,0.274823
10,0,-3,7,1,0.168715
10,0,-3,7,2,0.076433
10,0,-2,0,0,0.070487
10,0,-2,0,1,0.033619
10,0,-2,0,2,0.01051
10,0,-2,1,0,0.148226
10,0,-2,1,1,0.08377
10,0,-2,1,2,0.034186
10,0,-2,2,0,0.168075
10,0,-2,2,1,0.090863
10,0,-2,2,2,0.034985
10,0,-2,4,0,0.185325
10,0,-2,4,1,0.101873
10,0,-2,4,2,0.034006
10,0,-2,3,0,0.268721
10,0,-2,3,1,0.162948
10,0,-2,3,2,0.075077
10,0,-2,5,0,0.316538
10,0,-2,5,1,0.183491
10,0,-2,5,2,0.078622
10,0,-2,6,0,0.348897
10,0,-2,6,1,0.22097
10,0,-2,6,2,0.105408
10,0,-2,7,0,0.426591
10,0,-2,7,1,0.272488
10,0,-2,7,2,0.145671
10,0,-1,0,0,0.154659
10,0,-1,0,1,0.085296
10,0,-1,0,2,0.033971
10,0,-1,1,0,0.270811
10,0,-1,1,1,0.167389
10,0,-1,1,2,0.076313
10,0,-1,2,0,0.356707
10,0,-1,2,1,0.220184
10,0,-1,2,2,0.106921
10,0,-1,4,0,0.4507
10,0,-1,4,1,0.314342
10,0,-1,4,2,0.117048
10,0,-1,3,0,0.428076
10,0,-1,3,1,0.276751
10,0,-1,3,2,0.142711
10,0,-1,5,0,0.555354
10,0,-1,5,1,0.377055
10,0,-1,5,2,0.157042
10,0,-1,6,0,0.587643
10,0,-1,6,1,0.438367
10,0,-1,6,2,0.184297
10,0,-1,7,0,0.627973
10,0,-1,7,1,0.447564
10,0,-1,7,2,0.238394
10,0,0,0,0,0.4822
10,0,0,0,1,0.424837
10,0,0,0,2,0.379901
10,0,0,1,0,0.56489
10,0,0,1,1,0.483993
10,0,0,1,2,0.410814
10,0,0,2,0,0.658295
10,0,0,2,1,0.546503
10,0,0,2,2,0.449502
10,0,0,4,0,0.763623
10,0,0,4,1,0.65933
10,0,0,4,2,0.464176
10,0,0,3,0,0.681087
10,0,0,3,1,0.568318
10,0,0,3,2,0.466727
10,0,0,5,0,0.806579
10,0,0,5,1,0.679729
10,0,0,5,2,0.48234
10,0,0,6,0,0.800344
10,0,0,6,1,0.705573
10,0,0,6,2,0.483402
10,0,0,7,0,0.824428
10,0,0,7,1,0.70723
10,0,0,7,2,0.529116
10,0,1,0,0,0.828252
10,0,1,0,1,0.811849
10,0,1,0,2,0.799274
10,0,1,1,0,0.85323
10,0,1,1,1,0.829556
10,0,1,1,2,0.808448
10,0,1,2,0,0.877729
10,0,1,2,1,0.845582
10,0,1,2,2,0.818186
10,0,1,4,0,0.905092
10,0,1,4,1,0.874406
10,0,1,4,2,0.821777
10,0,1,3,0,0.888232
10,0,1,3,1,0.854529
10,0,1,3,2,0.824453
10,0,1,5,0,0.92219
10,0,1,5,1,0.883585
10,0,1,5,2,0.828553
10,0,1,6,0,0.923229
10,0,1,6,1,0.892977
10,0,1,6,2,0.830742
10,0,1,7,0,0.931968
10,0,1,7,1,0.894856
10,0,1,7,2,0.843988
10,0,2,0,0,0.919701
10,0,2,0,1,0.911881
10,0,2,0,2,0.905873
10,0,2,1,0,0.931562
10,0,2,1,1,0.9203
10,0,2,1,2,0.910239
10,0,2,2,0,0.943321
10,0,2,2,1,0.928007
10,0,2,2,2,0.91493
10,0,2,4,0,0.956472
10,0,2,4,1,0.941874
10,0,2,4,2,0.916663
10,0,2,3,0,0.948164
10,0,2,3,1,0.932168
10,0,2,3,2,0.917869
10,0,2,5,0,0.964419
10,0,2,5,1,0.946119
10,0,2,5,2,0.919835
10,0,2,6,0,0.964838
10,0,2,6,1,0.950547
10,0,2,6,2,0.920823
10,0,2,7,0,0.968861
10,0,2,7,1,0.951336
10,0,2,7,2,0.927112
10,0,3,0,0,0.963579
10,0,3,0,1,0.959967
10,0,3,0,2,0.957187
10,0,3,1,0,0.969043
10,0,3,1,1,0.963852
10,0,3,1,2,0.959205
10,0,3,2,0,0.974498
10,0,3,2,1,0.967431
10,0,3,2,2,0.961386
10,0,3,4,0,0.980604
10,0,3,4,1,0.973872
10,0,3,4,2,0.962192
10,0,3,3,0,0.97667
10,0,3,3,1,0.969311
10,0,3,3,2,0.962723
10,0,3,5,0,0.984194
10,0,3,5,1,0.975784
10,0,3,5,2,0.963634
10,0,3,6,0,0.984382
10,0,3,6,1,0.977833
10,0,3,6,2,0.964084
10,0,3,7,0,0.986164
10,0,3,7,1,0.978134
10,0,3,7,2,0.966971
10,0,4,0,0,0.983932
10,0,4,0,1,0.9823
10,0,4,0,2,0.98104
10,0,4,1,0,0.986381
10,0,4,1,1,0.984044
10,0,4,1,2,0.981948
10,0,4,2,0,0.988876
10,0,4,2,1,0.985686
10,0,4,2,2,0.982951
10,0,4,4,0,0.991672
10,0,4,4,1,0.988643
10,0,4,4,2,0.983323
10,0,4,3,0,0.989799
10,0,4,3,1,0.986496
10,0,4,3,2,0.983536
10,0,4,5,0,0.993224
10,0,4,5,1,0.989459
10,0,4,5,2,0.983952
10,0,4,6,0,0.993272
10,0,4,6,1,0.99036
10,0,4,6,2,0.984131
10,0,4,7,0,0.994046
10,0,4,7,1,0.990471
10,0,4,7,2,0.985431
10,0,5,0,0,0.993229
10,0,5,0,1,0.992535
10,0,5,0,2,0.992
10,0,5,1,0,0.994267
10,0,5,1,1,0.993275
10,0,5,1,2,0.992384
10,0,5,2,0,0.995331
10,0,5,2,1,0.993976
10,0,5,2,2,0.992813
10,0,5,4,0,0.996524
10,0,5,4,1,0.995238
10,0,5,4,2,0.992972
10,0,5,3,0,0.995716
10,0,5,3,1,0.994315
10,0,5,3,2,0.993059
10,0,5,5,0,0.997175
10,0,5,5,1,0.995579
10,0,5,5,2,0.993237
10,0,5,6,0,0.997191
10,0,5,6,1,0.995959
10,0,5,6,2,0.993309
10,0,5,7,0,0.997517
10,0,5,7,1,0.996005
10,0,5,7,2,0.993862
10,0,6,0,0,0.997192
10,0,6,0,1,0.996903
10,0,6,0,2,0.99668
10,0,6,1,0,0.997625
10,0,6,1,1,0.997212
10,0,6,1,2,0.99684
10,0,6,2,0,0.998069
10,0,6,2,1,0.997504
10,0,6,2,2,0.997019
10,0,6,4,0,0.998567
10,0,6,4,1,0.998031
10,0,6,4,2,0.997086
10,0,6,3,0,0.998231
10,0,6,3,1,0.997646
10,0,6,3,2,0.997122
10,0,6,5,0,0.99884
10,0,6,5,1,0.998174
10,0,6,5,2,0.997196
10,0,6,6,0,0.998845
10,0,6,6,1,0.99833
10,0,6,6,2,0.997225
10,0,6,7,0,0.998982
10,0,6,7,1,0.998352
10,0,6,7,2,0.997457
10,0,7,0,0,0.998846
10,0,7,0,1,0.998725
10,0,7,0,2,0.998632
10,0,7,1,0,0.999027
10,0,7,1,1,0.998855
10,0,7,1,2,0.9987
10,0,7,2,0,0.99921
10,0,7,2,1,0.998975
10,0,7,2,2,0.998773
10,0,7,4,0,0.999415
10,0,7,4,1,0.999191
10,0,7,4,2,0.9988
10,0,7,3,0,0.99928
10,0,7,3,1,0.999037
10,0,7,3,2,0.998817
10,0,7,5,0,0.999532
10,0,7,5,1,0.999253
10,0,7,5,2,0.998848
10,0,7,6,0,0.999537
10,0,7,6,1,0.999321
10,0,7,6,2,0.998862
10,0,7,7,0,0.999593
10,0,7,7,1,0.999329
10,0,7,7,2,0.998958
10,0,8,0,0,0.999527
10,0,8,0,1,0.999474
10,0,8,0,2,0.999433
10,0,8,1,0,0.999607
10,0,8,1,1,0.999532
10,0,8,1,2,0.999463
10,0,8,2,0,0.999688
10,0,8,2,1,0.999585
10,0,8,2,2,0.999496
10,0,8,4,0,0.999778
10,0,8,4,1,0.99968
10,0,8,4,2,0.999508
10,0,8,3,0,0.999716
10,0,8,3,1,0.99961
10,0,8,3,2,0.999514
10,0,8,5,0,0.999826
10,0,8,5,1,0.999706
10,0,8,5,2,0.999528
10,0,8,6,0,0.999831
10,0,8,6,1,0.999738
10,0,8,6,2,0.999535
10,0,8,7,0,0.999849
10,0,8,7,1,0.999736
10,0,8,7,2,0.999576
10,0,9,0,0,0.999829
10,0,9,0,1,0.999806
10,0,9,0,2,0.999788
10,0,9,1,0,0.99986
10,0,9,1,1,0.999829
10,0,9,1,2,0.9998
10,0,9,2,0,0.999898
10,0,9,2,1,0.999855
10,0,9,2,2,0.999816
10,0,9,4,0,0.999941
10,0,9,4,1,0.999901
10,0,9,4,2,0.999822
10,0,9,3,0,0.999904
10,0,9,3,1,0.999861
10,0,9,3,2,0.999822
10,0,9,5,0,0.999954
10,0,9,5,1,0.999906
10,0,9,5,2,0.999828
10,0,9,6,0,0.999952
10,0,9,6,1,0.999917
10,0,9,6,2,0.999828
10,0,9,7,0,0.999957
10,0,9,7,1,0.999914
10,0,9,7,2,0.999845
10,0,10,0,0,0.999969
10,0,10,0,1,0.999964
10,0,10,0,2,0.999961
10,0,10,1,0,0.999975
10,0,10,1,1,0.999969
10,0,10,1,2,0.999963
10,0,10,2,0,0.999984
10,0,10,2,1,0.999975
10,0,10,2,2,0.999967
10,0,10,4,0,0.999993
10,0,10,4,1,0.999985
10,0,10,4,2,0.999968
10,0,10,3,0,0.999984
10,0,10,3,1,0.999975
10,0,10,3,2,0.999967
10,0,10,5,0,0.999995
10,0,10,5,1,0.999985
10,0,10,5,2,0.999969
10,0,10,6,0,0.999993
10,0,10,6,1,0.999987
10,0,10,6,2,0.999968
10,0,10,7,0,0.999994
10,0,10,7,1,0.999986
10,0,10,7,2,0.999972
10,1,-10,0,0,4.2e-05
10,1,-10,0,1,0.0
10,1,-10,0,2,0.0
10,1,-10,1,0,0.000139
10,1,-10,1,1,0.0
10,1,-10,1,2,0.0
10,1,-10,2,0,0.000117
10,1,-10,2,1,0.0
10,1,-10,2,2,0.0
10,1,-10,4,0,0.000888
10,1,-10,4,1,0.0
10,1,-10,4,2,0.0
10,1,-10,3,0,0.000286
10,1,-10,3,1,0.0
10,1,-10,3,2,0.0
10,1,-10,5,0,0.000816
10,1,-10,5,1,0.0
10,1,-10,5,2,0.0
10,1,-10,6,0,0.000536
10,1,-10,6,1,0.0
10,1,-10,6,2,0.0
10,1,-10,7,0,0.001056
10,1,-10,7,1,0.0
10,1,-10,7,2,0.0
10,1,-9,0,0,0.000225
10,1,-9,0,1,0.0
10,1,-9,0,2,0.0
10,1,-9,1,0,0.000685
10,1,-9,1,1,0.0
10,1,-9,1,2,0.0
10,1,-9,2,0,0.000578
10,1,-9,2,1,7.1e-05
10,1,-9,2,2,0.0
10,1,-9,4,0,0.001715
10,1,-9,4,1,0.0
10,1,-9,4,2,0.0
10,1,-9,3,0,0.001694
10,1,-9,3,1,8.2e-05
10,1,-9,3,2,0.0
10,1,-9,5,0,0.002392
10,1,-9,5,1,0.000369
10,1,-9,5,2,0.0
10,1,-9,6,0,0.002107
10,1,-9,6,1,0.000239
10,1,-9,6,2,0.0
10,1,-9,7,0,0.00415
10,1,-9,7,1,0.000497
10,1,-9,7,2,0.0
10,1,-8,0,0,0.000596
10,1,-8,0,1,4.7e-05
10,1,-8,0,2,2.9e-05
10,1,-8,1,0,0.001769
10,1,-8,1,1,0.000171
10,1,-8,1,2,5.6e-05
10,1,-8,2,0,0.001725
10,1,-8,2,1,0.000279
10,1,-8,2,2,0.0
10,1,-8,4,0,0.001715
10,1,-8,4,1,0.000238
10,1,-8,4,2,0.0
10,1,-8,3,0,0.005041
10,1,-8,3,1,0.000648
10,1,-8,3,2,0.000136
10,1,-8,5,0,0.003152
10,1,-8,5,1,0.00145
10,1,-8,5,2,0.0
10,1,-8,6,0,0.004714
10,1,-8,6,1,0.00094
10,1,-8,6,2,0.0
10,1,-8,7,0,0.008755
10,1,-8,7,1,0.002452
10,1,-8,7,2,0.000381
10,1,-7,0,0,0.001434
10,1,-7,0,1,0.000382
10,1,-7,0,2,0.000115
10,1,-7,1,0,0.003667
10,1,-7,1,1,0.001043
10,1,-7,1,2,0.00022
10,1,-7,2,0,0.004363
10,1,-7,2,1,0.00105
10,1,-7,2,2,0.000108
10,1,-7,4,0,0.005268
10,1,-7,4,1,0.001171
10,1,-7,4,2,0.000143
10,1,-7,3,0,0.009453
10,1,-7,3,1,0.002741
10,1,-7,3,2,0.000536
10,1,-7,5,0,0.006824
10,1,-7,5,1,0.003612
10,1,-7,5,2,0.000263
10,1,-7,6,0,0.011035
10,1,-7,6,1,0.002819
10,1,-7,6,2,0.000393
10,1,-7,7,0,0.017547
10,1,-7,7,1,0.006824
10,1,-7,7,2,0.001687
10,1,-6,0,0,0.00348
10,1,-6,0,1,0.001259
10,1,-6,0,2,0.0003
10,1,-6,1,0,0.008063
10,1,-6,1,1,0.003133
10,1,-6,1,2,0.000659
10,1,-6,2,0,0.009037
10,1,-6,2,1,0.003277
10,1,-6,2,2,0.000535
10,1,-6,4,0,0.013017
10,1,-6,4,1,0.002785
10,1,-6,4,2,0.000704
10,1,-6,3,0,0.018861
10,1,-6,3,1,0.007697
10,1,-6,3,2,0.001539
10,1,-6,5,0,0.017181
10,1,-6,5,1,0.007936
10,1,-6,5,2,0.001033
10,1,-6,6,0,0.023032
10,1,-6,6,1,0.008697
10,1,-6,6,2,0.001348
10,1,-6,7,0,0.03928
10,1,-6,7,1,0.018302
10,1,-6,7,2,0.003525
10,1,-5,0,0,0.008385
10,1,-5,0,1,0.003177
10,1,-5,0,2,0.000685
10,1,-5,1,0,0.019377
10,1,-5,1,1,0.007654
10,1,-5,1,2,0.001781
10,1,-5,2,0,0.021254
10,1,-5,2,1,0.009409
10,1,-5,2,2,0.001813
10,1,-5,4,0,0.022482
10,1,-5,4,1,0.006758
10,1,-5,4,2,0.002244
10,1,-5,3,0,0.045342
10,1,-5,3,1,0.019153
10,1,-5,3,2,0.00469
10,1,-5,5,0,0.041186
10,1,-5,5,1,0.020641
10,1,-5,5,2,0.004412
10,1,-5,6,0,0.05039
10,1,-5,6,1,0.024163
10,1,-5,6,2,0.003663
10,1,-5,7,0,0.085696
10,1,-5,7,1,0.046042
10,1,-5,7,2,0.010123
10,1,-4,0,0,0.019863
10,1,-4,0,1,0.007923
10,1,-4,0,2,0.001745
10,1,-4,1,0,0.045144
10,1,-4,1,1,0.019867
10,1,-4,1,2,0.005496
10,1,-4,2,0,0.047194
10,1,-4,2,1,0.023
10,1,-4,2,2,0.00592
10,1,-4,4,0,0.044319
10,1,-4,4,1,0.017471
10,1,-4,4,2,0.005447
10,1,-4,3,0,0.10252
10,1,-4,3,1,0.050963
10,1,-4,3,2,0.016991
10,1,-4,5,0,0.093841
10,1,-4,5,1,0.050936
10,1,-4,5,2,0.014984
10,1,-4,6,0,0.114384
10,1,-4,6,1,0.061879
10,1,-4,6,2,0.013556
10,1,-4,7,0,0.185917
10,1,-4,7,1,0.116036
10,1,-4,7,2,0.044948
10,1,-3,0,0,0.044797
10,1,-3,0,1,0.019858
10,1,-3,0,2,0.005144
10,1,-3,1,0,0.095677
10,1,-3,1,1,0.048916
10,1,-3,1,2,0.016408
10,1,-3,2,0,0.104241
10,1,-3,2,1,0.053726
10,1,-3,2,2,0.018114
10,1,-3,4,0,0.107995
10,1,-3,4,1,0.050898
10,1,-3,4,2,0.016429
10,1,-3,3,0,0.203639
10,1,-3,3,1,0.121337
10,1,-3,3,2,0.051872
10,1,-3,5,0,0.207635
10,1,-3,5,1,0.116429
10,1,-3,5,2,0.045442
10,1,-3,6,0,0.230286
10,1,-3,6,1,0.144153
10,1,-3,6,2,0.045388
10,1,-3,7,0,0.329902
10,1,-3,7,1,0.218875
10,1,-3,7,2,0.100982
10,1,-2,0,0,0.098406
10,1,-2,0,1,0.049393
10,1,-2,0,2,0.015692
10,1,-2,1,0,0.196
10,1,-2,1,1,0.116972
10,1,-2,1,2,0.049557
10,1,-2,2,0,0.220321
10,1,-2,2,1,0.126007
10,1,-2,2,2,0.052987
10,1,-2,4,0,0.216606
10,1,-2,4,1,0.134372
10,1,-2,4,2,0.051054
10,1,-2,3,0,0.343649
10,1,-2,3,1,0.221881
10,1,-2,3,2,0.104491
10,1,-2,5,0,0.372288
10,1,-2,5,1,0.221331
10,1,-2,5,2,0.101386
10,1,-2,6,0,0.457835
10,1,-2,6,1,0.318579
10,1,-2,6,2,0.145442
10,1,-2,7,0,0.509271
10,1,-2,7,1,0.351836
10,1,-2,7,2,0.182399
10,1,-1,0,0,0.209655
10,1,-1,0,1,0.12031
10,1,-1,0,2,0.048957
10,1,-1,1,0,0.344289
10,1,-1,1,1,0.221359
10,1,-1,1,2,0.104328
10,1,-1,2,0,0.45876
10,1,-1,2,1,0.296517
10,1,-1,2,2,0.15488
10,1,-1,4,0,0.554153
10,1,-1,4,1,0.428397
10,1,-1,4,2,0.16682
10,1,-1,3,0,0.525201
10,1,-1,3,1,0.353271
10,1,-1,3,2,0.185096
10,1,-1,5,0,0.663547
10,1,-1,5,1,0.475221
10,1,-1,5,2,0.210802
10,1,-1,6,0,0.729411
10,1,-1,6,1,0.563631
10,1,-1,6,2,0.243787
10,1,-1,7,0,0.739464
10,1,-1,7,1,0.560972
10,1,-1,7,2,0.286378
10,1,0,0,0,0.653174
10,1,0,0,1,0.59869
10,1,0,0,2,0.55296
10,1,0,1,0,0.72159
10,1,0,1,1,0.650916
10,1,0,1,2,0.582014
10,1,0,2,0,0.813556
10,1,0,2,1,0.715715
10,1,0,2,2,0.627243
10,1,0,4,0,0.909846
10,1,0,4,1,0.831672
10,1,0,4,2,0.639246
10,1,0,3,0,0.819324
10,1,0,3,1,0.72376
10,1,0,3,2,0.631194
10,1,0,5,0,0.930843
10,1,0,5,1,0.834973
10,1,0,5,2,0.65419
10,1,0,6,0,0.925124
10,1,0,6,1,0.848839
10,1,0,6,2,0.64708
10,1,0,7,0,0.93315
10,1,0,7,1,0.847909
10,1,0,7,2,0.679655
10,1,1,0,0,1.0
10,1,1,0,1,1.0
10,1,1,0,2,1.0
10,1,1,1,0,1.0
10,1,1,1,1,1.0
10,1,1,1,2,1.0
10,1,1,2,0,1.0
10,1,1,2,1,1.0
10,1,1,2,2,1.0
10,1,1,4,0,1.0
10,1,1,4,1,1.0
10,1,1,4,2,1.0
10,1,1,3,0,1.0
10,1,1,3,1,1.0
10,1,1,3,2,1.0
10,1,1,5,0,1.0
10,1,1,5,1,1.0
10,1,1,5,2,1.0
10,1,1,6,0,1.0
10,1,1,6,1,1.0
10,1,1,6,2,1.0
10,1,1,7,0,1.0
10,1,1,7,1,1.0
10,1,1,7,2,1.0
10,1,2,0,0,1.0
10,1,2,0,1,1.0
10,1,2,0,2,1.0
10,1,2,1,0,1.0
10,1,2,1,1,1.0
10,1,2,1,2,1.0
10,1,2,2,0,1.0
10,1,2,2,1,1.0
10,1,2,2,2,1.0
10,1,2,4,0,1.0
10,1,2,4,1,1.0
10,1,2,4,2,1.0
10,1,2,3,0,1.0
10,1,2,3,1,1.0
10,1,2,3,2,1.0
10,1,2,5,0,1.0
10,1,2,5,1,1.0
10,1,2,5,2,1.0
10,1,2,6,0,1.0
10,1,2,6,1,1.0
10,1,2,6,2,1.0
10,1,2,7,0,1.0
10,1,2,7,1,1.0
10,1,2,7,2,1.0
10,1,3,0,0,1.0
10,1,3,0,1,1.0
10,1,3,0,2,1.0
10,1,3,1,0,1.0
10,1,3,1,1,1.0
10,1,3,1,2,1.0
10,1,3,2,0,1.0
10,1,3,2,1,1.0
10,1,3,2,2,1.0
10,1,3,4,0,1.0
10,1,3,4,1,1.0
10,1,3,4,2,1.0
10,1,3,3,0,1.0
10,1,3,3,1,1.0
10,1,3,3,2,1.0
10,1,3,5,0,1.0
10,1,3,5,1,1.0
10,1,3,5,2,1.0
10,1,3,6,0,1.0
10,1,3,6,1,1.0
10,1,3,6,2,1.0
10,1,3,7,0,1.0
10,1,3,7,1,1.0
10,1,3,7,2,1.0
10,1,4,0,0,1.0
10,1,4,0,1,1.0
10,1,4,0,2,1.0
10,1,4,1,0,1.0
10,1,4,1,1,1.0
10,1,4,1,2,1.0
10,1,4,2,0,1.0
10,1,4,2,1,1.0
10,1,4,2,2,1.0
10,1,4,4,0,1.0
10,1,4,4,1,1.0
10,1,4,4,2,1.0
10,1,4,3,0,1.0
10,1,4,3,1,1.0
10,1,4,3,2,1.0
10,1,4,5,0,1.0
10,1,4,5,1,1.0
10,1,4,5,2,1.0
10,1,4,6,0,1.0
10,1,4,6,1,1.0
10,1,4,6,2,1.0
10,1,4,7,0,1.0
10,1,4,7,1,1.0
10,1,4,7,2,1.0
10,1,5,0,0,1.0
10,1,5,0,1,1.0
10,1,5,0,2,1.0
10,1,5,1,0,1.0
10,1,5,1,1,1.0
10,1,5,1,2,1.0
10,1,5,2,0,1.0
10,1,5,2,1,1.0
10,1,5,2,2,1.0
10,1,5,4,0,1.0
10,1,5,4,1,1.0
10,1,5,4,2,1.0
10,1,5,3,0,1.0
10,1,5,3,1,1.0
10,1,5,3,2,1.0
10,1,5,5,0,1.0
10,1,5,5,1,1.0
10,1,5,5,2,1.0
10,1,5,6,0,1.0
10,1,5,6,1,1.0
10,1,5,6,2,1.0
10,1,5,7,0,1.0
10,1,5,7,1,1.0
10,1,5,7,2,1.0
10,1,6,0,0,1.0
10,1,6,0,1,1.0
10,1,6,0,2,1.0
10,1,6,1,0,1.0
10,1,6,1,1,1.0
10,1,6,1,2,1.0
10,1,6,2,0,1.0
10,1,6,2,1,1.0
10,1,6,2,2,1.0
10,1,6,4,0,1.0
10,1,6,4,1,1.0
10,1,6,4,2,1.0
10,1,6,3,0,1.0
10,1,6,3,1,1.0
10,1,6,3,2,1.0
10,1,6,5,0,1.0
10,1,6,5,1,1.0
10,1,6,5,2,1.0
10,1,6,6,0,1.0
10,1,6,6,1,1.0
10,1,6,6,2,1.0
10,1,6,7,0,1.0
10,1,6,7,1,1.0
10,1,6,7,2,1.0
10,1,7,0,0,1.0
10,1,7,0,1,1.0
10,1,7,0,2,1.0
10,1,7,1,0,1.0
10,1,7,1,1,1.0
10,1,7,1,2,1.0
10,1,7,2,0,1.0
10,1,7,2,1,1.0
10,1,7,2,2,1.0
10,1,7,4,0,1.0
10,1,7,4,1,1.0
10,1,7,4,2,1.0
10,1,7,3,0,1.0
10,1,7,3,1,1.0
10,1,7,3,2,1.0
10,1,7,5,0,1.0
10,1,7,5,1,1.0
10,1,7,5,2,1.0
10,1,7,6,0,1.0
10,1,7,6,1,1.0
10,1,7,6,2,1.0
10,1,7,7,0,1.0
10,1,7,7,1,1.0
10,1,7,7,2,1.0
10,1,8,0,0,1.0
10,1,8,0,1,1.0
10,1,8,0,2,1.0
10,1,8,1,0,1.0
10,1,8,1,1,1.0
10,1,8,1,2,1.0
10,1,8,2,0,1.0
10,1,8,2,1,1.0
10,1,8,2,2,1.0
10,1,8,4,0,1.0
10,1,8,4,1,1.0
10,1,8,4,2,1.0
10,1,8,3,0,1.0
10,1,8,3,1,1.0
10,1,8,3,2,1.0
10,1,8,5,0,1.0
10,1,8,5,1,1.0
10,1,8,5,2,1.0
10,1,8,6,0,1.0
10,1,8,6,1,1.0
10,1,8,6,2,1.0
10,1,8,7,0,1.0
10,1,8,7,1,1.0
10,1,8,7,2,1.0
10,1,9,0,0,1.0
10,1,9,0,1,1.0
10,1,9,0,2,1.0
10,1,9,1,0,1.0
10,1,9,1,1,1.0
10,1,9,1,2,1.0
10,1,9,2,0,1.0
10,1,9,2,1,1.0
10,1,9,2,2,1.0
10,1,9,4,0,1.0
10,1,9,4,1,1.0
10,1,9,4,2,1.0
10,1,9,3,0,1.0
10,1,9,3,1,1.0
10,1,9,3,2,1.0
10,1,9,5,0,1.0
10,1,9,5,1,1.0
10,1,9,5,2,1.0
10,1,9,6,0,1.0
10,1,9,6,1,1.0
10,1,9,6,2,1.0
10,1,9,7,0,1.0
10,1,9,7,1,1.0
10,1,9,7,2,1.0
10,1,10,0,0,1.0
10,1,10,0,1,1.0
10,1,10,0,2,1.0
10,1,10,1,0,1.0
10,1,10,1,1,1.0
10,1,10,1,2,1.0
10,1,10,2,0,1.0
10,1,10,2,1,1.0
10,1,10,2,2,1.0
10,1,10,4,0,1.0
10,1,10,4,1,1.0
10,1,10,4,2,1.0
10,1,10,3,0,1.0
10,1,10,3,1,1.0
10,1,10,3,2,1.0
10,1,10,5,0,1.0
10,1,10,5,1,1.0
10,1,10,5,2,1.0
10,1,10,6,0,1.0
10,1,10,6,1,1.0
10,1,10,6,2,1.0
10,1,10,7,0,1.0
10,1,10,7,1,1.0
10,1,10,7,2,1.0
11,0,-10,0,0,8.5e-05
11,0,-10,0,1,8e-06
11,0,-10,0,2,0.0
11,0,-10,1,0,0.000243
11,0,-10,1,1,3.9e-05
11,0,-10,1,2,0.0
11,0,-10,2,0,0.0
11,0,-10,2,1,0.0
11,0,-10,2,2,0.0
11,0,-10,4,0,0.0
11,0,-10,4,1,0.0
11,0,-10,4,2,0.0
11,0,-10,3,0,0.000502
11,0,-10,3,1,0.000115
11,0,-10,3,2,4.7e-05
11,0,-10,5,0,0.000303
11,0,-10,5,1,0.0
11,0,-10,5,2,0.0
11,0,-10,6,0,0.00041
11,0,-10,6,1,-0.0
11,0,-10,6,2,0.0
11,0,-10,7,0,0.000771
11,0,-10,7,1,0.0
11,0,-10,7,2,0.0
11,0,-9,0,0,0.000262
11,0,-9,0,1,2.5e-05
11,0,-9,0,2,0.0
11,0,-9,1,0,0.000749
11,0,-9,1,1,0.000128
11,0,-9,1,2,0.0
11,0,-9,2,0,0.000166
11,0,-9,2,1,0.0
11,0,-9,2,2,0.0
11,0,-9,4,0,0.0
11,0,-9,4,1,0.0
11,0,-9,4,2,0.0
11,0,-9,3,0,0.001748
11,0,-9,3,1,0.000376
11,0,-9,3,2,0.000155
11,0,-9,5,0,0.001905
11,0,-9,5,1,0.000129
11,0,-9,5,2,9.1e-05
11,0,-9,6,0,0.001344
11,0,-9,6,1,-0.0
11,0,-9,6,2,0.0
11,0,-9,7,0,0.003683
11,0,-9,7,1,0.000179
11,0,-9,7,2,0.000139
11,0,-8,0,0,0.00053
11,0,-8,0,1,6.1e-05
11,0,-8,0,2,0.0
11,0,-8,1,0,0.001441
11,0,-8,1,1,0.000249
11,0,-8,1,2,0.0
11,0,-8,2,0,0.00071
11,0,-8,2,1,0.000148
11,0,-8,2,2,0.0
11,0,-8,4,0,0.0
11,0,-8,4,1,0.000339
11,0,-8,4,2,0.0
11,0,-8,3,0,0.003986
11,0,-8,3,1,0.000789
11,0,-8,3,2,0.000277
11,0,-8,5,0,0.004162
11,0,-8,5,1,0.000683
11,0,-8,5,2,0.000207
11,0,-8,6,0,0.00282
11,0,-8,6,1,0.000339
11,0,-8,6,2,0.0
11,0,-8,7,0,0.010633
11,0,-8,7,1,0.000945
11,0,-8,7,2,0.000595
11,0,-7,0,0,0.001142
11,0,-7,0,1,0.000171
11,0,-7,0,2,1.9e-05
11,0,-7,1,0,0.002956
11,0,-7,1,1,0.000577
11,0,-7,1,2,7.6e-05
11,0,-7,2,0,0.002929
11,0,-7,2,1,0.000536
11,0,-7,2,2,3.8e-05
11,0,-7,4,0,0.0
11,0,-7,4,1,0.001622
11,0,-7,4,2,0.000101
11,0,-7,3,0,0.008539
11,0,-7,3,1,0.002055
11,0,-7,3,2,0.000549
11,0,-7,5,0,0.008105
11,0,-7,5,1,0.002256
11,0,-7,5,2,0.000691
11,0,-7,6,0,0.004883
11,0,-7,6,1,0.001622
11,0,-7,6,2,0.000134
11,0,-7,7,0,0.024113
11,0,-7,7,1,0.003657
11,0,-7,7,2,0.001411
11,0,-6,0,0,0.002671
11,0,-6,0,1,0.000595
11,0,-6,0,2,7.2e-05
11,0,-6,1,0,0.006499
11,0,-6,1,1,0.001665
11,0,-6,1,2,0.000363
11,0,-6,2,0,0.008773
11,0,-6,2,1,0.001874
11,0,-6,2,2,0.000202
11,0,-6,4,0,0.002579
11,0,-6,4,1,0.004003
11,0,-6,4,2,0.000431
11,0,-6,3,0,0.018155
11,0,-6,3,1,0.005624
11,0,-6,3,2,0.001288
11,0,-6,5,0,0.01807
11,0,-6,5,1,0.006052
11,0,-6,5,2,0.002196
11,0,-6,6,0,0.010797
11,0,-6,6,1,0.005191
11,0,-6,6,2,0.001112
11,0,-6,7,0,0.049062
11,0,-6,7,1,0.013175
11,0,-6,7,2,0.004
11,0,-5,0,0,0.006072
11,0,-5,0,1,0.00176
11,0,-5,0,2,0.000221
11,0,-5,1,0,0.014637
11,0,-5,1,1,0.004581
11,0,-5,1,2,0.001106
11,0,-5,2,0,0.018579
11,0,-5,2,1,0.005264
11,0,-5,2,2,0.000934
11,0,-5,4,0,0.014901
11,0,-5,4,1,0.007544
11,0,-5,4,2,0.001123
11,0,-5,3,0,0.038032
11,0,-5,3,1,0.01372
11,0,-5,3,2,0.003239
11,0,-5,5,0,0.042373
11,0,-5,5,1,0.015899
11,0,-5,5,2,0.005695
11,0,-5,6,0,0.031345
11,0,-5,6,1,0.015171
11,0,-5,6,2,0.004471
11,0,-5,7,0,0.093093
11,0,-5,7,1,0.038168
11,0,-5,7,2,0.011538
11,0,-4,0,0,0.0135
11,0,-4,0,1,0.004608
11,0,-4,0,2,0.000847
11,0,-4,1,0,0.032131
11,0,-4,1,1,0.012039
11,0,-4,1,2,0.003231
11,0,-4,2,0,0.038485
11,0,-4,2,1,0.014492
11,0,-4,2,2,0.003355
11,0,-4,4,0,0.038874
11,0,-4,4,1,0.017207
11,0,-4,4,2,0.003629
11,0,-4,3,0,0.075637
11,0,-4,3,1,0.032602
11,0,-4,3,2,0.010057
11,0,-4,5,0,0.091018
11,0,-4,5,1,0.04141
11,0,-4,5,2,0.013309
11,0,-4,6,0,0.080863
11,0,-4,6,1,0.038295
11,0,-4,6,2,0.012375
11,0,-4,7,0,0.165617
11,0,-4,7,1,0.091032
11,0,-4,7,2,0.035145
11,0,-3,0,0,0.030983
11,0,-3,0,1,0.012689
11,0,-3,0,2,0.003137
11,0,-3,1,0,0.069722
11,0,-3,1,1,0.032455
11,0,-3,1,2,0.010491
11,0,-3,2,0,0.081061
11,0,-3,2,1,0.037627
11,0,-3,2,2,0.011091
11,0,-3,4,0,0.086661
11,0,-3,4,1,0.044211
11,0,-3,4,2,0.011675
11,0,-3,3,0,0.150482
11,0,-3,3,1,0.081478
11,0,-3,3,2,0.03347
11,0,-3,5,0,0.18007
11,0,-3,5,1,0.095825
11,0,-3,5,2,0.036347
11,0,-3,6,0,0.172788
11,0,-3,6,1,0.090503
11,0,-3,6,2,0.036994
11,0,-3,7,0,0.274823
11,0,-3,7,1,0.168715
11,0,-3,7,2,0.076433
11,0,-2,0,0,0.070487
11,0,-2,0,1,0.033619
11,0,-2,0,2,0.01051
11,0,-2,1,0,0.148227
11,0,-2,1,1,0.08377
11,0,-2,1,2,0.034186
11,0,-2,2,0,0.168075
11,0,-2,2,1,0.090863
11,0,-2,2,2,0.034985
11,0,-2,4,0,0.185326
11,0,-2,4,1,0.101873
11,0,-2,4,2,0.034006
11,0,-2,3,0,0.268721
11,0,-2,3,1,0.162949
11,0,-2,3,2,0.075077
11,0,-2,5,0,0.316539
11,0,-2,5,1,0.183491
11,0,-2,5,2,0.078623
11,0,-2,6,0,0.348897
11,0,-2,6,1,0.22097
11,0,-2,6,2,0.105408
11,0,-2,7,0,0.426592
11,0,-2,7,1,0.272488
11,0,-2,7,2,0.145672
11,0,-1,0,0,0.154659
11,0,-1,0,1,0.085297
11,0,-1,0,2,0.033971
11,0,-1,1,0,0.270811
11,0,-1,1,1,0.167389
11,0,-1,1,2,0.076313
11,0,-1,2,0,0.356708
11,0,-1,2,1,0.220185
11,0,-1,2,2,0.106921
11,0,-1,4,0,0.450701
11,0,-1,4,1,0.314343
11,0,-1,4,2,0.117048
11,0,-1,3,0,0.428077
11,0,-1,3,1,0.276752
11,0,-1,3,2,0.142711
11,0,-1,5,0,0.555355
11,0,-1,5,1,0.377056
11,0,-1,5,2,0.157042
11,0,-1,6,0,0.587643
11,0,-1,6,1,0.438367
11,0,-1,6,2,0.184297
11,0,-1,7,0,0.627974
11,0,-1,7,1,0.447564
11,0,-1,7,2,0.238394
11,0,0,0,0,0.482201
11,0,0,0,1,0.424839
11,0,0,0,2,0.379903
11,0,0,1,0,0.564891
11,0,0,1,1,0.483994
11,0,0,1,2,0.410815
11,0,0,2,0,0.658296
11,0,0,2,1,0.546504
11,0,0,2,2,0.449503
11,0,0,4,0,0.763623
11,0,0,4,1,0.65933
11,0,0,4,2,0.464177
11,0,0,3,0,0.681087
11,0,0,3,1,0.568319
11,0,0,3,2,0.466728
11,0,0,5,0,0.806579
11,0,0,5,1,0.67973
11,0,0,5,2,0.482341
11,0,0,6,0,0.800344
11,0,0,6,1,0.705574
11,0,0,6,2,0.483403
11,0,0,7,0,0.824428
11,0,0,7,1,0.707231
11,0,0,7,2,0.529117
11,0,1,0,0,0.828252
11,0,1,0,1,0.81185
11,0,1,0,2,0.799274
11,0,1,1,0,0.853231
11,0,1,1,1,0.829556
11,0,1,1,2,0.808448
11,0,1,2,0,0.877729
11,0,1,2,1,0.845582
11,0,1,2,2,0.818186
11,0,1,4,0,0.905092
11,0,1,4,1,0.874406
11,0,1,4,2,0.821777
11,0,1,3,0,0.888232
11,0,1,3,1,0.854529
11,0,1,3,2,0.824453
11,0,1,5,0,0.92219
11,0,1,5,1,0.883585
11,0,1,5,2,0.828553
11,0,1,6,0,0.92323
11,0,1,6,1,0.892977
11,0,1,6,2,0.830743
11,0,1,7,0,0.931968
11,0,1,7,1,0.894856
11,0,1,7,2,0.843988
11,0,2,0,0,0.919701
11,0,2,0,1,0.911881
11,0,2,0,2,0.905873
11,0,2,1,0,0.931562
11,0,2,1,1,0.9203
11,0,2,1,2,0.910239
11,0,2,2,0,0.943322
11,0,2,2,1,0.928007
11,0,2,2,2,0.914931
11,0,2,4,0,0.956472
11,0,2,4,1,0.941874
11,0,2,4,2,0.916663
11,0,2,3,0,0.948164
11,0,2,3,1,0.932168
11,0,2,3,2,0.917869
11,0,2,5,0,0.964419
11,0,2,5,1,0.946119
11,0,2,5,2,0.919835
11,0,2,6,0,0.964838
11,0,2,6,1,0.950547
11,0,2,6,2,0.920823
11,0,2,7,0,0.968861
11,0,2,7,1,0.951336
11,0,2,7,2,0.927112
11,0,3,0,0,0.963579
11,0,3,0,1,0.959967
11,0,3,0,2,0.957187
11,0,3,1,0,0.969043
11,0,3,1,1,0.963852
11,0,3,1,2,0.959205
11,0,3,2,0,0.974499
11,0,3,2,1,0.967431
11,0,3,2,2,0.961386
11,0,3,4,0,0.980604
11,0,3,4,1,0.973872
11,0,3,4,2,0.962192
11,0,3,3,0,0.97667
11,0,3,3,1,0.969311
11,0,3,3,2,0.962723
11,0,3,5,0,0.984194
11,0,3,5,1,0.975784
11,0,3,5,2,0.963634
11,0,3,6,0,0.984382
11,0,3,6,1,0.977834
11,0,3,6,2,0.964084
11,0,3,7,0,0.986164
11,0,3,7,1,0.978135
11,0,3,7,2,0.966971
11,0,4,0,0,0.983932
11,0,4,0,1,0.9823
11,0,4,0,2,0.98104
11,0,4,1,0,0.986381
11,0,4,1,1,0.984044
11,0,4,1,2,0.981948
11,0,4,2,0,0.988876
11,0,4,2,1,0.985686
11,0,4,2,2,0.982951
11,0,4,4,0,0.991672
11,0,4,4,1,0.988643
11,0,4,4,2,0.983323
11,0,4,3,0,0.989799
11,0,4,3,1,0.986496
11,0,4,3,2,0.983536
11,0,4,5,0,0.993224
11,0,4,5,1,0.989459
11,0,4,5,2,0.983953
11,0,4,6,0,0.993272
11,0,4,6,1,0.99036
11,0,4,6,2,0.984131
11,0,4,7,0,0.994046
11,0,4,7,1,0.990471
11,0,4,7,2,0.985431
11,0,5,0,0,0.993229
11,0,5,0,1,0.992535
11,0,5,0,2,0.992
11,0,5,1,0,0.994267
11,0,5,1,1,0.993275
11,0,5,1,2,0.992384
11,0,5,2,0,0.995331
11,0,5,2,1,0.993976
11,0,5,2,2,0.992813
11,0,5,4,0,0.996524
11,0,5,4,1,0.995238
11,0,5,4,2,0.992972
11,0,5,3,0,0.995716
11,0,5,3,1,0.994315
11,0,5,3,2,0.993059
11,0,5,5,0,0.997175
11,0,5,5,1,0.995579
11,0,5,5,2,0.993237
11,0,5,6,0,0.997191
11,0,5,6,1,0.995959
11,0,5,6,2,0.993309
11,0,5,7,0,0.997517
11,0,5,7,1,0.996005
11,0,5,7,2,0.993862
11,0,6,0,0,0.997192
11,0,6,0,1,0.996903
11,0,6,0,2,0.99668
11,0,6,1,0,0.997625
11,0,6,1,1,0.997212
11,0,6,1,2,0.99684
11,0,6,2,0,0.998069
11,0,6,2,1,0.997504
11,0,6,2,2,0.997019
11,0,6,4,0,0.998567
11,0,6,4,1,0.998031
11,0,6,4,2,0.997086
11,0,6,3,0,0.998231
11,0,6,3,1,0.997646
11,0,6,3,2,0.997122
11,0,6,5,0,0.99884
11,0,6,5,1,0.998174
11,0,6,5,2,0.997196
11,0,6,6,0,0.998845
11,0,6,6,1,0.99833
11,0,6,6,2,0.997225
11,0,6,7,0,0.998982
11,0,6,7,1,0.998352
11,0,6,7,2,0.997457
11,0,7,0,0,0.998846
11,0,7,0,1,0.998725
11,0,7,0,2,0.998632
11,0,7,1,0,0.999027
11,0,7,1,1,0.998855
11,0,7,1,2,0.9987
11,0,7,2,0,0.99921
11,0,7,2,1,0.998975
11,0,7,2,2,0.998773
11,0,7,4,0,0.999415
11,0,7,4,1,0.999191
11,0,7,4,2,0.9988
11,0,7,3,0,0.99928
11,0,7,3,1,0.999037
11,0,7,3,2,0.998817
11,0,7,5,0,0.999532
11,0,7,5,1,0.999253
11,0,7,5,2,0.998848
11,0,7,6,0,0.999537
11,0,7,6,1,0.999321
11,0,7,6,2,0.998862
11,0,7,7,0,0.999593
11,0,7,7,1,0.999329
11,0,7,7,2,0.998958
11,0,8,0,0,0.999527
11,0,8,0,1,0.999474
11,0,8,0,2,0.999433
11,0,8,1,0,0.999607
11,0,8,1,1,0.999532
11,0,8,1,2,0.999463
11,0,8,2,0,0.999688
11,0,8,2,1,0.999585
11,0,8,2,2,0.999496
11,0,8,4,0,0.999778
11,0,8,4,1,0.99968
11,0,8,4,2,0.999508
11,0,8,3,0,0.999716
11,0,8,3,1,0.99961
11,0,8,3,2,0.999514
11,0,8,5,0,0.999826
11,0,8,5,1,0.999706
11,0,8,5,2,0.999528
11,0,8,6,0,0.999831
11,0,8,6,1,0.999738
11,0,8,6,2,0.999535
11,0,8,7,0,0.999849
11,0,8,7,1,0.999736
11,0,8,7,2,0.999576
11,0,9,0,0,0.999829
11,0,9,0,1,0.999806
11,0,9,0,2,0.999788
11,0,9,1,0,0.99986
11,0,9,1,1,0.999829
11,0,9,1,2,0.9998
11,0,9,2,0,0.999898
11,0,9,2,1,0.999855
11,0,9,2,2,0.999816
11,0,9,4,0,0.999941
11,0,9,4,1,0.999901
11,0,9,4,2,0.999822
11,0,9,3,0,0.999904
11,0,9,3,1,0.999861
11,0,9,3,2,0.999822
11,0,9,5,0,0.999954
11,0,9,5,1,0.999906
11,0,9,5,2,0.999828
11,0,9,6,0,0.999952
11,0,9,6,1,0.999917
11,0,9,6,2,0.999828
11,0,9,7,0,0.999957
11,0,9,7,1,0.999914
11,0,9,7,2,0.999845
11,0,10,0,0,0.999969
11,0,10,0,1,0.999964
11,0,10,0,2,0.999961
11,0,10,1,0,0.999975
11,0,10,1,1,0.999969
11,0,10,1,2,0.999963
11,0,10,2,0,0.999984
11,0,10,2,1,0.999975
11,0,10,2,2,0.999967
11,0,10,4,0,0.999993
11,0,10,4,1,0.999985
11,0,10,4,2,0.999968
11,0,10,3,0,0.999984
11,0,10,3,1,0.999975
11,0,10,3,2,0.999967
11,0,10,5,0,0.999995
11,0,10,5,1,0.999985
11,0,10,5,2,0.999969
11,0,10,6,0,0.999993
11,0,10,6,1,0.999987
11,0,10,6,2,0.999968
11,0,10,7,0,0.999994
11,0,10,7,1,0.999986
11,0,10,7,2,0.999972
11,1,-10,0,0,4.2e-05
11,1,-10,0,1,0.0
11,1,-10,0,2,0.0
11,1,-10,1,0,0.000139
11,1,-10,1,1,0.0
11,1,-10,1,2,0.0
11,1,-10,2,0,0.000117
11,1,-10,2,1,0.0
11,1,-10,2,2,0.0
11,1,-10,4,0,0.000888
11,1,-10,4,1,0.0
11,1,-10,4,2,0.0
11,1,-10,3,0,0.000286
11,1,-10,3,1,0.0
11,1,-10,3,2,0.0
11,1,-10,5,0,0.000816
11,1,-10,5,1,0.0
11,1,-10,5,2,0.0
11,1,-10,6,0,0.000536
11,1,-10,6,1,0.0
11,1,-10,6,2,0.0
11,1,-10,7,0,0.001056
11,1,-10,7,1,0.0
11,1,-10,7,2,0.0
11,1,-9,0,0,0.000225
11,1,-9,0,1,0.0
11,1,-9,0,2,0.0
11,1,-9,1,0,0.000685
11,1,-9,1,1,0.0
11,1,-9,1,2,0.0
11,1,-9,2,0,0.000578
11,1,-9,2,1,7.1e-05
11,1,-9,2,2,0.0
11,1,-9,4,0,0.001715
11,1,-9,4,1,0.0
11,1,-9,4,2,0.0
11,1,-9,3,0,0.001694
11,1,-9,3,1,8.2e-05
11,1,-9,3,2,0.0
11,1,-9,5,0,0.002392
11,1,-9,5,1,0.000369
11,1,-9,5,2,0.0
11,1,-9,6,0,0.002107
11,1,-9,6,1,0.000239
11,1,-9,6,2,0.0
11,1,-9,7,0,0.00415
11,1,-9,7,1,0.000497
11,1,-9,7,2,0.0
11,1,-8,0,0,0.000596
11,1,-8,0,1,4.7e-05
11,1,-8,0,2,2.9e-05
11,1,-8,1,0,0.001769
11,1,-8,1,1,0.000171
11,1,-8,1,2,5.6e-05
11,1,-8,2,0,0.001725
11,1,-8,2,1,0.000279
11,1,-8,2,2,0.0
11,1,-8,4,0,0.001715
11,1,-8,4,1,0.000238
11,1,-8,4,2,0.0
11,1,-8,3,0,0.005041
11,1,-8,3,1,0.000648
11,1,-8,3,2,0.000136
11,1,-8,5,0,0.003152
11,1,-8,5,1,0.00145
11,1,-8,5,2,0.0
11,1,-8,6,0,0.004714
11,1,-8,6,1,0.00094
11,1,-8,6,2,0.0
11,1,-8,7,0,0.008755
11,1,-8,7,1,0.002452
11,1,-8,7,2,0.000381
11,1,-7,0,0,0.001434
11,1,-7,0,1,0.000382
11,1,-7,0,2,0.000115
11,1,-7,1,0,0.003667
11,1,-7,1,1,0.001043
11,1,-7,1,2,0.00022
11,1,-7,2,0,0.004363
11,1,-7,2,1,0.00105
11,1,-7,2,2,0.000108
11,1,-7,4,0,0.005268
11,1,-7,4,1,0.001171
11,1,-7,4,2,0.000143
11,1,-7,3,0,0.009453
11,1,-7,3,1,0.002741
11,1,-7,3,2,0.000536
11,1,-7,5,0,0.006824
11,1,-7,5,1,0.003612
11,1,-7,5,2,0.000263
11,1,-7,6,0,0.011035
11,1,-7,6,1,0.002819
11,1,-7,6,2,0.000393
11,1,-7,7,0,0.017547
11,1,-7,7,1,0.006824
11,1,-7,7,2,0.001687
11,1,-6,0,0,0.00348
11,1,-6,0,1,0.001259
11,1,-6,0,2,0.0003
11,1,-6,1,0,0.008063
11,1,-6,1,1,0.003133
11,1,-6,1,2,0.000659
11,1,-6,2,0,0.009037
11,1,-6,2,1,0.003277
11,1,-6,2,2,0.000535
11,1,-6,4,0,0.013017
11,1,-6,4,1,0.002785
11,1,-6,4,2,0.000704
11,1,-6,3,0,0.018861
11,1,-6,3,1,0.007697
11,1,-6,3,2,0.001539
11,1,-6,5,0,0.017181
11,1,-6,5,1,0.007936
11,1,-6,5,2,0.001033
11,1,-6,6,0,0.023032
11,1,-6,6,1,0.008697
11,1,-6,6,2,0.001348
11,1,-6,7,0,0.03928
11,1,-6,7,1,0.018302
11,1,-6,7,2,0.003525
11,1,-5,0,0,0.008385
11,1,-5,0,1,0.003177
11,1,-5,0,2,0.000685
11,1,-5,1,0,0.019377
11,1,-5,1,1,0.007654
11,1,-5,1,2,0.001781
11,1,-5,2,0,0.021254
11,1,-5,2,1,0.009409
11,1,-5,2,2,0.001813
11,1,-5,4,0,0.022482
11,1,-5,4,1,0.006758
11,1,-5,4,2,0.002244
11,1,-5,3,0,0.045342
11,1,-5,3,1,0.019153
11,1,-5,3,2,0.00469
11,1,-5,5,0,0.041186
11,1,-5,5,1,0.020641
11,1,-5,5,2,0.004412
11,1,-5,6,0,0.05039
11,1,-5,6,1,0.024163
11,1,-5,6,2,0.003663
11,1,-5,7,0,0.085696
11,1,-5,7,1,0.046042
11,1,-5,7,2,0.010123
11,1,-4,0,0,0.019863
11,1,-4,0,1,0.007923
11,1,-4,0,2,0.001745
11,1,-4,1,0,0.045144
11,1,-4,1,1,0.019867
11,1,-4,1,2,0.005495
11,1,-4,2,0,0.047194
11,1,-4,2,1,0.023
11,1,-4,2,2,0.00592
11,1,-4,4,0,0.044319
11,1,-4,4,1,0.017471
11,1,-4,4,2,0.005447
11,1,-4,3,0,0.10252
11,1,-4,3,1,0.050963
11,1,-4,3,2,0.016991
11,1,-4,5,0,0.093841
11,1,-4,5,1,0.050936
11,1,-4,5,2,0.014984
11,1,-4,6,0,0.114384
11,1,-4,6,1,0.061878
11,1,-4,6,2,0.013556
11,1,-4,7,0,0.185917
11,1,-4,7,1,0.116035
11,1,-4,7,2,0.044948
11,1,-3,0,0,0.044797
11,1,-3,0,1,0.019858
11,1,-3,0,2,0.005144
11,1,-3,1,0,0.095677
11,1,-3,1,1,0.048916
11,1,-3,1,2,0.016408
11,1,-3,2,0,0.104241
11,1,-3,2,1,0.053725
11,1,-3,2,2,0.018114
11,1,-3,4,0,0.107995
11,1,-3,4,1,0.050898
11,1,-3,4,2,0.016429
11,1,-3,3,0,0.203639
11,1,-3,3,1,0.121337
11,1,-3,3,2,0.051872
11,1,-3,5,0,0.207634
11,1,-3,5,1,0.116429
11,1,-3,5,2,0.045442
11,1,-3,6,0,0.230286
11,1,-3,6,1,0.144153
11,1,-3,6,2,0.045388
11,1,-3,7,0,0.329902
11,1,-3,7,1,0.218874
11,1,-3,7,2,0.100981
11,1,-2,0,0,0.098406
11,1,-2,0,1,0.049393
11,1,-2,0,2,0.015692
11,1,-2,1,0,0.196
11,1,-2,1,1,0.116972
11,1,-2,1,2,0.049557
11,1,-2,2,0,0.220321
11,1,-2,2,1,0.126007
11,1,-2,2,2,0.052987
11,1,-2,4,0,0.216606
11,1,-2,4,1,0.134372
11,1,-2,4,2,0.051054
11,1,-2,3,0,0.343648
11,1,-2,3,1,0.221881
11,1,-2,3,2,0.104491
11,1,-2,5,0,0.372288
11,1,-2,5,1,0.221331
11,1,-2,5,2,0.101386
11,1,-2,6,0,0.457834
11,1,-2,6,1,0.318578
11,1,-2,6,2,0.145442
11,1,-2,7,0,0.509271
11,1,-2,7,1,0.351835
11,1,-2,7,2,0.182399
11,1,-1,0,0,0.209655
11,1,-1,0,1,0.12031
11,1,-1,0,2,0.048957
11,1,-1,1,0,0.344288
11,1,-1,1,1,0.221359
11,1,-1,1,2,0.104328
11,1,-1,2,0,0.45876
11,1,-1,2,1,0.296517
11,1,-1,2,2,0.15488
11,1,-1,4,0,0.554151
11,1,-1,4,1,0.428396
11,1,-1,4,2,0.16682
11,1,-1,3,0,0.5252
11,1,-1,3,1,0.353271
11,1,-1,3,2,0.185096
11,1,-1,5,0,0.663547
11,1,-1,5,1,0.47522
11,1,-1,5,2,0.210802
11,1,-1,6,0,0.729411
11,1,-1,6,1,0.56363
11,1,-1,6,2,0.243787
11,1,-1,7,0,0.739463
11,1,-1,7,1,0.560971
11,1,-1,7,2,0.286378
11,1,0,0,0,0.653173
11,1,0,0,1,0.598689
11,1,0,0,2,0.552958
11,1,0,1,0,0.721589
11,1,0,1,1,0.650914
11,1,0,1,2,0.582012
11,1,0,2,0,0.813555
11,1,0,2,1,0.715713
11,1,0,2,2,0.627241
11,1,0,4,0,0.909845
11,1,0,4,1,0.831671
11,1,0,4,2,0.639244
11,1,0,3,0,0.819323
11,1,0,3,1,0.723759
11,1,0,3,2,0.631193
11,1,0,5,0,0.930842
11,1,0,5,1,0.834972
11,1,0,5,2,0.654188
11,1,0,6,0,0.925124
11,1,0,6,1,0.848838
11,1,0,6,2,0.647079
11,1,0,7,0,0.93315
11,1,0,7,1,0.847908
11,1,0,7,2,0.679654
11,1,1,0,0,1.0
11,1,1,0,1,1.0
11,1,1,0,2,1.0
11,1,1,1,0,1.0
11,1,1,1,1,1.0
11,1,1,1,2,1.0
11,1,1,2,0,1.0
11,1,1,2,1,1.0
11,1,1,2,2,1.0
11,1,1,4,0,1.0
11,1,1,4,1,1.0
11,1,1,4,2,1.0
11,1,1,3,0,1.0
11,1,1,3,1,1.0
11,1,1,3,2,1.0
11,1,1,5,0,1.0
11,1,1,5,1,1.0
11,1,1,5,2,1.0
11,1,1,6,0,1.0
11,1,1,6,1,1.0
11,1,1,6,2,1.0
11,1,1,7,0,1.0
11,1,1,7,1,1.0
11,1,1,7,2,1.0
11,1,2,0,0,1.0
11,1,2,0,1,1.0
11,1,2,0,2,1.0
11,1,2,1,0,1.0
11,1,2,1,1,1.0
11,1,2,1,2,1.0
11,1,2,2,0,1.0
11,1,2,2,1,1.0
11,1,2,2,2,1.0
11,1,2,4,0,1.0
11,1,2,4,1,1.0
11,1,2,4,2,1.0
11,1,2,3,0,1.0
11,1,2,3,1,1.0
11,1,2,3,2,1.0
11,1,2,5,0,1.0
11,1,2,5,1,1.0
11,1,2,5,2,1.0
11,1,2,6,0,1.0
11,1,2,6,1,1.0
11,1,2,6,2,1.0
11,1,2,7,0,1.0
11,1,2,7,1,1.0
11,1,2,7,2,1.0
11,1,3,0,0,1.0
11,1,3,0,1,1.0
11,1,3,0,2,1.0
11,1,3,1,0,1.0
11,1,3,1,1,1.0
11,1,3,1,2,1.0
11,1,3,2,0,1.0
11,1,3,2,1,1.0
11,1,3,2,2,1.0
11,1,3,4,0,1.0
11,1,3,4,1,1.0
11,1,3,4,2,1.0
11,1,3,3,0,1.0
11,1,3,3,1,1.0
11,1,3,3,2,1.0
11,1,3,5,0,1.0
11,1,3,5,1,1.0
11,1,3,5,2,1.0
11,1,3,6,0,1.0
11,1,3,6,1,1.0
11,1,3,6,2,1.0
11,1,3,7,0,1.0
11,1,3,7,1,1.0
11,1,3,7,2,1.0
11,1,4,0,0,1.0
11,1,4,0,1,1.0
11,1,4,0,2,1.0
11,1,4,1,0,1.0
11,1,4,1,1,1.0
11,1,4,1,2,1.0
11,1,4,2,0,1.0
11,1,4,2,1,1.0
11,1,4,2,2,1.0
11,1,4,4,0,1.0
11,1,4,4,1,1.0
11,1,4,4,2,1.0
11,1,4,3,0,1.0
11,1,4,3,1,1.0
11,1,4,3,2,1.0
11,1,4,5,0,1.0
11,1,4,5,1,1.0
11,1,4,5,2,1.0
11,1,4,6,0,1.0
11,1,4,6,1,1.0
11,1,4,6,2,1.0
11,1,4,7,0,1.0
11,1,4,7,1,1.0
11,1,4,7,2,1.0
11,1,5,0,0,1.0
11,1,5,0,1,1.0
11,1,5,0,2,1.0
11,1,5,1,0,1.0
11,1,5,1,1,1.0
11,1,5,1,2,1.0
11,1,5,2,0,1.0
11,1,5,2,1,1.0
11,1,5,2,2,1.0
11,1,5,4,0,1.0
11,1,5,4,1,1.0
11,1,5,4,2,1.0
11,1,5,3,0,1.0
11,1,5,3,1,1.0
11,1,5,3,2,1.0
11,1,5,5,0,1.0
11,1,5,5,1,1.0
11,1,5,5,2,1.0
11,1,5,6,0,1.0
11,1,5,6,1,1.0
11,1,5,6,2,1.0
11,1,5,7,0,1.0
11,1,5,7,1,1.0
11,1,5,7,2,1.0
11,1,6,0,0,1.0
11,1,6,0,1,1.0
11,1,6,0,2,1.0
11,1,6,1,0,1.0
11,1,6,1,1,1.0
11,1,6,1,2,1.0
11,1,6,2,0,1.0
11,1,6,2,1,1.0
11,1,6,2,2,1.0
11,1,6,4,0,1.0
11,1,6,4,1,1.0
11,1,6,4,2,1.0
11,1,6,3,0,1.0
11,1,6,3,1,1.0
11,1,6,3,2,1.0
11,1,6,5,0,1.0
11,1,6,5,1,1.0
11,1,6,5,2,1.0
11,1,6,6,0,1.0
11,1,6,6,1,1.0
11,1,6,6,2,1.0
11,1,6,7,0,1.0
11,1,6,7,1,1.0
11,1,6,7,2,1.0
11,1,7,0,0,1.0
11,1,7,0,1,1.0
11,1,7,0,2,1.0
11,1,7,1,0,1.0
11,1,7,1,1,1.0
11,1,7,1,2,1.0
11,1,7,2,0,1.0
11,1,7,2,1,1.0
11,1,7,2,2,1.0
11,1,7,4,0,1.0
11,1,7,4,1,1.0
11,1,7,4,2,1.0
11,1,7,3,0,1.0
11,1,7,3,1,1.0
11,1,7,3,2,1.0
11,1,7,5,0,1.0
11,1,7,5,1,1.0
11,1,7,5,2,1.0
11,1,7,6,0,1.0
11,1,7,6,1,1.0
11,1,7,6,2,1.0
11,1,7,7,0,1.0
11,1,7,7,1,1.0
11,1,7,7,2,1.0
11,1,8,0,0,1.0
11,1,8,0,1,1.0
11,1,8,0,2,1.0
11,1,8,1,0,1.0
11,1,8,1,1,1.0
11,1,8,1,2,1.0
11,1,8,2,0,1.0
11,1,8,2,1,1.0
11,1,8,2,2,1.0
11,1,8,4,0,1.0
11,1,8,4,1,1.0
11,1,8,4,2,1.0
11,1,8,3,0,1.0
11,1,8,3,1,1.0
11,1,8,3,2,1.0
11,1,8,5,0,1.0
11,1,8,5,1,1.0
11,1,8,5,2,1.0
11,1,8,6,0,1.0
11,1,8,6,1,1.0
11,1,8,6,2,1.0
11,1,8,7,0,1.0
11,1,8,7,1,1.0
11,1,8,7,2,1.0
11,1,9,0,0,1.0
11,1,9,0,1,1.0
11,1,9,0,2,1.0
11,1,9,1,0,1.0
11,1,9,1,1,1.0
11,1,9,1,2,1.0
11,1,9,2,0,1.0
11,1,9,2,1,1.0
11,1,9,2,2,1.0
11,1,9,4,0,1.0
11,1,9,4,1,1.0
11,1,9,4,2,1.0
11,1,9,3,0,1.0
11,1,9,3,1,1.0
11,1,9,3,2,1.0
11,1,9,5,0,1.0
11,1,9,5,1,1.0
11,1,9,5,2,1.0
11,1,9,6,0,1.0
11,1,9,6,1,1.0
11,1,9,6,2,1.0
11,1,9,7,0,1.0
11,1,9,7,1,1.0
11,1,9,7,2,1.0
11,1,10,0,0,1.0
11,1,10,0,1,1.0
11,1,10,0,2,1.0
11,1,10,1,0,1.0
11,1,10,1,1,1.0
11,1,10,1,2,1.0
11,1,10,2,0,1.0
11,1,10,2,1,1.0
11,1,10,2,2,1.0
11,1,10,4,0,1.0
11,1,10,4,1,1.0
11,1,10,4,2,1.0
11,1,10,3,0,1.0
11,1,10,3,1,1.0
11,1,10,3,2,1.0
11,1,10,5,0,1.0
11,1,10,5,1,1.0
11,1,10,5,2,1.0
11,1,10,6,0,1.0
11,1,10,6,1,1.0
11,1,10,6,2,1.0
11,1,10,7,0,1.0
11,1,10,7,1,1.0
11,1,10,7,2,1.0
12,0,-10,0,0,8.5e-05
12,0,-10,0,1,8e-06
12,0,-10,0,2,0.0
12,0,-10,1,0,0.000243
12,0,-10,1,1,3.9e-05
12,0,-10,1,2,0.0
12,0,-10,2,0,0.0
12,0,-10,2,1,0.0
12,0,-10,2,2,0.0
12,0,-10,4,0,0.0
12,0,-10,4,1,0.0
12,0,-10,4,2,0.0
12,0,-10,3,0,0.000502
12,0,-10,3,1,0.000115
12,0,-10,3,2,4.7e-05
12,0,-10,5,0,0.000303
12,0,-10,5,1,0.0
12,0,-10,5,2,0.0
12,0,-10,6,0,0.00041
12,0,-10,6,1,-0.0
12,0,-10,6,2,0.0
12,0,-10,7,0,0.000771
12,0,-10,7,1,0.0
12,0,-10,7,2,0.0
12,0,-9,0,0,0.000262
12,0,-9,0,1,2.5e-05
12,0,-9,0,2,0.0
12,0,-9,1,0,0.000749
12,0,-9,1,1,0.000128
12,0,-9,1,2,0.0
12,0,-9,2,0,0.000166
12,0,-9,2,1,0.0
12,0,-9,2,2,0.0
12,0,-9,4,0,0.0
12,0,-9,4,1,0.0
12,0,-9,4,2,0.0
12,0,-9,3,0,0.001748
12,0,-9,3,1,0.000376
12,0,-9,3,2,0.000155
12,0,-9,5,0,0.001905
12,0,-9,5,1,0.000129
12,0,-9,5,2,9.1e-05
12,0,-9,6,0,0.001344
12,0,-9,6,1,-0.0
12,0,-9,6,2,0.0
12,0,-9,7,0,0.003683
12,0,-9,7,1,0.000179
12,0,-9,7,2,0.000139
12,0,-8,0,0,0.00053
12,0,-8,0,1,6.1e-05
12,0,-8,0,2,0.0
12,0,-8,1,0,0.001441
12,0,-8,1,1,0.000249
12,0,-8,1,2,0.0
12,0,-8,2,0,0.00071
12,0,-8,2,1,0.000148
12,0,-8,2,2,0.0
12,0,-8,4,0,0.0
12,0,-8,4,1,0.000339
12,0,-8,4,2,0.0
12,0,-8,3,0,0.003986
12,0,-8,3,1,0.000789
12,0,-8,3,2,0.000277
12,0,-8,5,0,0.004162
12,0,-8,5,1,0.000683
12,0,-8,5,2,0.000207
12,0,-8,6,0,0.00282
12,0,-8,6,1,0.000339
12,0,-8,6,2,0.0
12,0,-8,7,0,0.010633
12,0,-8,7,1,0.000945
12,0,-8,7,2,0.000595
12,0,-7,0,0,0.001142
12,0,-7,0,1,0.000171
12,0,-7,0,2,1.9e-05
12,0,-7,1,0,0.002956
12,0,-7,1,1,0.000577
12,0,-7,1,2,7.6e-05
12,0,-7,2,0,0.002929
12,0,-7,2,1,0.000536
12,0,-7,2,2,3.8e-05
12,0,-7,4,0,0.0
12,0,-7,4,1,0.001622
12,0,-7,4,2,0.000101
12,0,-7,3,0,0.008539
12,0,-7,3,1,0.002055
12,0,-7,3,2,0.000549
12,0,-7,5,0,0.008105
12,0,-7,5,1,0.002256
12,0,-7,5,2,0.000691
12,0,-7,6,0,0.004883
12,0,-7,6,1,0.001622
12,0,-7,6,2,0.000134
12,0,-7,7,0,0.024113
12,0,-7,7,1,0.003657
12,0,-7,7,2,0.001411
12,0,-6,0,0,0.002671
12,0,-6,0,1,0.000595
12,0,-6,0,2,7.2e-05
12,0,-6,1,0,0.006499
12,0,-6,1,1,0.001665
12,0,-6,1,2,0.000363
12,0,-6,2,0,0.008773
12,0,-6,2,1,0.001874
12,0,-6,2,2,0.000202
12,0,-6,4,0,0.002579
12,0,-6,4,1,0.004003
12,0,-6,4,2,0.000431
12,0,-6,3,0,0.018155
12,0,-6,3,1,0.005624
12,0,-6,3,2,0.001288
12,0,-6,5,0,0.01807
12,0,-6,5,1,0.006052
12,0,-6,5,2,0.002196
12,0,-6,6,0,0.010797
12,0,-6,6,1,0.005191
12,0,-6,6,2,0.001112
12,0,-6,7,0,0.049063
12,0,-6,7,1,0.013175
12,0,-6,7,2,0.004
12,0,-5,0,0,0.006072
12,0,-5,0,1,0.00176
12,0,-5,0,2,0.000221
12,0,-5,1,0,0.014637
12,0,-5,1,1,0.004581
12,0,-5,1,2,0.001106
12,0,-5,2,0,0.018579
12,0,-5,2,1,0.005264
12,0,-5,2,2,0.000934
12,0,-5,4,0,0.014901
12,0,-5,4,1,0.007544
12,0,-5,4,2,0.001123
12,0,-5,3,0,0.038032
12,0,-5,3,1,0.01372
12,0,-5,3,2,0.003239
12,0,-5,5,0,0.042373
12,0,-5,5,1,0.015899
12,0,-5,5,2,0.005695
12,0,-5,6,0,0.031345
12,0,-5,6,1,0.015171
12,0,-5,6,2,0.004471
12,0,-5,7,0,0.093093
12,0,-5,7,1,0.038169
12,0,-5,7,2,0.011538
12,0,-4,0,0,0.0135
12,0,-4,0,1,0.004608
12,0,-4,0,2,0.000847
12,0,-4,1,0,0.032132
12,0,-4,1,1,0.012039
12,0,-4,1,2,0.003231
12,0,-4,2,0,0.038485
12,0,-4,2,1,0.014492
12,0,-4,2,2,0.003355
12,0,-4,4,0,0.038874
12,0,-4,4,1,0.017207
12,0,-4,4,2,0.003629
12,0,-4,3,0,0.075637
12,0,-4,3,1,0.032602
12,0,-4,3,2,0.010057
12,0,-4,5,0,0.091018
12,0,-4,5,1,0.04141
12,0,-4,5,2,0.013309
12,0,-4,6,0,0.080863
12,0,-4,6,1,0.038295
12,0,-4,6,2,0.012375
12,0,-4,7,0,0.165617
12,0,-4,7,1,0.091033
12,0,-4,7,2,0.035145
12,0,-3,0,0,0.030983
12,0,-3,0,1,0.012689
12,0,-3,0,2,0.003137
12,0,-3,1,0,0.069723
12,0,-3,1,1,0.032455
12,0,-3,1,2,0.010491
12,0,-3,2,0,0.081062
12,0,-3,2,1,0.037628
12,0,-3,2,2,0.011091
12,0,-3,4,0,0.086661
12,0,-3,4,1,0.044211
12,0,-3,4,2,0.011675
12,0,-3,3,0,0.150483
12,0,-3,3,1,0.081478
12,0,-3,3,2,0.03347
12,0,-3,5,0,0.180071
12,0,-3,5,1,0.095826
12,0,-3,5,2,0.036347
12,0,-3,6,0,0.172789
12,0,-3,6,1,0.090503
12,0,-3,6,2,0.036994
12,0,-3,7,0,0.274824
12,0,-3,7,1,0.168716
12,0,-3,7,2,0.076434
12,0,-2,0,0,0.070488
12,0,-2,0,1,0.033619
12,0,-2,0,2,0.01051
12,0,-2,1,0,0.148227
12,0,-2,1,1,0.08377
12,0,-2,1,2,0.034186
12,0,-2,2,0,0.168076
12,0,-2,2,1,0.090863
12,0,-2,2,2,0.034986
12,0,-2,4,0,0.185326
12,0,-2,4,1,0.101874
12,0,-2,4,2,0.034006
12,0,-2,3,0,0.268722
12,0,-2,3,1,0.162949
12,0,-2,3,2,0.075077
12,0,-2,5,0,0.316539
12,0,-2,5,1,0.183491
12,0,-2,5,2,0.078623
12,0,-2,6,0,0.348898
12,0,-2,6,1,0.220971
12,0,-2,6,2,0.105408
12,0,-2,7,0,0.426592
12,0,-2,7,1,0.272489
12,0,-2,7,2,0.145672
12,0,-1,0,0,0.154659
12,0,-1,0,1,0.085297
12,0,-1,0,2,0.033971
12,0,-1,1,0,0.270812
12,0,-1,1,1,0.16739
12,0,-1,1,2,0.076313
12,0,-1,2,0,0.356709
12,0,-1,2,1,0.220186
12,0,-1,2,2,0.106922
12,0,-1,4,0,0.450703
12,0,-1,4,1,0.314344
12,0,-1,4,2,0.117049
12,0,-1,3,0,0.428077
12,0,-1,3,1,0.276752
12,0,-1,3,2,0.142711
12,0,-1,5,0,0.555356
12,0,-1,5,1,0.377057
12,0,-1,5,2,0.157043
12,0,-1,6,0,0.587644
12,0,-1,6,1,0.438368
12,0,-1,6,2,0.184297
12,0,-1,7,0,0.627974
12,0,-1,7,1,0.447565
12,0,-1,7,2,0.238395
12,0,0,0,0,0.482204
12,0,0,0,1,0.424841
12,0,0,0,2,0.379905
12,0,0,1,0,0.564893
12,0,0,1,1,0.483996
12,0,0,1,2,0.410817
12,0,0,2,0,0.658297
12,0,0,2,1,0.546506
12,0,0,2,2,0.449505
12,0,0,4,0,0.763624
12,0,0,4,1,0.659331
12,0,0,4,2,0.46418
12,0,0,3,0,0.681088
12,0,0,3,1,0.56832
12,0,0,3,2,0.46673
12,0,0,5,0,0.80658
12,0,0,5,1,0.679731
12,0,0,5,2,0.482343
12,0,0,6,0,0.800345
12,0,0,6,1,0.705575
12,0,0,6,2,0.483405
12,0,0,7,0,0.824429
12,0,0,7,1,0.707232
12,0,0,7,2,0.529119
12,0,1,0,0,0.828253
12,0,1,0,1,0.81185
12,0,1,0,2,0.799275
12,0,1,1,0,0.853231
12,0,1,1,1,0.829556
12,0,1,1,2,0.808449
12,0,1,2,0,0.877729
12,0,1,2,1,0.845583
12,0,1,2,2,0.818187
12,0,1,4,0,0.905092
12,0,1,4,1,0.874407
12,0,1,4,2,0.821777
12,0,1,3,0,0.888232
12,0,1,3,1,0.85453
12,0,1,3,2,0.824454
12,0,1,5,0,0.92219
12,0,1,5,1,0.883586
12,0,1,5,2,0.828554
12,0,1,6,0,0.92323
12,0,1,6,1,0.892977
12,0,1,6,2,0.830743
12,0,1,7,0,0.931968
12,0,1,7,1,0.894856
12,0,1,7,2,0.843988
12,0,2,0,0,0.919702
12,0,2,0,1,0.911881
12,0,2,0,2,0.905873
12,0,2,1,0,0.931563
12,0,2,1,1,0.9203
12,0,2,1,2,0.91024
12,0,2,2,0,0.943322
12,0,2,2,1,0.928007
12,0,2,2,2,0.914931
12,0,2,4,0,0.956472
12,0,2,4,1,0.941874
12,0,2,4,2,0.916664
12,0,2,3,0,0.948164
12,0,2,3,1,0.932168
12,0,2,3,2,0.917869
12,0,2,5,0,0.964419
12,0,2,5,1,0.946119
12,0,2,5,2,0.919835
12,0,2,6,0,0.964838
12,0,2,6,1,0.950547
12,0,2,6,2,0.920823
12,0,2,7,0,0.968861
12,0,2,7,1,0.951336
12,0,2,7,2,0.927113
12,0,3,0,0,0.963579
12,0,3,0,1,0.959967
12,0,3,0,2,0.957187
12,0,3,1,0,0.969043
12,0,3,1,1,0.963852
12,0,3,1,2,0.959205
12,0,3,2,0,0.974499
12,0,3,2,1,0.967431
12,0,3,2,2,0.961386
12,0,3,4,0,0.980604
12,0,3,4,1,0.973872
12,0,3,4,2,0.962192
12,0,3,3,0,0.97667
12,0,3,3,1,0.969311
12,0,3,3,2,0.962723
12,0,3,5,0,0.984194
12,0,3,5,1,0.975784
12,0,3,5,2,0.963634
12,0,3,6,0,0.984382
12,0,3,6,1,0.977834
12,0,3,6,2,0.964084
12,0,3,7,0,0.986164
12,0,3,7,1,0.978135
12,0,3,7,2,0.966971
12,0,4,0,0,0.983932
12,0,4,0,1,0.9823
12,0,4,0,2,0.981041
12,0,4,1,0,0.986381
12,0,4,1,1,0.984044
12,0,4,1,2,0.981948
12,0,4,2,0,0.988876
12,0,4,2,1,0.985686
12,0,4,2,2,0.982951
12,0,4,4,0,0.991672
12,0,4,4,1,0.988643
12,0,4,4,2,0.983323
12,0,4,3,0,0.989799
12,0,4,3,1,0.986497
12,0,4,3,2,0.983536
12,0,4,5,0,0.993224
12,0,4,5,1,0.989459
12,0,4,5,2,0.983953
12,0,4,6,0,0.993272
12,0,4,6,1,0.99036
12,0,4,6,2,0.984131
12,0,4,7,0,0.994046
12,0,4,7,1,0.990471
12,0,4,7,2,0.985431
12,0,5,0,0,0.993229
12,0,5,0,1,0.992535
12,0,5,0,2,0.992
12,0,5,1,0,0.994267
12,0,5,1,1,0.993275
12,0,5,1,2,0.992384
12,0,5,2,0,0.995331
12,0,5,2,1,0.993976
12,0,5,2,2,0.992813
12,0,5,4,0,0.996524
12,0,5,4,1,0.995238
12,0,5,4,2,0.992972
12,0,5,3,0,0.995716
12,0,5,3,1,0.994315
12,0,5,3,2,0.993059
12,0,5,5,0,0.997175
12,0,5,5,1,0.995579
12,0,5,5,2,0.993237
12,0,5,6,0,0.997191
12,0,5,6,1,0.995959
12,0,5,6,2,0.993309
12,0,5,7,0,0.997517
12,0,5,7,1,0.996005
12,0,5,7,2,0.993862
12,0,6,0,0,0.997193
12,0,6,0,1,0.996903
12,0,6,0,2,0.99668
12,0,6,1,0,0.997625
12,0,6,1,1,0.997212
12,0,6,1,2,0.99684
12,0,6,2,0,0.998069
12,0,6,2,1,0.997504
12,0,6,2,2,0.997019
12,0,6,4,0,0.998567
12,0,6,4,1,0.998031
12,0,6,4,2,0.997086
12,0,6,3,0,0.998231
12,0,6,3,1,0.997646
12,0,6,3,2,0.997122
12,0,6,5,0,0.99884
12,0,6,5,1,0.998174
12,0,6,5,2,0.997196
12,0,6,6,0,0.998845
12,0,6,6,1,0.99833
12,0,6,6,2,0.997225
12,0,6,7,0,0.998982
12,0,6,7,1,0.998352
12,0,6,7,2,0.997457
12,0,7,0,0,0.998846
12,0,7,0,1,0.998725
12,0,7,0,2,0.998632
12,0,7,1,0,0.999027
12,0,7,1,1,0.998855
12,0,7,1,2,0.9987
12,0,7,2,0,0.99921
12,0,7,2,1,0.998975
12,0,7,2,2,0.998773
12,0,7,4,0,0.999415
12,0,7,4,1,0.999191
12,0,7,4,2,0.9988
12,0,7,3,0,0.99928
12,0,7,3,1,0.999037
12,0,7,3,2,0.998817
12,0,7,5,0,0.999532
12,0,7,5,1,0.999253
12,0,7,5,2,0.998848
12,0,7,6,0,0.999537
12,0,7,6,1,0.999321
12,0,7,6,2,0.998862
12,0,7,7,0,0.999593
12,0,7,7,1,0.999329
12,0,7,7,2,0.998958
12,0,8,0,0,0.999527
12,0,8,0,1,0.999474
12,0,8,0,2,0.999433
12,0,8,1,0,0.999607
12,0,8,1,1,0.999532
12,0,8,1,2,0.999463
12,0,8,2,0,0.999688
12,0,8,2,1,0.999585
12,0,8,2,2,0.999496
12,0,8,4,0,0.999778
12,0,8,4,1,0.99968
12,0,8,4,2,0.999508
12,0,8,3,0,0.999716
12,0,8,3,1,0.99961
12,0,8,3,2,0.999514
12,0,8,5,0,0.999826
12,0,8,5,1,0.999706
12,0,8,5,2,0.999528
12,0,8,6,0,0.999831
12,0,8,6,1,0.999738
12,0,8,6,2,0.999535
12,0,8,7,0,0.999849
12,0,8,7,1,0.999736
12,0,8,7,2,0.999576
12,0,9,0,0,0.999829
12,0,9,0,1,0.999806
12,0,9,0,2,0.999788
12,0,9,1,0,0.99986
12,0,9,1,1,0.999829
12,0,9,1,2,0.9998
12,0,9,2,0,0.999898
12,0,9,2,1,0.999855
12,0,9,2,2,0.999816
12,0,9,4,0,0.999941
12,0,9,4,1,0.999901
12,0,9,4,2,0.999822
12,0,9,3,0,0.999904
12,0,9,3,1,0.999861
12,0,9,3,2,0.999822
12,0,9,5,0,0.999954
12,0,9,5,1,0.999906
12,0,9,5,2,0.999828
12,0,9,6,0,0.999952
12,0,9,6,1,0.999917
12,0,9,6,2,0.999828
12,0,9,7,0,0.999957
12,0,9,7,1,0.999914
12,0,9,7,2,0.999845
12,0,10,0,0,0.999969
12,0,10,0,1,0.999964
12,0,10,0,2,0.999961
12,0,10,1,0,0.999975
12,0,10,1,1,0.999969
12,0,10,1,2,0.999963
12,0,10,2,0,0.999984
12,0,10,2,1,0.999975
12,0,10,2,2,0.999967
12,0,10,4,0,0.999993
12,0,10,4,1,0.999985
12,0,10,4,2,0.999968
12,0,10,3,0,0.999984
12,0,10,3,1,0.999975
12,0,10,3,2,0.999967
12,0,10,5,0,0.999995
12,0,10,5,1,0.999985
12,0,10,5,2,0.999969
12,0,10,6,0,0.999993
12,0,10,6,1,0.999987
12,0,10,6,2,0.999968
12,0,10,7,0,0.999994
12,0,10,7,1,0.999986
12,0,10,7,2,0.999972
12,1,-10,0,0,4.2e-05
12,1,-10,0,1,0.0
12,1,-10,0,2,0.0
12,1,-10,1,0,0.000139
12,1,-10,1,1,0.0
12,1,-10,1,2,0.0
12,1,-10,2,0,0.000117
12,1,-10,2,1,0.0
12,1,-10,2,2,0.0
12,1,-10,4,0,0.000888
12,1,-10,4,1,0.0
12,1,-10,4,2,0.0
12,1,-10,3,0,0.000286
12,1,-10,3,1,0.0
12,1,-10,3,2,0.0
12,1,-10,5,0,0.000816
12,1,-10,5,1,0.0
12,1,-10,5,2,0.0
12,1,-10,6,0,0.000536
12,1,-10,6,1,0.0
12,1,-10,6,2,0.0
12,1,-10,7,0,0.001056
12,1,-10,7,1,0.0
12,1,-10,7,2,0.0
12,1,-9,0,0,0.000225
12,1,-9,0,1,0.0
12,1,-9,0,2,0.0
12,1,-9,1,0,0.000685
12,1,-9,1,1,0.0
12,1,-9,1,2,0.0
12,1,-9,2,0,0.000578
12,1,-9,2,1,7.1e-05
12,1,-9,2,2,0.0
12,1,-9,4,0,0.001715
12,1,-9,4,1,0.0
12,1,-9,4,2,0.0
12,1,-9,3,0,0.001694
12,1,-9,3,1,8.2e-05
12,1,-9,3,2,0.0
12,1,-9,5,0,0.002392
12,1,-9,5,1,0.000369
12,1,-9,5,2,0.0
12,1,-9,6,0,0.002107
12,1,-9,6,1,0.000239
12,1,-9,6,2,0.0
12,1,-9,7,0,0.00415
12,1,-9,7,1,0.000497
12,1,-9,7,2,0.0
12,1,-8,0,0,0.000596
12,1,-8,0,1,4.7e-05
12,1,-8,0,2,2.9e-05
12,1,-8,1,0,0.001769
12,1,-8,1,1,0.000171
12,1,-8,1,2,5.6e-05
12,1,-8,2,0,0.001725
12,1,-8,2,1,0.000279
12,1,-8,2,2,0.0
12,1,-8,4,0,0.001715
12,1,-8,4,1,0.000238
12,1,-8,4,2,0.0
12,1,-8,3,0,0.005041
12,1,-8,3,1,0.000648
12,1,-8,3,2,0.000136
12,1,-8,5,0,0.003152
12,1,-8,5,1,0.00145
12,1,-8,5,2,0.0
12,1,-8,6,0,0.004714
12,1,-8,6,1,0.00094
12,1,-8,6,2,0.0
12,1,-8,7,0,0.008755
12,1,-8,7,1,0.002452
12,1,-8,7,2,0.000381
12,1,-7,0,0,0.001434
12,1,-7,0,1,0.000382
12,1,-7,0,2,0.000115
12,1,-7,1,0,0.003667
12,1,-7,1,1,0.001043
12,1,-7,1,2,0.00022
12,1,-7,2,0,0.004363
12,1,-7,2,1,0.00105
12,1,-7,2,2,0.000108
12,1,-7,4,0,0.005268
12,1,-7,4,1,0.001171
12,1,-7,4,2,0.000143
12,1,-7,3,0,0.009453
12,1,-7,3,1,0.002741
12,1,-7,3,2,0.000536
12,1,-7,5,0,0.006824
12,1,-7,5,1,0.003612
12,1,-7,5,2,0.000263
12,1,-7,6,0,0.011035
12,1,-7,6,1,0.002819
12,1,-7,6,2,0.000393
12,1,-7,7,0,0.017547
12,1,-7,7,1,0.006824
12,1,-7,7,2,0.001687
12,1,-6,0,0,0.00348
12,1,-6,0,1,0.001259
12,1,-6,0,2,0.0003
12,1,-6,1,0,0.008063
12,1,-6,1,1,0.003133
12,1,-6,1,2,0.000659
12,1,-6,2,0,0.009037
12,1,-6,2,1,0.003277
12,1,-6,2,2,0.000535
12,1,-6,4,0,0.013017
12,1,-6,4,1,0.002785
12,1,-6,4,2,0.000704
12,1,-6,3,0,0.018861
12,1,-6,3,1,0.007697
12,1,-6,3,2,0.001539
12,1,-6,5,0,0.017181
12,1,-6,5,1,0.007936
12,1,-6,5,2,0.001033
12,1,-6,6,0,0.023032
12,1,-6,6,1,0.008697
12,1,-6,6,2,0.001348
12,1,-6,7,0,0.03928
12,1,-6,7,1,0.018302
12,1,-6,7,2,0.003525
12,1,-5,0,0,0.008385
12,1,-5,0,1,0.003177
12,1,-5,0,2,0.000685
12,1,-5,1,0,0.019377
12,1,-5,1,1,0.007654
12,1,-5,1,2,0.001781
12,1,-5,2,0,0.021254
12,1,-5,2,1,0.009409
12,1,-5,2,2,0.001813
12,1,-5,4,0,0.022482
12,1,-5,4,1,0.006757
12,1,-5,4,2,0.002244
12,1,-5,3,0,0.045342
12,1,-5,3,1,0.019153
12,1,-5,3,2,0.00469
12,1,-5,5,0,0.041186
12,1,-5,5,1,0.020641
12,1,-5,5,2,0.004412
12,1,-5,6,0,0.050389
12,1,-5,6,1,0.024163
12,1,-5,6,2,0.003663
12,1,-5,7,0,0.085696
12,1,-5,7,1,0.046042
12,1,-5,7,2,0.010123
12,1,-4,0,0,0.019863
12,1,-4,0,1,0.007923
12,1,-4,0,2,0.001745
12,1,-4,1,0,0.045144
12,1,-4,1,1,0.019867
12,1,-4,1,2,0.005495
12,1,-4,2,0,0.047194
12,1,-4,2,1,0.023
12,1,-4,2,2,0.00592
12,1,-4,4,0,0.044319
12,1,-4,4,1,0.017471
12,1,-4,4,2,0.005447
12,1,-4,3,0,0.10252
12,1,-4,3,1,0.050963
12,1,-4,3,2,0.016991
12,1,-4,5,0,0.09384
12,1,-4,5,1,0.050936
12,1,-4,5,2,0.014984
12,1,-4,6,0,0.114384
12,1,-4,6,1,0.061878
12,1,-4,6,2,0.013556
12,1,-4,7,0,0.185917
12,1,-4,7,1,0.116035
12,1,-4,7,2,0.044948
12,1,-3,0,0,0.044797
12,1,-3,0,1,0.019858
12,1,-3,0,2,0.005144
12,1,-3,1,0,0.095677
12,1,-3,1,1,0.048916
12,1,-3,1,2,0.016408
12,1,-3,2,0,0.104241
12,1,-3,2,1,0.053725
12,1,-3,2,2,0.018114
12,1,-3,4,0,0.107995
12,1,-3,4,1,0.050898
12,1,-3,4,2,0.016429
12,1,-3,3,0,0.203638
12,1,-3,3,1,0.121337
12,1,-3,3,2,0.051872
12,1,-3,5,0,0.207634
12,1,-3,5,1,0.116428
12,1,-3,5,2,0.045442
12,1,-3,6,0,0.230285
12,1,-3,6,1,0.144153
12,1,-3,6,2,0.045388
12,1,-3,7,0,0.329901
12,1,-3,7,1,0.218874
12,1,-3,7,2,0.100981
12,1,-2,0,0,0.098406
12,1,-2,0,1,0.049392
12,1,-2,0,2,0.015692
12,1,-2,1,0,0.195999
12,1,-2,1,1,0.116972
12,1,-2,1,2,0.049557
12,1,-2,2,0,0.22032
12,1,-2,2,1,0.126007
12,1,-2,2,2,0.052987
12,1,-2,4,0,0.216606
12,1,-2,4,1,0.134372
12,1,-2,4,2,0.051054
12,1,-2,3,0,0.343648
12,1,-2,3,1,0.221881
12,1,-2,3,2,0.104491
12,1,-2,5,0,0.372287
12,1,-2,5,1,0.221331
12,1,-2,5,2,0.101386
12,1,-2,6,0,0.457833
12,1,-2,6,1,0.318577
12,1,-2,6,2,0.145441
12,1,-2,7,0,0.50927
12,1,-2,7,1,0.351835
12,1,-2,7,2,0.182399
12,1,-1,0,0,0.209654
12,1,-1,0,1,0.12031
12,1,-1,0,2,0.048957
12,1,-1,1,0,0.344288
12,1,-1,1,1,0.221359
12,1,-1,1,2,0.104328
12,1,-1,2,0,0.458758
12,1,-1,2,1,0.296516
12,1,-1,2,2,0.154879
12,1,-1,4,0,0.554149
12,1,-1,4,1,0.428394
12,1,-1,4,2,0.166819
12,1,-1,3,0,0.525199
12,1,-1,3,1,0.35327
12,1,-1,3,2,0.185095
12,1,-1,5,0,0.663545
12,1,-1,5,1,0.475219
12,1,-1,5,2,0.210802
12,1,-1,6,0,0.72941
12,1,-1,6,1,0.56363
12,1,-1,6,2,0.243787
12,1,-1,7,0,0.739462
12,1,-1,7,1,0.56097
12,1,-1,7,2,0.286377
12,1,0,0,0,0.65317
12,1,0,0,1,0.598685
12,1,0,0,2,0.552955
12,1,0,1,0,0.721587
12,1,0,1,1,0.650912
12,1,0,1,2,0.582009
12,1,0,2,0,0.813554
12,1,0,2,1,0.715711
12,1,0,2,2,0.627238
12,1,0,4,0,0.909845
12,1,0,4,1,0.83167
12,1,0,4,2,0.639241
12,1,0,3,0,0.819322
12,1,0,3,1,0.723757
12,1,0,3,2,0.63119
12,1,0,5,0,0.930842
12,1,0,5,1,0.834971
12,1,0,5,2,0.654186
12,1,0,6,0,0.925123
12,1,0,6,1,0.848837
12,1,0,6,2,0.647076
12,1,0,7,0,0.93315
12,1,0,7,1,0.847907
12,1,0,7,2,0.679651
12,1,1,0,0,1.0
12,1,1,0,1,1.0
12,1,1,0,2,1.0
12,1,1,1,0,1.0
12,1,1,1,1,1.0
12,1,1,1,2,1.0
12,1,1,2,0,1.0
12,1,1,2,1,1.0
12,1,1,2,2,1.0
12,1,1,4,0,1.0
12,1,1,4,1,1.0
12,1,1,4,2,1.0
12,1,1,3,0,1.0
12,1,1,3,1,1.0
12,1,1,3,2,1.0
12,1,1,5,0,1.0
12,1,1,5,1,1.0
12,1,1,5,2,1.0
12,1,1,6,0,1.0
12,1,1,6,1,1.0
12,1,1,6,2,1.0
12,1,1,7,0,1.0
12,1,1,7,1,1.0
12,1,1,7,2,1.0
12,1,2,0,0,1.0
12,1,2,0,1,1.0
12,1,2,0,2,1.0
12,1,2,1,0,1.0
12,1,2,1,1,1.0
12,1,2,1,2,1.0
12,1,2,2,0,1.0
12,1,2,2,1,1.0
12,1,2,2,2,1.0
12,1,2,4,0,1.0
12,1,2,4,1,1.0
12,1,2,4,2,1.0
12,1,2,3,0,1.0
12,1,2,3,1,1.0
12,1,2,3,2,1.0
12,1,2,5,0,1.0
12,1,2,5,1,1.0
12,1,2,5,2,1.0
12,1,2,6,0,1.0
12,1,2,6,1,1.0
12,1,2,6,2,1.0
12,1,2,7,0,1.0
12,1,2,7,1,1.0
12,1,2,7,2,1.0
12,1,3,0,0,1.0
12,1,3,0,1,1.0
12,1,3,0,2,1.0
12,1,3,1,0,1.0
12,1,3,1,1,1.0
12,1,3,1,2,1.0
12,1,3,2,0,1.0
12,1,3,2,1,1.0
12,1,3,2,2,1.0
12,1,3,4,0,1.0
12,1,3,4,1,1.0
12,1,3,4,2,1.0
12,1,3,3,0,1.0
12,1,3,3,1,1.0
12,1,3,3,2,1.0
12,1,3,5,0,1.0
12,1,3,5,1,1.0
12,1,3,5,2,1.0
12,1,3,6,0,1.0
12,1,3,6,1,1.0
12,1,3,6,2,1.0
12,1,3,7,0,1.0
12,1,3,7,1,1.0
12,1,3,7,2,1.0
12,1,4,0,0,1.0
12,1,4,0,1,1.0
12,1,4,0,2,1.0
12,1,4,1,0,1.0
12,1,4,1,1,1.0
12,1,4,1,2,1.0
12,1,4,2,0,1.0
12,1,4,2,1,1.0
12,1,4,2,2,1.0
12,1,4,4,0,1.0
12,1,4,4,1,1.0
12,1,4,4,2,1.0
12,1,4,3,0,1.0
12,1,4,3,1,1.0
12,1,4,3,2,1.0
12,1,4,5,0,1.0
12,1,4,5,1,1.0
12,1,4,5,2,1.0
12,1,4,6,0,1.0
12,1,4,6,1,1.0
12,1,4,6,2,1.0
12,1,4,7,0,1.0
12,1,4,7,1,1.0
12,1,4,7,2,1.0
12,1,5,0,0,1.0
12,1,5,0,1,1.0
12,1,5,0,2,1.0
12,1,5,1,0,1.0
12,1,5,1,1,1.0
12,1,5,1,2,1.0
12,1,5,2,0,1.0
12,1,5,2,1,1.0
12,1,5,2,2,1.0
12,1,5,4,0,1.0
12,1,5,4,1,1.0
12,1,5,4,2,1.0
12,1,5,3,0,1.0
12,1,5,3,1,1.0
12,1,5,3,2,1.0
12,1,5,5,0,1.0
12,1,5,5,1,1.0
12,1,5,5,2,1.0
12,1,5,6,0,1.0
12,1,5,6,1,1.0
12,1,5,6,2,1.0
12,1,5,7,0,1.0
12,1,5,7,1,1.0
12,1,5,7,2,1.0
12,1,6,0,0,1.0
12,1,6,0,1,1.0
12,1,6,0,2,1.0
12,1,6,1,0,1.0
12,1,6,1,1,1.0
12,1,6,1,2,1.0
12,1,6,2,0,1.0
12,1,6,2,1,1.0
12,1,6,2,2,1.0
12,1,6,4,0,1.0
12,1,6,4,1,1.0
12,1,6,4,2,1.0
12,1,6,3,0,1.0
12,1,6,3,1,1.0
12,1,6,3,2,1.0
12,1,6,5,0,1.0
12,1,6,5,1,1.0
12,1,6,5,2,1.0
12,1,6,6,0,1.0
12,1,6,6,1,1.0
12,1,6,6,2,1.0
12,1,6,7,0,1.0
12,1,6,7,1,1.0
12,1,6,7,2,1.0
12,1,7,0,0,1.0
12,1,7,0,1,1.0
12,1,7,0,2,1.0
12,1,7,1,0,1.0
12,1,7,1,1,1.0
12,1,7,1,2,1.0
12,1,7,2,0,1.0
12,1,7,2,1,1.0
12,1,7,2,2,1.0
12,1,7,4,0,1.0
12,1,7,4,1,1.0
12,1,7,4,2,1.0
12,1,7,3,0,1.0
12,1,7,3,1,1.0
12,1,7,3,2,1.0
12,1,7,5,0,1.0
12,1,7,5,1,1.0
12,1,7,5,2,1.0
12,1,7,6,0,1.0
12,1,7,6,1,1.0
12,1,7,6,2,1.0
12,1,7,7,0,1.0
12,1,7,7,1,1.0
12,1,7,7,2,1.0
12,1,8,0,0,1.0
12,1,8,0,1,1.0
12,1,8,0,2,1.0
12,1,8,1,0,1.0
12,1,8,1,1,1.0
12,1,8,1,2,1.0
12,1,8,2,0,1.0
12,1,8,2,1,1.0
12,1,8,2,2,1.0
12,1,8,4,0,1.0
12,1,8,4,1,1.0
12,1,8,4,2,1.0
12,1,8,3,0,1.0
12,1,8,3,1,1.0
12,1,8,3,2,1.0
12,1,8,5,0,1.0
12,1,8,5,1,1.0
12,1,8,5,2,1.0
12,1,8,6,0,1.0
12,1,8,6,1,1.0
12,1,8,6,2,1.0
12,1,8,7,0,1.0
12,1,8,7,1,1.0
12,1,8,7,2,1.0
12,1,9,0,0,1.0
12,1,9,0,1,1.0
12,1,9,0,2,1.0
12,1,9,1,0,1.0
12,1,9,1,1,1.0
12,1,9,1,2,1.0
12,1,9,2,0,1.0
12,1,9,2,1,1.0
12,1,9,2,2,1.0
12,1,9,4,0,1.0
12,1,9,4,1,1.0
12,1,9,4,2,1.0
12,1,9,3,0,1.0
12,1,9,3,1,1.0
12,1,9,3,2,1.0
12,1,9,5,0,1.0
12,1,9,5,1,1.0
12,1,9,5,2,1.0
12,1,9,6,0,1.0
12,1,9,6,1,1.0
12,1,9,6,2,1.0
12,1,9,7,0,1.0
12,1,9,7,1,1.0
12,1,9,7,2,1.0
12,1,10,0,0,1.0
12,1,10,0,1,1.0
12,1,10,0,2,1.0
12,1,10,1,0,1.0
12,1,10,1,1,1.0
12,1,10,1,2,1.0
12,1,10,2,0,1.0
12,1,10,2,1,1.0
12,1,10,2,2,1.0
12,1,10,4,0,1.0
12,1,10,4,1,1.0
12,1,10,4,2,1.0
12,1,10,3,0,1.0
12,1,10,3,1,1.0
12,1,10,3,2,1.0
12,1,10,5,0,1.0
12,1,10,5,1,1.0
12,1,10,5,2,1.0
12,1,10,6,0,1.0
12,1,10,6,1,1.0
12,1,10,6,2,1.0
12,1,10,7,0,1.0
12,1,10,7,1,1.0
12,1,10,7,2,1.0
