inning,half,diff,base_code,outs,wp_bat
1,0,-10,0,0,0.01248
1,0,-10,0,1,0.010181
1,0,-10,0,2,0.008861
1,0,-10,1,0,0.016797
1,0,-10,1,1,0.012548
1,0,-10,1,2,0.009907
1,0,-10,2,0,0.018746
1,0,-10,2,1,0.013577
1,0,-10,2,2,0.010378
1,0,-10,4,0,0.019672
1,0,-10,4,1,0.015582
1,0,-10,4,2,0.010572
1,0,-10,3,0,0.024999
1,0,-10,3,1,0.017017
1,0,-10,3,2,0.012048
1,0,-10,5,0,0.028386
1,0,-10,5,1,0.019264
1,0,-10,5,2,0.012566
1,0,-10,6,0,0.027414
1,0,-10,6,1,0.020011
1,0,-10,6,2,0.012928
1,0,-10,7,0,0.039507
1,0,-10,7,1,0.02503
1,0,-10,7,2,0.015993
1,0,-9,0,0,0.019921
1,0,-9,0,1,0.016517
1,0,-9,0,2,0.014519
1,0,-9,1,0,0.026282
1,0,-9,1,1,0.020077
1,0,-9,1,2,0.016111
1,0,-9,2,0,0.029296
1,0,-9,2,1,0.021676
1,0,-9,2,2,0.016852
1,0,-9,4,0,0.030937
1,0,-9,4,1,0.02472
1,0,-9,4,2,0.01715
1,0,-9,3,0,0.038157
1,0,-9,3,1,0.026683
1,0,-9,3,2,0.019318
1,0,-9,5,0,0.043309
1,0,-9,5,1,0.030136
1,0,-9,5,2,0.020085
1,0,-9,6,0,0.042127
1,0,-9,6,1,0.031349
1,0,-9,6,2,0.020683
1,0,-9,7,0,0.058746
1,0,-9,7,1,0.038504
1,0,-9,7,2,0.025165
1,0,-8,0,0,0.031224
1,0,-8,0,1,0.026314
1,0,-8,0,2,0.023363
1,0,-8,1,0,0.040354
1,0,-8,1,1,0.031531
1,0,-8,1,2,0.025723
1,0,-8,2,0,0.044883
1,0,-8,2,1,0.033954
1,0,-8,2,2,0.026866
1,0,-8,4,0,0.047668
1,0,-8,4,1,0.03847
1,0,-8,4,2,0.027313
1,0,-8,3,0,0.057066
1,0,-8,3,1,0.041034
1,0,-8,3,2,0.030406
1,0,-8,5,0,0.064702
1,0,-8,5,1,0.046206
1,0,-8,5,2,0.031512
1,0,-8,6,0,0.06339
1,0,-8,6,1,0.048122
1,0,-8,6,2,0.032467
1,0,-8,7,0,0.085385
1,0,-8,7,1,0.057968
1,0,-8,7,2,0.03883
1,0,-7,0,0,0.047999
1,0,-7,0,1,0.041115
1,0,-7,0,2,0.036877
1,0,-7,1,0,0.060723
1,0,-7,1,1,0.048542
1,0,-7,1,2,0.040278
1,0,-7,2,0,0.067313
1,0,-7,2,1,0.052111
1,0,-7,2,2,0.041996
1,0,-7,4,0,0.071835
1,0,-7,4,1,0.058643
1,0,-7,4,2,0.04265
1,0,-7,3,0,0.083509
1,0,-7,3,1,0.061798
1,0,-7,3,2,0.046923
1,0,-7,5,0,0.094498
1,0,-7,5,1,0.069323
1,0,-7,5,2,0.048464
1,0,-7,6,0,0.093228
1,0,-7,6,1,0.072254
1,0,-7,6,2,0.049932
1,0,-7,7,0,0.121138
1,0,-7,7,1,0.085266
1,0,-7,7,2,0.058675
1,0,-6,0,0,0.072247
1,0,-6,0,1,0.062902
1,0,-6,0,2,0.057012
1,0,-6,1,0,0.089394
1,0,-6,1,1,0.07313
1,0,-6,1,2,0.061752
1,0,-6,2,0,0.098649
1,0,-6,2,1,0.07822
1,0,-6,2,2,0.064256
1,0,-6,4,0,0.105656
1,0,-6,4,1,0.0874
1,0,-6,4,2,0.065188
1,0,-6,3,0,0.119382
1,0,-6,3,1,0.090987
1,0,-6,3,2,0.070874
1,0,-6,5,0,0.13468
1,0,-6,5,1,0.101582
1,0,-6,5,2,0.072943
1,0,-6,6,0,0.133729
1,0,-6,6,1,0.1059
1,0,-6,6,2,0.075106
1,0,-6,7,0,0.167516
1,0,-6,7,1,0.122303
1,0,-6,7,2,0.086679
1,0,-5,0,0,0.10625
1,0,-5,0,1,0.094024
1,0,-5,0,2,0.086136
1,0,-5,1,0,0.128491
1,0,-5,1,1,0.107578
1,0,-5,1,2,0.092495
1,0,-5,2,0,0.14099
1,0,-5,2,1,0.114581
1,0,-5,2,2,0.096024
1,0,-5,4,0,0.151305
1,0,-5,4,1,0.127073
1,0,-5,4,2,0.09731
1,0,-5,3,0,0.166417
1,0,-5,3,1,0.130691
1,0,-5,3,2,0.104549
1,0,-5,5,0,0.186912
1,0,-5,5,1,0.145069
1,0,-5,5,2,0.107219
1,0,-5,6,0,0.186637
1,0,-5,6,1,0.151165
1,0,-5,6,2,0.11025
1,0,-5,7,0,0.225476
1,0,-5,7,1,0.170733
1,0,-5,7,2,0.124932
1,0,-4,0,0,0.152302
1,0,-4,0,1,0.13697
1,0,-4,0,2,0.126853
1,0,-4,1,0,0.179903
1,0,-4,1,1,0.154151
1,0,-4,1,2,0.135011
1,0,-4,2,0,0.196083
1,0,-4,2,1,0.163393
1,0,-4,2,2,0.139786
1,0,-4,4,0,0.210421
1,0,-4,4,1,0.179776
1,0,-4,4,2,0.141499
1,0,-4,3,0,0.225761
1,0,-4,3,1,0.18273
1,0,-4,3,2,0.150246
1,0,-4,5,0,0.252029
1,0,-4,5,1,0.201439
1,0,-4,5,2,0.153548
1,0,-4,6,0,0.252775
1,0,-4,6,1,0.209626
1,0,-4,6,2,0.157558
1,0,-4,7,0,0.294996
1,0,-4,7,1,0.231525
1,0,-4,7,2,0.175307
1,0,-3,0,0,0.212206
1,0,-3,0,1,0.193898
1,0,-3,0,2,0.181556
1,0,-3,1,0,0.244757
1,0,-3,1,1,0.214575
1,0,-3,1,2,0.191494
1,0,-3,2,0,0.264729
1,0,-3,2,1,0.226204
1,0,-3,2,2,0.197653
1,0,-3,4,0,0.283454
1,0,-3,4,1,0.246768
1,0,-3,4,2,0.199839
1,0,-3,3,0,0.29746
1,0,-3,3,1,0.248114
1,0,-3,3,2,0.209776
1,0,-3,5,0,0.329456
1,0,-3,5,1,0.271306
1,0,-3,5,2,0.213682
1,0,-3,6,0,0.331411
1,0,-3,6,1,0.281682
1,0,-3,6,2,0.218638
1,0,-3,7,0,0.374676
1,0,-3,7,1,0.30448
1,0,-3,7,2,0.23895
1,0,-2,0,0,0.286525
1,0,-2,0,1,0.265867
1,0,-2,0,2,0.25166
1,0,-2,1,0,0.322736
1,0,-2,1,1,0.289299
1,0,-2,1,2,0.263055
1,0,-2,2,0,0.346083
1,0,-2,2,1,0.303138
1,0,-2,2,2,0.270559
1,0,-2,4,0,0.368932
1,0,-2,4,1,0.327618
1,0,-2,4,2,0.273208
1,0,-2,3,0,0.379944
1,0,-2,3,1,0.326382
1,0,-2,3,2,0.283709
1,0,-2,5,0,0.416739
1,0,-2,5,1,0.353581
1,0,-2,5,2,0.288114
1,0,-2,6,0,0.419807
1,0,-2,6,1,0.365872
1,0,-2,6,2,0.293782
1,0,-2,7,0,0.461529
1,0,-2,7,1,0.387845
1,0,-2,7,2,0.31568
1,0,-1,0,0,0.373744
1,0,-1,0,1,0.351888
1,0,-1,0,2,0.336589
1,0,-1,1,0,0.411458
1,0,-1,1,1,0.376681
1,0,-1,1,2,0.348773
1,0,-1,2,0,0.437088
1,0,-1,2,1,0.392126
1,0,-1,2,2,0.357327
1,0,-1,4,0,0.46298
1,0,-1,4,1,0.419494
1,0,-1,4,2,0.360348
1,0,-1,3,0,0.469796
1,0,-1,3,1,0.415088
1,0,-1,3,2,0.370595
1,0,-1,5,0,0.509477
1,0,-1,5,1,0.445033
1,0,-1,5,2,0.375296
1,0,-1,6,0,0.513185
1,0,-1,6,1,0.458419
1,0,-1,6,2,0.381195
1,0,-1,7,0,0.551143
1,0,-1,7,1,0.478125
1,0,-1,7,2,0.403397
1,0,0,0,0,0.469704
1,0,0,0,1,0.448174
1,0,0,0,2,0.432886
1,0,0,1,0,0.506309
1,0,0,1,1,0.472536
1,0,0,1,2,0.444957
1,0,0,2,0,0.532412
1,0,0,2,1,0.488483
1,0,0,2,2,0.45394
1,0,0,4,0,0.559376
1,0,0,4,1,0.516796
1,0,0,4,2,0.457124
1,0,0,3,0,0.562005
1,0,0,3,1,0.509663
1,0,0,3,2,0.466413
1,0,0,5,0,0.601779
1,0,0,5,1,0.540235
1,0,0,5,2,0.471105
1,0,0,6,0,0.605557
1,0,0,6,1,0.553581
1,0,0,6,2,0.47671
1,0,0,7,0,0.6383
1,0,0,7,1,0.57021
1,0,0,7,2,0.497827
1,0,1,0,0,0.567531
1,0,1,0,1,0.547744
1,0,1,0,2,0.533539
1,0,1,1,0,0.600757
1,0,1,1,1,0.570068
1,0,1,1,2,0.544671
1,0,1,2,0,0.625393
1,0,1,2,1,0.585274
1,0,1,2,2,0.553343
1,0,1,4,0,0.651234
1,0,1,4,1,0.612317
1,0,1,4,2,0.556428
1,0,1,3,0,0.650677
1,0,1,3,1,0.603666
1,0,1,3,2,0.564351
1,0,1,5,0,0.687743
1,0,1,5,1,0.632573
1,0,1,5,2,0.568716
1,0,1,6,0,0.691216
1,0,1,6,1,0.644902
1,0,1,6,2,0.573677
1,0,1,7,0,0.718127
1,0,1,7,1,0.658223
1,0,1,7,2,0.592553
1,0,2,0,0,0.659898
1,0,2,0,1,0.642777
1,0,2,0,2,0.630378
1,0,2,1,0,0.688351
1,0,2,1,1,0.662034
1,0,2,1,2,0.64003
1,0,2,2,0,0.710137
1,0,2,2,1,0.675589
1,0,2,2,2,0.647833
1,0,2,4,0,0.73324
1,0,2,4,1,0.699728
1,0,2,4,2,0.650618
1,0,2,3,0,0.73068
1,0,2,3,1,0.690742
1,0,2,3,2,0.657028
1,0,2,5,0,0.763124
1,0,2,5,1,0.716339
1,0,2,5,2,0.660849
1,0,2,6,0,0.766074
1,0,2,6,1,0.727019
1,0,2,6,2,0.664983
1,0,2,7,0,0.787259
1,0,2,7,1,0.73722
1,0,2,7,2,0.68096
1,0,3,0,0,0.741586
1,0,3,0,1,0.727529
1,0,3,0,2,0.717279
1,0,3,1,0,0.764742
1,0,3,1,1,0.743293
1,0,3,1,2,0.725212
1,0,3,2,0,0.78295
1,0,3,2,1,0.754694
1,0,3,2,2,0.731823
1,0,3,4,0,0.802418
1,0,3,4,1,0.77502
1,0,3,4,2,0.734189
1,0,3,3,0,0.798922
1,0,3,3,1,0.766616
1,0,3,3,2,0.739145
1,0,3,5,0,0.825812
1,0,3,5,1,0.788034
1,0,3,5,2,0.742314
1,0,3,6,0,0.828168
1,0,3,6,1,0.796792
1,0,3,6,2,0.745588
1,0,3,7,0,0.844215
1,0,3,7,1,0.804301
1,0,3,7,2,0.758473
1,0,4,0,0,0.809856
1,0,4,0,1,0.798832
1,0,4,0,2,0.790748
1,0,4,1,0,0.827879
1,0,4,1,1,0.81116
1,0,4,1,2,0.796972
1,0,4,2,0,0.842373
1,0,4,2,1,0.820282
1,0,4,2,2,0.802292
1,0,4,4,0,0.857966
1,0,4,4,1,0.836559
1,0,4,4,2,0.804202
1,0,4,3,0,0.854315
1,0,4,3,1,0.82929
1,0,4,3,2,0.807884
1,0,4,5,0,0.875572
1,0,4,5,1,0.846353
1,0,4,5,2,0.810391
1,0,4,6,0,0.877361
1,0,4,6,1,0.853205
1,0,4,6,2,0.812873
1,0,4,7,0,0.889103
1,0,4,7,1,0.858544
1,0,4,7,2,0.822831
1,0,5,0,0,0.864189
1,0,5,0,1,0.855886
1,0,5,0,2,0.849768
1,0,5,1,0,0.877678
1,0,5,1,1,0.865148
1,0,5,1,2,0.854457
1,0,5,2,0,0.888732
1,0,5,2,1,0.872134
1,0,5,2,2,0.858551
1,0,5,4,0,0.900685
1,0,5,4,1,0.884613
1,0,5,4,2,0.860024
1,0,5,3,0,0.897359
1,0,5,3,1,0.878702
1,0,5,3,2,0.862665
1,0,5,5,0,0.91348
1,0,5,5,1,0.891727
1,0,5,5,2,0.864569
1,0,5,6,0,0.914781
1,0,5,6,1,0.896871
1,0,5,6,2,0.86638
1,0,5,7,0,0.923111
1,0,5,7,1,0.900553
1,0,5,7,2,0.87379
1,0,6,0,0,0.905624
1,0,6,0,1,0.899589
1,0,6,0,2,0.895124
1,0,6,1,0,0.915374
1,0,6,1,1,0.906305
1,0,6,1,2,0.898532
1,0,6,2,0,0.923496
1,0,6,2,1,0.911457
1,0,6,2,2,0.901563
1,0,6,4,0,0.932313
1,0,6,4,1,0.920664
1,0,6,4,2,0.902656
1,0,6,3,0,0.929539
1,0,6,3,1,0.916094
1,0,6,3,2,0.904492
1,0,6,5,0,0.941325
1,0,6,5,1,0.925671
1,0,6,5,2,0.905886
1,0,6,6,0,0.942238
1,0,6,6,1,0.929397
1,0,6,6,2,0.907164
1,0,6,7,0,0.947982
1,0,6,7,1,0.931866
1,0,6,7,2,0.912495
1,0,7,0,0,0.936062
1,0,7,0,1,0.931812
1,0,7,0,2,0.928657
1,0,7,1,0,0.942894
1,0,7,1,1,0.936531
1,0,7,1,2,0.931057
1,0,7,2,0,0.948667
1,0,7,2,1,0.940204
1,0,7,2,2,0.933225
1,0,7,4,0,0.954955
1,0,7,4,1,0.946772
1,0,7,4,2,0.934007
1,0,7,3,0,0.952783
1,0,7,3,1,0.943386
1,0,7,3,2,0.93525
1,0,7,5,0,0.961125
1,0,7,5,1,0.950197
1,0,7,5,2,0.936237
1,0,7,6,0,0.961745
1,0,7,6,1,0.952811
1,0,7,6,2,0.937113
1,0,7,7,0,0.965606
1,0,7,7,1,0.954426
1,0,7,7,2,0.940834
1,0,8,0,0,0.957692
1,0,8,0,1,0.954783
1,0,8,0,2,0.952618
1,0,8,1,0,0.962347
1,0,8,1,1,0.958007
1,0,8,1,2,0.95426
1,0,8,2,0,0.966331
1,0,8,2,1,0.960548
1,0,8,2,2,0.955764
1,0,8,4,0,0.970682
1,0,8,4,1,0.965094
1,0,8,4,2,0.956308
1,0,8,3,0,0.969064
1,0,8,3,1,0.962675
1,0,8,3,2,0.957127
1,0,8,5,0,0.974799
1,0,8,5,1,0.967377
1,0,8,5,2,0.957807
1,0,8,6,0,0.975209
1,0,8,6,1,0.96916
1,0,8,6,2,0.958391
1,0,8,7,0,0.977742
1,0,8,7,1,0.970191
1,0,8,7,2,0.960918
1,0,9,0,0,0.972615
1,0,9,0,1,0.970675
1,0,9,0,2,0.969228
1,0,9,1,0,0.975707
1,0,9,1,1,0.972821
1,0,9,1,2,0.970322
1,0,9,2,0,0.978383
1,0,9,2,1,0.974532
1,0,9,2,2,0.971337
1,0,9,4,0,0.981313
1,0,9,4,1,0.977595
1,0,9,4,2,0.971705
1,0,9,3,0,0.980155
1,0,9,3,1,0.97592
1,0,9,3,2,0.972232
1,0,9,5,0,0.983995
1,0,9,5,1,0.97908
1,0,9,5,2,0.972688
1,0,9,6,0,0.984259
1,0,9,6,1,0.980265
1,0,9,6,2,0.973068
1,0,9,7,0,0.985885
1,0,9,7,1,0.980909
1,0,9,7,2,0.974742
1,0,10,0,0,0.982638
1,0,10,0,1,0.981375
1,0,10,0,2,0.98043
1,0,10,1,0,0.984643
1,0,10,1,1,0.982769
1,0,10,1,2,0.981143
1,0,10,2,0,0.986397
1,0,10,2,1,0.983893
1,0,10,2,2,0.981811
1,0,10,4,0,0.988321
1,0,10,4,1,0.985905
1,0,10,4,2,0.982053
1,0,10,3,0,0.987522
1,0,10,3,1,0.984779
1,0,10,3,2,0.982385
1,0,10,5,0,0.99003
1,0,10,5,1,0.98685
1,0,10,5,2,0.982683
1,0,10,6,0,0.990196
1,0,10,6,1,0.987619
1,0,10,6,2,0.982925
1,0,10,7,0,0.991219
1,0,10,7,1,0.988013
1,0,10,7,2,0.984008
1,1,-10,0,0,0.020217
1,1,-10,0,1,0.016732
1,1,-10,0,2,0.014475
1,1,-10,1,0,0.026598
1,1,-10,1,1,0.020549
1,1,-10,1,2,0.016198
1,1,-10,2,0,0.029156
1,1,-10,2,1,0.022178
1,1,-10,2,2,0.017084
1,1,-10,4,0,0.031234
1,1,-10,4,1,0.023985
1,1,-10,4,2,0.01723
1,1,-10,3,0,0.038321
1,1,-10,3,1,0.02759
1,1,-10,3,2,0.019567
1,1,-10,5,0,0.040144
1,1,-10,5,1,0.029664
1,1,-10,5,2,0.019638
1,1,-10,6,0,0.04444
1,1,-10,6,1,0.033205
1,1,-10,6,2,0.020547
1,1,-10,7,0,0.053684
1,1,-10,7,1,0.039184
1,1,-10,7,2,0.024596
1,1,-9,0,0,0.031761
1,1,-9,0,1,0.026712
1,1,-9,0,2,0.023384
1,1,-9,1,0,0.040929
1,1,-9,1,1,0.032296
1,1,-9,1,2,0.025937
1,1,-9,2,0,0.044767
1,1,-9,2,1,0.03474
1,1,-9,2,2,0.027297
1,1,-9,4,0,0.047765
1,1,-9,4,1,0.03758
1,1,-9,4,2,0.027522
1,1,-9,3,0,0.057531
1,1,-9,3,1,0.042456
1,1,-9,3,2,0.030874
1,1,-9,5,0,0.060477
1,1,-9,5,1,0.045573
1,1,-9,5,2,0.031035
1,1,-9,6,0,0.066529
1,1,-9,6,1,0.050807
1,1,-9,6,2,0.032394
1,1,-9,7,0,0.079062
1,1,-9,7,1,0.058997
1,1,-9,7,2,0.03816
1,1,-8,0,0,0.048856
1,1,-8,0,1,0.041753
1,1,-8,0,2,0.036987
1,1,-8,1,0,0.061635
1,1,-8,1,1,0.04968
1,1,-8,1,2,0.04066
1,1,-8,2,0,0.067236
1,1,-8,2,1,0.053248
1,1,-8,2,2,0.04269
1,1,-8,4,0,0.071484
1,1,-8,4,1,0.057587
1,1,-8,4,2,0.043029
1,1,-8,3,0,0.08442
1,1,-8,3,1,0.06389
1,1,-8,3,2,0.047679
1,1,-8,5,0,0.089037
1,1,-8,5,1,0.068463
1,1,-8,5,2,0.047993
1,1,-8,6,0,0.097282
1,1,-8,6,1,0.075957
1,1,-8,6,2,0.049967
1,1,-8,7,0,0.113651
1,1,-8,7,1,0.086752
1,1,-8,7,2,0.057907
1,1,-7,0,0,0.073481
1,1,-7,0,1,0.063807
1,1,-7,0,2,0.057203
1,1,-7,1,0,0.090709
1,1,-7,1,1,0.07469
1,1,-7,1,2,0.062315
1,1,-7,2,0,0.098634
1,1,-7,2,1,0.079744
1,1,-7,2,2,0.065255
1,1,-7,4,0,0.104539
1,1,-7,4,1,0.086174
1,1,-7,4,2,0.065752
1,1,-7,3,0,0.120909
1,1,-7,3,1,0.09388
1,1,-7,3,2,0.07196
1,1,-7,5,0,0.127901
1,1,-7,5,1,0.100419
1,1,-7,5,2,0.07252
1,1,-7,6,0,0.138724
1,1,-7,6,1,0.110772
1,1,-7,6,2,0.075292
1,1,-7,7,0,0.159228
1,1,-7,7,1,0.124391
1,1,-7,7,2,0.085825
1,1,-6,0,0,0.107888
1,1,-6,0,1,0.095183
1,1,-6,0,2,0.086362
1,1,-6,1,0,0.130257
1,1,-6,1,1,0.10957
1,1,-6,1,2,0.093217
1,1,-6,2,0,0.14109
1,1,-6,2,1,0.11649
1,1,-6,2,2,0.097328
1,1,-6,4,0,0.149101
1,1,-6,4,1,0.125693
1,1,-6,4,2,0.098037
1,1,-6,3,0,0.168761
1,1,-6,3,1,0.134485
1,1,-6,3,2,0.10597
1,1,-6,5,0,0.178931
1,1,-6,5,1,0.143568
1,1,-6,5,2,0.106899
1,1,-6,6,0,0.192569
1,1,-6,6,1,0.157299
1,1,-6,6,2,0.110643
1,1,-6,7,0,0.217067
1,1,-6,7,1,0.173638
1,1,-6,7,2,0.124034
1,1,-5,0,0,0.154337
1,1,-5,0,1,0.138325
1,1,-5,0,2,0.127023
1,1,-5,1,0,0.182171
1,1,-5,1,1,0.156546
1,1,-5,1,2,0.135835
1,1,-5,2,0,0.196414
1,1,-5,2,1,0.165662
1,1,-5,2,2,0.14136
1,1,-5,4,0,0.206962
1,1,-5,4,1,0.17832
1,1,-5,4,2,0.142336
1,1,-5,3,0,0.229164
1,1,-5,3,1,0.187484
1,1,-5,3,2,0.151975
1,1,-5,5,0,0.24328
1,1,-5,5,1,0.199679
1,1,-5,5,2,0.153415
1,1,-5,6,0,0.259708
1,1,-5,6,1,0.217058
1,1,-5,6,2,0.158252
1,1,-5,7,0,0.287435
1,1,-5,7,1,0.235565
1,1,-5,7,2,0.174476
1,1,-4,0,0,0.21464
1,1,-4,0,1,0.195391
1,1,-4,0,2,0.181582
1,1,-4,1,0,0.24763
1,1,-4,1,1,0.217363
1,1,-4,1,2,0.192368
1,1,-4,2,0,0.265541
1,1,-4,2,1,0.228851
1,1,-4,2,2,0.199466
1,1,-4,4,0,0.278942
1,1,-4,4,1,0.245479
1,1,-4,4,2,0.200758
1,1,-4,3,0,0.302196
1,1,-4,3,1,0.253879
1,1,-4,3,2,0.211795
1,1,-4,5,0,0.320783
1,1,-4,5,1,0.269601
1,1,-4,5,2,0.213883
1,1,-4,6,0,0.339596
1,1,-4,6,1,0.290448
1,1,-4,6,2,0.219816
1,1,-4,7,0,0.369086
1,1,-4,7,1,0.310061
1,1,-4,7,2,0.238421
1,1,-3,0,0,0.2895
1,1,-3,0,1,0.267581
1,1,-3,0,2,0.251605
1,1,-3,1,0,0.326474
1,1,-3,1,1,0.292622
1,1,-3,1,2,0.264082
1,1,-3,2,0,0.347866
1,1,-3,2,1,0.306377
1,1,-3,2,2,0.272732
1,1,-3,4,0,0.364162
1,1,-3,4,1,0.327071
1,1,-3,4,2,0.274367
1,1,-3,3,0,0.38634
1,1,-3,3,1,0.333288
1,1,-3,3,2,0.286148
1,1,-3,5,0,0.409396
1,1,-3,5,1,0.3526
1,1,-3,5,2,0.288976
1,1,-3,6,0,0.429711
1,1,-3,6,1,0.376105
1,1,-3,6,2,0.295809
1,1,-3,7,0,0.458951
1,1,-3,7,1,0.395359
1,1,-3,7,2,0.315834
1,1,-2,0,0,0.377743
1,1,-2,0,1,0.354297
1,1,-2,0,2,0.336946
1,1,-2,1,0,0.41661
1,1,-2,1,1,0.381032
1,1,-2,1,2,0.350458
1,1,-2,2,0,0.440645
1,1,-2,2,1,0.396548
1,1,-2,2,2,0.360369
1,1,-2,4,0,0.459376
1,1,-2,4,1,0.420686
1,1,-2,4,2,0.362324
1,1,-2,3,0,0.478224
1,1,-2,3,1,0.423426
1,1,-2,3,2,0.373901
1,1,-2,5,0,0.504894
1,1,-2,5,1,0.445798
1,1,-2,5,2,0.377455
1,1,-2,6,0,0.525407
1,1,-2,6,1,0.470466
1,1,-2,6,2,0.384742
1,1,-2,7,0,0.552321
1,1,-2,7,1,0.487889
1,1,-2,7,2,0.404866
1,1,-1,0,0,0.475655
1,1,-1,0,1,0.452306
1,1,-1,0,2,0.434788
1,1,-1,1,0,0.513657
1,1,-1,1,1,0.478793
1,1,-1,1,2,0.44834
1,1,-1,2,0,0.538773
1,1,-1,2,1,0.495104
1,1,-1,2,2,0.458897
1,1,-1,4,0,0.558875
1,1,-1,4,1,0.521165
1,1,-1,4,2,0.461069
1,1,-1,3,0,0.572808
1,1,-1,3,1,0.519916
1,1,-1,3,2,0.47148
1,1,-1,5,0,0.601264
1,1,-1,5,1,0.544027
1,1,-1,5,2,0.475553
1,1,-1,6,0,0.620373
1,1,-1,6,1,0.567837
1,1,-1,6,2,0.482588
1,1,-1,7,0,0.643512
1,1,-1,7,1,0.582488
1,1,-1,7,2,0.501507
1,1,0,0,0,0.576862
1,1,0,0,1,0.555382
1,1,0,0,2,0.539089
1,1,0,1,0,0.611254
1,1,0,1,1,0.579597
1,1,0,1,2,0.551595
1,1,0,2,0,0.635307
1,1,0,2,1,0.595308
1,1,0,2,2,0.561866
1,1,0,4,0,0.655023
1,1,0,4,1,0.620891
1,1,0,4,2,0.564048
1,1,0,3,0,0.664055
1,1,0,3,1,0.616594
1,1,0,3,2,0.572717
1,1,0,5,0,0.691686
1,1,0,5,1,0.640272
1,1,0,5,2,0.576881
1,1,0,6,0,0.70813
1,1,0,6,1,0.661424
1,1,0,6,2,0.583057
1,1,0,7,0,0.726895
1,1,0,7,1,0.673028
1,1,0,7,2,0.599694
1,1,1,0,0,0.672977
1,1,1,0,1,0.654638
1,1,1,0,2,0.640614
1,1,1,1,0,0.701971
1,1,1,1,1,0.675204
1,1,1,1,2,0.651309
1,1,1,2,0,0.723127
1,1,1,2,1,0.689085
1,1,1,2,2,0.660445
1,1,1,4,0,0.740773
1,1,1,4,1,0.711976
1,1,1,4,2,0.662431
1,1,1,3,0,0.746025
1,1,1,3,1,0.706252
1,1,1,3,2,0.66923
1,1,1,5,0,0.770551
1,1,1,5,1,0.727455
1,1,1,5,2,0.673058
1,1,1,6,0,0.78384
1,1,1,6,1,0.744996
1,1,1,6,2,0.678117
1,1,1,7,0,0.798294
1,1,1,7,1,0.753733
1,1,1,7,2,0.691841
1,1,2,0,0,0.757021
1,1,2,0,1,0.742292
1,1,2,0,2,0.730958
1,1,2,1,0,0.780067
1,1,2,1,1,0.758734
1,1,2,1,2,0.739553
1,1,2,2,0,0.797459
1,1,2,2,1,0.770185
1,1,2,2,2,0.747129
1,1,2,4,0,0.812164
1,1,2,4,1,0.789245
1,1,2,4,2,0.748804
1,1,2,3,0,0.814808
1,1,2,3,1,0.783326
1,1,2,3,2,0.753873
1,1,2,5,0,0.835098
1,1,2,5,1,0.800997
1,1,2,5,2,0.757123
1,1,2,6,0,0.845276
1,1,2,6,1,0.814727
1,1,2,6,2,0.761029
1,1,2,7,0,0.855935
1,1,2,7,1,0.821033
1,1,2,7,2,0.77176
1,1,3,0,0,0.825805
1,1,3,0,1,0.814575
1,1,3,0,2,0.805892
1,1,3,1,0,0.843228
1,1,3,1,1,0.827061
1,1,3,1,2,0.812446
1,1,3,2,0,0.856733
1,1,3,2,1,0.835979
1,1,3,2,2,0.818369
1,1,3,4,0,0.868275
1,1,3,4,1,0.850923
1,1,3,4,2,0.819695
1,1,3,3,0,0.869332
1,1,3,3,1,0.845604
1,1,3,3,2,0.823318
1,1,3,5,0,0.88516
1,1,3,5,1,0.859471
1,1,3,5,2,0.825903
1,1,3,6,0,0.892611
1,1,3,6,1,0.869711
1,1,3,6,2,0.828778
1,1,3,7,0,0.900183
1,1,3,7,1,0.874102
1,1,3,7,2,0.83679
1,1,4,0,0,0.879036
1,1,4,0,1,0.870842
1,1,4,0,2,0.864481
1,1,4,1,0,0.891662
1,1,4,1,1,0.879923
1,1,4,1,2,0.869263
1,1,4,2,0,0.901662
1,1,4,2,1,0.886541
1,1,4,2,2,0.873672
1,1,4,4,0,0.910281
1,1,4,4,1,0.89769
1,1,4,4,2,0.874669
1,1,4,3,0,0.910486
1,1,4,3,1,0.893331
1,1,4,3,2,0.87717
1,1,4,5,0,0.922247
1,1,4,5,1,0.903684
1,1,4,5,2,0.879118
1,1,4,6,0,0.927499
1,1,4,6,1,0.911018
1,1,4,6,2,0.881153
1,1,4,7,0,0.932705
1,1,4,7,1,0.913981
1,1,4,7,2,0.886901
1,1,5,0,0,0.918348
1,1,5,0,1,0.912587
1,1,5,0,2,0.9081
1,1,5,1,0,0.927173
1,1,5,1,1,0.918953
1,1,5,1,2,0.911462
1,1,5,2,0,0.934289
1,1,5,2,1,0.923671
1,1,5,2,2,0.914612
1,1,5,4,0,0.940465
1,1,5,4,1,0.931652
1,1,5,4,2,0.91533
1,1,5,3,0,0.94028
1,1,5,3,1,0.928309
1,1,5,3,2,0.917005
1,1,5,5,0,0.948671
1,1,5,5,1,0.935726
1,1,5,5,2,0.918411
1,1,5,6,0,0.952254
1,1,5,6,1,0.940798
1,1,5,6,2,0.919802
1,1,5,7,0,0.955734
1,1,5,7,1,0.942746
1,1,5,7,2,0.923789
1,1,6,0,0,0.946262
1,1,6,0,1,0.942339
1,1,6,0,2,0.939276
1,1,6,1,0,0.952242
1,1,6,1,1,0.946663
1,1,6,1,2,0.941564
1,1,6,2,0,0.957136
1,1,6,2,1,0.949914
1,1,6,2,2,0.943739
1,1,6,4,0,0.961409
1,1,6,4,1,0.95543
1,1,6,4,2,0.944238
1,1,6,3,0,0.961095
1,1,6,3,1,0.952994
1,1,6,3,2,0.945329
1,1,6,5,0,0.966878
1,1,6,5,1,0.958123
1,1,6,5,2,0.946308
1,1,6,6,0,0.969255
1,1,6,6,1,0.961529
1,1,6,6,2,0.947232
1,1,6,7,0,0.971524
1,1,6,7,1,0.96278
1,1,6,7,2,0.949916
1,1,7,0,0,0.965428
1,1,7,0,1,0.962829
1,1,7,0,2,0.960796
1,1,7,1,0,0.969372
1,1,7,1,1,0.965687
1,1,7,1,2,0.962311
1,1,7,2,0,0.972641
1,1,7,2,1,0.967861
1,1,7,2,2,0.963768
1,1,7,4,0,0.975509
1,1,7,4,1,0.971561
1,1,7,4,2,0.964104
1,1,7,3,0,0.975195
1,1,7,3,1,0.969858
1,1,7,3,2,0.9648
1,1,7,5,0,0.979065
1,1,7,5,1,0.9733
1,1,7,5,2,0.96546
1,1,7,6,0,0.980603
1,1,7,6,1,0.975528
1,1,7,6,2,0.966059
1,1,7,7,0,0.982051
1,1,7,7,1,0.976314
1,1,7,7,2,0.96782
1,1,8,0,0,0.97821
1,1,8,0,1,0.976531
1,1,8,0,2,0.975213
1,1,8,1,0,0.980752
1,1,8,1,1,0.978375
1,1,8,1,2,0.976193
1,1,8,2,0,0.98288
1,1,8,2,1,0.979793
1,1,8,2,2,0.977144
1,1,8,4,0,0.984756
1,1,8,4,1,0.98221
1,1,8,4,2,0.977364
1,1,8,3,0,0.984494
1,1,8,3,1,0.981059
1,1,8,3,2,0.977799
1,1,8,5,0,0.987018
1,1,8,5,1,0.983309
1,1,8,5,2,0.978233
1,1,8,6,0,0.987992
1,1,8,6,1,0.984734
1,1,8,6,2,0.978612
1,1,8,7,0,0.988897
1,1,8,7,1,0.985219
1,1,8,7,2,0.979741
1,1,9,0,0,0.986526
1,1,9,0,1,0.985463
1,1,9,0,2,0.984628
1,1,9,1,0,0.988128
1,1,9,1,1,0.986628
1,1,9,1,2,0.985247
1,1,9,2,0,0.989484
1,1,9,2,1,0.987532
1,1,9,2,2,0.985854
1,1,9,4,0,0.990683
1,1,9,4,1,0.989076
1,1,9,4,2,0.985996
1,1,9,3,0,0.990483
1,1,9,3,1,0.988319
1,1,9,3,2,0.986262
1,1,9,5,0,0.992093
1,1,9,5,1,0.989757
1,1,9,5,2,0.98654
1,1,9,6,0,0.992698
1,1,9,6,1,0.99065
1,1,9,6,2,0.986776
1,1,9,7,0,0.993252
1,1,9,7,1,0.990943
1,1,9,7,2,0.987485
1,1,10,0,0,0.991816
1,1,10,0,1,0.991157
1,1,10,0,2,0.990639
1,1,10,1,0,0.992807
1,1,10,1,1,0.991878
1,1,10,1,2,0.991023
1,1,10,2,0,0.993653
1,1,10,2,1,0.992443
1,1,10,2,2,0.991402
1,1,10,4,0,0.994404
1,1,10,4,1,0.99341
1,1,10,4,2,0.991491
1,1,10,3,0,0.99426
1,1,10,3,1,0.992923
1,1,10,3,2,0.991651
1,1,10,5,0,0.995266
1,1,10,5,1,0.993824
1,1,10,5,2,0.991826
1,1,10,6,0,0.995634
1,1,10,6,1,0.994372
1,1,10,6,2,0.991969
1,1,10,7,0,0.995968
1,1,10,7,1,0.994546
1,1,10,7,2,0.992406
2,0,-10,0,0,0.009715
2,0,-10,0,1,0.00773
2,0,-10,0,2,0.00662
2,0,-10,1,0,0.013462
2,0,-10,1,1,0.009739
2,0,-10,1,2,0.007496
2,0,-10,2,0,0.015068
2,0,-10,2,1,0.010579
2,0,-10,2,2,0.007871
2,0,-10,4,0,0.015691
2,0,-10,4,1,0.012257
2,0,-10,4,2,0.008031
2,0,-10,3,0,0.020721
2,0,-10,3,1,0.013609
2,0,-10,3,2,0.00932
2,0,-10,5,0,0.023559
2,0,-10,5,1,0.015469
2,0,-10,5,2,0.009768
2,0,-10,6,0,0.022554
2,0,-10,6,1,0.016043
2,0,-10,6,2,0.010042
2,0,-10,7,0,0.033833
2,0,-10,7,1,0.02058
2,0,-10,7,2,0.012731
2,0,-9,0,0,0.01594
2,0,-9,0,1,0.012917
2,0,-9,0,2,0.011183
2,0,-9,1,0,0.021622
2,0,-9,1,1,0.016033
2,0,-9,1,2,0.012559
2,0,-9,2,0,0.024201
2,0,-9,2,1,0.017382
2,0,-9,2,2,0.013171
2,0,-9,4,0,0.025405
2,0,-9,4,1,0.020003
2,0,-9,4,2,0.013423
2,0,-9,3,0,0.032435
2,0,-9,3,1,0.021929
2,0,-9,3,2,0.015375
2,0,-9,5,0,0.036895
2,0,-9,5,1,0.024884
2,0,-9,5,2,0.016061
2,0,-9,6,0,0.035612
2,0,-9,6,1,0.025861
2,0,-9,6,2,0.01654
2,0,-9,7,0,0.051574
2,0,-9,7,1,0.032545
2,0,-9,7,2,0.020595
2,0,-8,0,0,0.025679
2,0,-8,0,1,0.021192
2,0,-8,0,2,0.018549
2,0,-8,1,0,0.034073
2,0,-8,1,1,0.025903
2,0,-8,1,2,0.020658
2,0,-8,2,0,0.038092
2,0,-8,2,1,0.02802
2,0,-8,2,2,0.021633
2,0,-8,4,0,0.040295
2,0,-8,4,1,0.032022
2,0,-8,4,2,0.022024
2,0,-8,3,0,0.049719
2,0,-8,3,1,0.034644
2,0,-8,3,2,0.024898
2,0,-8,5,0,0.056549
2,0,-8,5,1,0.039222
2,0,-8,5,2,0.025917
2,0,-8,6,0,0.055047
2,0,-8,6,1,0.04084
2,0,-8,6,2,0.026725
2,0,-8,7,0,0.076761
2,0,-8,7,1,0.050342
2,0,-8,7,2,0.032659
2,0,-7,0,0,0.040577
2,0,-7,0,1,0.034104
2,0,-7,0,2,0.030186
2,0,-7,1,0,0.052614
2,0,-7,1,1,0.041025
2,0,-7,1,2,0.033327
2,0,-7,2,0,0.05867
2,0,-7,2,1,0.044252
2,0,-7,2,2,0.034846
2,0,-7,4,0,0.062496
2,0,-7,4,1,0.05021
2,0,-7,4,2,0.035436
2,0,-7,3,0,0.07453
2,0,-7,3,1,0.053588
2,0,-7,3,2,0.039532
2,0,-7,5,0,0.084687
2,0,-7,5,1,0.060473
2,0,-7,5,2,0.040995
2,0,-7,6,0,0.083137
2,0,-7,6,1,0.063064
2,0,-7,6,2,0.042303
2,0,-7,7,0,0.111372
2,0,-7,7,1,0.076021
2,0,-7,7,2,0.050701
2,0,-6,0,0,0.062784
2,0,-6,0,1,0.053747
2,0,-6,0,2,0.048128
2,0,-6,1,0,0.079471
2,0,-6,1,1,0.063579
2,0,-6,1,2,0.05265
2,0,-6,2,0,0.088255
2,0,-6,2,1,0.068341
2,0,-6,2,2,0.054948
2,0,-6,4,0,0.094547
2,0,-6,4,1,0.07696
2,0,-6,4,2,0.055813
2,0,-6,3,0,0.109065
2,0,-6,3,1,0.081001
2,0,-6,3,2,0.061434
2,0,-6,5,0,0.12367
2,0,-6,5,1,0.091013
2,0,-6,5,2,0.063453
2,0,-6,6,0,0.122386
2,0,-6,6,1,0.095003
2,0,-6,6,2,0.065477
2,0,-6,7,0,0.157275
2,0,-6,7,1,0.111817
2,0,-6,7,2,0.07691
2,0,-5,0,0,0.094903
2,0,-5,0,1,0.082754
2,0,-5,0,2,0.074995
2,0,-5,1,0,0.117141
2,0,-5,1,1,0.096183
2,0,-5,1,2,0.081258
2,0,-5,2,0,0.129362
2,0,-5,2,1,0.102951
2,0,-5,2,2,0.084614
2,0,-5,4,0,0.139128
2,0,-5,4,1,0.115025
2,0,-5,4,2,0.085844
2,0,-5,3,0,0.155477
2,0,-5,3,1,0.119358
2,0,-5,3,2,0.093216
2,0,-5,5,0,0.175659
2,0,-5,5,1,0.133375
2,0,-5,5,2,0.095882
2,0,-5,6,0,0.175091
2,0,-5,6,1,0.139253
2,0,-5,6,2,0.098855
2,0,-5,7,0,0.215818
2,0,-5,7,1,0.159806
2,0,-5,7,2,0.113739
2,0,-4,0,0,0.139754
2,0,-4,0,1,0.124125
2,0,-4,0,2,0.113882
2,0,-4,1,0,0.168047
2,0,-4,1,1,0.141633
2,0,-4,1,2,0.122161
2,0,-4,2,0,0.184313
2,0,-4,2,1,0.150852
2,0,-4,2,2,0.126868
2,0,-4,4,0,0.198508
2,0,-4,4,1,0.16716
2,0,-4,4,2,0.128557
2,0,-4,3,0,0.215394
2,0,-4,3,1,0.171005
2,0,-4,3,2,0.137701
2,0,-4,5,0,0.242007
2,0,-4,5,1,0.189791
2,0,-4,5,2,0.141064
2,0,-4,6,0,0.242634
2,0,-4,6,1,0.198004
2,0,-4,6,2,0.145162
2,0,-4,7,0,0.287307
2,0,-4,7,1,0.221396
2,0,-4,7,2,0.163558
2,0,-3,0,0,0.199851
2,0,-3,0,1,0.180768
2,0,-3,0,2,0.167949
2,0,-3,1,0,0.23393
2,0,-3,1,1,0.20236
2,0,-3,1,2,0.178303
2,0,-3,2,0,0.254529
2,0,-3,2,1,0.214299
2,0,-3,2,2,0.18458
2,0,-3,4,0,0.273753
2,0,-3,4,1,0.235364
2,0,-3,4,2,0.186802
2,0,-3,3,0,0.289276
2,0,-3,3,1,0.237537
2,0,-3,3,2,0.197401
2,0,-3,5,0,0.322492
2,0,-3,5,1,0.261447
2,0,-3,5,2,0.201448
2,0,-3,6,0,0.324607
2,0,-3,6,1,0.272232
2,0,-3,6,2,0.206689
2,0,-3,7,0,0.370452
2,0,-3,7,1,0.296709
2,0,-3,7,2,0.228075
2,0,-2,0,0,0.276476
2,0,-2,0,1,0.254575
2,0,-2,0,2,0.23952
2,0,-2,1,0,0.314955
2,0,-2,1,1,0.27949
2,0,-2,1,2,0.251634
2,0,-2,2,0,0.339566
2,0,-2,2,1,0.294052
2,0,-2,2,2,0.259508
2,0,-2,4,0,0.363701
2,0,-2,4,1,0.319776
2,0,-2,4,2,0.262277
2,0,-2,3,0,0.375673
2,0,-2,3,1,0.318901
2,0,-2,3,2,0.273573
2,0,-2,5,0,0.414598
2,0,-2,5,1,0.347569
2,0,-2,5,2,0.278207
2,0,-2,6,0,0.418127
2,0,-2,6,1,0.360724
2,0,-2,6,2,0.284349
2,0,-2,7,0,0.462009
2,0,-2,7,1,0.384081
2,0,-2,7,2,0.307587
2,0,-1,0,0,0.368487
2,0,-1,0,1,0.345121
2,0,-1,0,2,0.328727
2,0,-1,1,0,0.408773
2,0,-1,1,1,0.371682
2,0,-1,1,2,0.341799
2,0,-1,2,0,0.436219
2,0,-1,2,1,0.388241
2,0,-1,2,2,0.350985
2,0,-1,4,0,0.464102
2,0,-1,4,1,0.417572
2,0,-1,4,2,0.354221
2,0,-1,3,0,0.470817
2,0,-1,3,1,0.412659
2,0,-1,3,2,0.365146
2,0,-1,5,0,0.513288
2,0,-1,5,1,0.444735
2,0,-1,5,2,0.370152
2,0,-1,6,0,0.517539
2,0,-1,6,1,0.459223
2,0,-1,6,2,0.376551
2,0,-1,7,0,0.556864
2,0,-1,7,1,0.47971
2,0,-1,7,2,0.400125
2,0,0,0,0,0.471341
2,0,0,0,1,0.448443
2,0,0,0,2,0.432119
2,0,0,1,0,0.510135
2,0,0,1,1,0.474365
2,0,0,1,2,0.444994
2,0,0,2,0,0.538104
2,0,0,2,1,0.491506
2,0,0,2,2,0.454687
2,0,0,4,0,0.56719
2,0,0,4,1,0.521945
2,0,0,4,2,0.458121
2,0,0,3,0,0.568836
2,0,0,3,1,0.513657
2,0,0,3,2,0.467811
2,0,0,5,0,0.611307
2,0,0,5,1,0.546433
2,0,0,5,2,0.472805
2,0,0,6,0,0.615482
2,0,0,6,1,0.560742
2,0,0,6,2,0.478763
2,0,0,7,0,0.648721
2,0,0,7,1,0.577553
2,0,0,7,2,0.500982
2,0,1,0,0,0.576221
2,0,1,0,1,0.555544
2,0,1,0,2,0.540632
2,0,1,1,0,0.610785
2,0,1,1,1,0.578862
2,0,1,1,2,0.552291
2,0,1,2,0,0.63678
2,0,1,2,1,0.594966
2,0,1,2,2,0.561517
2,0,1,4,0,0.664221
2,0,1,4,1,0.62362
2,0,1,4,2,0.5648
2,0,1,3,0,0.662413
2,0,1,3,1,0.613763
2,0,1,3,2,0.572847
2,0,1,5,0,0.701348
2,0,1,5,1,0.644283
2,0,1,5,2,0.577424
2,0,1,6,0,0.705047
2,0,1,6,1,0.657235
2,0,1,6,2,0.582562
2,0,1,7,0,0.731706
2,0,1,7,1,0.670294
2,0,1,7,2,0.602054
2,0,2,0,0,0.673717
2,0,2,0,1,0.656243
2,0,2,0,2,0.643531
2,0,2,1,0,0.702607
2,0,2,1,1,0.675876
2,0,2,1,2,0.653397
2,0,2,2,0,0.725078
2,0,2,2,1,0.689911
2,0,2,2,2,0.661513
2,0,2,4,0,0.749048
2,0,2,4,1,0.71492
2,0,2,4,2,0.664413
2,0,2,3,0,0.745341
2,0,2,3,1,0.704984
2,0,2,3,2,0.670733
2,0,2,5,0,0.778641
2,0,2,5,1,0.731404
2,0,2,5,2,0.674651
2,0,2,6,0,0.781663
2,0,2,6,1,0.742335
2,0,2,6,2,0.678805
2,0,2,7,0,0.802092
2,0,2,7,1,0.752015
2,0,2,7,2,0.694914
2,0,3,0,0,0.75799
2,0,3,0,1,0.744031
2,0,3,0,2,0.733807
2,0,3,1,0,0.78086
2,0,3,1,1,0.759661
2,0,3,1,2,0.741693
2,0,3,2,0,0.799138
2,0,3,2,1,0.77115
2,0,3,2,2,0.748384
2,0,3,4,0,0.818784
2,0,3,4,1,0.791645
2,0,3,4,2,0.750783
2,0,3,3,0,0.814433
2,0,3,3,1,0.782667
2,0,3,3,2,0.755517
2,0,3,5,0,0.841292
2,0,3,5,1,0.804182
2,0,3,5,2,0.758681
2,0,3,6,0,0.843613
2,0,3,6,1,0.812887
2,0,3,6,2,0.761868
2,0,3,7,0,0.858651
2,0,3,7,1,0.819779
2,0,3,7,2,0.77451
2,0,4,0,0,0.826528
2,0,4,0,1,0.8159
2,0,4,0,2,0.808073
2,0,4,1,0,0.843806
2,0,4,1,1,0.827763
2,0,4,1,2,0.814078
2,0,4,2,0,0.85793
2,0,4,2,1,0.836685
2,0,4,2,2,0.819303
2,0,4,4,0,0.873199
2,0,4,4,1,0.852617
2,0,4,4,2,0.821182
2,0,4,3,0,0.86902
2,0,4,3,1,0.845124
2,0,4,3,2,0.824586
2,0,4,5,0,0.889633
2,0,4,5,1,0.861764
2,0,4,5,2,0.827018
2,0,4,6,0,0.891327
2,0,4,6,1,0.868365
2,0,4,6,2,0.829355
2,0,4,7,0,0.902009
2,0,4,7,1,0.873102
2,0,4,7,2,0.838845
2,0,5,0,0,0.879475
2,0,5,0,1,0.871715
2,0,5,0,2,0.865973
2,0,5,1,0,0.892012
2,0,5,1,1,0.880354
2,0,5,1,2,0.870357
2,0,5,2,0,0.902454
2,0,5,2,1,0.886976
2,0,5,2,2,0.874254
2,0,5,4,0,0.913793
2,0,5,4,1,0.898813
2,0,5,4,2,0.875658
2,0,5,3,0,0.910217
2,0,5,3,1,0.892938
2,0,5,3,2,0.878021
2,0,5,5,0,0.92537
2,0,5,5,1,0.90525
2,0,5,5,2,0.879812
2,0,5,6,0,0.926555
2,0,5,6,1,0.910049
2,0,5,6,2,0.88146
2,0,5,7,0,0.933907
2,0,5,7,1,0.913206
2,0,5,7,2,0.88831
2,0,6,0,0,0.918611
2,0,6,0,1,0.913146
2,0,6,0,2,0.909088
2,0,6,1,0,0.92739
2,0,6,1,1,0.919215
2,0,6,1,2,0.912174
2,0,6,2,0,0.934821
2,0,6,2,1,0.923943
2,0,6,2,2,0.914967
2,0,6,4,0,0.942919
2,0,6,4,1,0.9324
2,0,6,4,2,0.915975
2,0,6,3,0,0.940088
2,0,6,3,1,0.928021
2,0,6,3,2,0.917565
2,0,6,5,0,0.95082
2,0,6,5,1,0.936788
2,0,6,5,2,0.918835
2,0,6,6,0,0.95162
2,0,6,6,1,0.940152
2,0,6,6,2,0.91996
2,0,6,7,0,0.956537
2,0,6,7,1,0.942199
2,0,6,7,2,0.924737
2,0,7,0,0,0.946453
2,0,7,0,1,0.942726
2,0,7,0,2,0.93995
2,0,7,1,0,0.952411
2,0,7,1,1,0.946855
2,0,7,1,2,0.942054
2,0,7,2,0,0.957525
2,0,7,2,1,0.950119
2,0,7,2,2,0.943987
2,0,7,4,0,0.963114
2,0,7,4,1,0.955959
2,0,7,4,2,0.944686
2,0,7,3,0,0.961
2,0,7,3,1,0.952829
2,0,7,3,2,0.945726
2,0,7,5,0,0.968355
2,0,7,5,1,0.958865
2,0,7,5,2,0.946598
2,0,7,6,0,0.968879
2,0,7,6,1,0.96115
2,0,7,6,2,0.947343
2,0,7,7,0,0.972083
2,0,7,7,1,0.962444
2,0,7,7,2,0.950574
2,0,8,0,0,0.965608
2,0,8,0,1,0.963138
2,0,8,0,2,0.961293
2,0,8,1,0,0.96954
2,0,8,1,1,0.965869
2,0,8,1,2,0.962687
2,0,8,2,0,0.972956
2,0,8,2,1,0.968055
2,0,8,2,2,0.963985
2,0,8,4,0,0.976699
2,0,8,4,1,0.971967
2,0,8,4,2,0.964455
2,0,8,3,0,0.97519
2,0,8,3,1,0.969809
2,0,8,3,2,0.965119
2,0,8,5,0,0.980086
2,0,8,5,1,0.973843
2,0,8,5,2,0.9657
2,0,8,6,0,0.98042
2,0,8,6,1,0.975351
2,0,8,6,2,0.96618
2,0,8,7,0,0.982458
2,0,8,7,1,0.97615
2,0,8,7,2,0.968306
2,0,9,0,0,0.978401
2,0,9,0,1,0.976807
2,0,9,0,2,0.975612
2,0,9,1,0,0.98093
2,0,9,1,1,0.978567
2,0,9,1,2,0.976512
2,0,9,2,0,0.983152
2,0,9,2,1,0.979991
2,0,9,2,2,0.97736
2,0,9,4,0,0.985591
2,0,9,4,1,0.982543
2,0,9,4,2,0.977667
2,0,9,3,0,0.984555
2,0,9,3,1,0.9811
2,0,9,3,2,0.978081
2,0,9,5,0,0.987729
2,0,9,5,1,0.983724
2,0,9,5,2,0.978458
2,0,9,6,0,0.987936
2,0,9,6,1,0.984694
2,0,9,6,2,0.97876
2,0,9,7,0,0.989204
2,0,9,7,1,0.985176
2,0,9,7,2,0.980124
2,0,10,0,0,0.98672
2,0,10,0,1,0.985714
2,0,10,0,2,0.98496
2,0,10,1,0,0.988308
2,0,10,1,1,0.986822
2,0,10,1,2,0.985527
2,0,10,2,0,0.989717
2,0,10,2,1,0.987727
2,0,10,2,2,0.986067
2,0,10,4,0,0.991267
2,0,10,4,1,0.989349
2,0,10,4,2,0.986263
2,0,10,3,0,0.990579
2,0,10,3,1,0.988412
2,0,10,3,2,0.986515
2,0,10,5,0,0.992586
2,0,10,5,1,0.990078
2,0,10,5,2,0.986754
2,0,10,6,0,0.992712
2,0,10,6,1,0.990686
2,0,10,6,2,0.986939
2,0,10,7,0,0.993484
2,0,10,7,1,0.990971
2,0,10,7,2,0.987794
2,1,-10,0,0,0.01556
2,1,-10,0,1,0.012571
2,1,-10,0,2,0.010671
2,1,-10,1,0,0.021083
2,1,-10,1,1,0.015812
2,1,-10,1,2,0.012114
2,1,-10,2,0,0.023189
2,1,-10,2,1,0.017153
2,1,-10,2,2,0.012822
2,1,-10,4,0,0.024959
2,1,-10,4,1,0.018552
2,1,-10,4,2,0.012938
2,1,-10,3,0,0.031388
2,1,-10,3,1,0.021886
2,1,-10,3,2,0.01497
2,1,-10,5,0,0.032745
2,1,-10,5,1,0.023583
2,1,-10,5,2,0.014992
2,1,-10,6,0,0.036547
2,1,-10,6,1,0.026562
2,1,-10,6,2,0.015745
2,1,-10,7,0,0.045031
2,1,-10,7,1,0.032008
2,1,-10,7,2,0.019291
2,1,-9,0,0,0.025208
2,1,-9,0,1,0.020738
2,1,-9,0,2,0.01784
2,1,-9,1,0,0.033399
2,1,-9,1,1,0.025644
2,1,-9,1,2,0.020053
2,1,-9,2,0,0.03667
2,1,-9,2,1,0.027725
2,1,-9,2,2,0.021182
2,1,-9,4,0,0.039274
2,1,-9,4,1,0.030015
2,1,-9,4,2,0.021367
2,1,-9,3,0,0.048454
2,1,-9,3,1,0.034708
2,1,-9,3,2,0.024387
2,1,-9,5,0,0.05076
2,1,-9,5,1,0.037334
2,1,-9,5,2,0.024472
2,1,-9,6,0,0.056292
2,1,-9,6,1,0.041904
2,1,-9,6,2,0.025639
2,1,-9,7,0,0.068156
2,1,-9,7,1,0.049621
2,1,-9,7,2,0.030864
2,1,-8,0,0,0.03997
2,1,-8,0,1,0.03348
2,1,-8,0,2,0.029187
2,1,-8,1,0,0.051752
2,1,-8,1,1,0.040684
2,1,-8,1,2,0.032484
2,1,-8,2,0,0.056692
2,1,-8,2,1,0.043826
2,1,-8,2,2,0.034235
2,1,-8,4,0,0.06046
2,1,-8,4,1,0.047475
2,1,-8,4,2,0.034522
2,1,-8,3,0,0.07305
2,1,-8,3,1,0.053787
2,1,-8,3,2,0.038862
2,1,-8,5,0,0.076853
2,1,-8,5,1,0.057759
2,1,-8,5,2,0.039068
2,1,-8,6,0,0.084627
2,1,-8,6,1,0.06455
2,1,-8,6,2,0.040828
2,1,-8,7,0,0.10059
2,1,-8,7,1,0.075059
2,1,-8,7,2,0.048268
2,1,-7,0,0,0.061942
2,1,-7,0,1,0.052825
2,1,-7,0,2,0.046673
2,1,-7,1,0,0.078321
2,1,-7,1,1,0.06305
2,1,-7,1,2,0.051424
2,1,-7,2,0,0.085556
2,1,-7,2,1,0.067654
2,1,-7,2,2,0.054056
2,1,-7,4,0,0.090928
2,1,-7,4,1,0.073291
2,1,-7,4,2,0.054492
2,1,-7,3,0,0.107392
2,1,-7,3,1,0.081325
2,1,-7,3,2,0.060491
2,1,-7,5,0,0.113462
2,1,-7,5,1,0.087186
2,1,-7,5,2,0.060911
2,1,-7,6,0,0.123968
2,1,-7,6,1,0.09692
2,1,-7,6,2,0.063476
2,1,-7,7,0,0.144531
2,1,-7,7,1,0.110589
2,1,-7,7,2,0.073668
2,1,-6,0,0,0.093665
2,1,-6,0,1,0.081321
2,1,-6,0,2,0.072831
2,1,-6,1,0,0.115575
2,1,-6,1,1,0.095281
2,1,-6,1,2,0.079423
2,1,-6,2,0,0.125804
2,1,-6,2,1,0.101804
2,1,-6,2,2,0.083245
2,1,-6,4,0,0.133298
2,1,-6,4,1,0.110213
2,1,-6,4,2,0.083888
2,1,-6,3,0,0.153697
2,1,-6,3,1,0.119754
2,1,-6,3,2,0.091813
2,1,-6,5,0,0.162979
2,1,-6,5,1,0.128168
2,1,-6,5,2,0.09258
2,1,-6,6,0,0.176579
2,1,-6,6,1,0.141545
2,1,-6,6,2,0.096178
2,1,-6,7,0,0.201789
2,1,-6,7,1,0.158406
2,1,-6,7,2,0.109534
2,1,-5,0,0,0.1379
2,1,-5,0,1,0.121886
2,1,-5,0,2,0.110662
2,1,-5,1,0,0.165945
2,1,-5,1,1,0.140115
2,1,-5,1,2,0.119416
2,1,-5,2,0,0.179846
2,1,-5,2,1,0.149
2,1,-5,2,2,0.124747
2,1,-5,4,0,0.190006
2,1,-5,4,1,0.16105
2,1,-5,4,2,0.125664
2,1,-5,3,0,0.213706
2,1,-5,3,1,0.171393
2,1,-5,3,2,0.135594
2,1,-5,5,0,0.227196
2,1,-5,5,1,0.183086
2,1,-5,5,2,0.13688
2,1,-5,6,0,0.243994
2,1,-5,6,1,0.200585
2,1,-5,6,2,0.141699
2,1,-5,7,0,0.273151
2,1,-5,7,1,0.220133
2,1,-5,7,2,0.158336
2,1,-4,0,0,0.197174
2,1,-4,0,1,0.1774
2,1,-4,0,2,0.163284
2,1,-4,1,0,0.231272
2,1,-4,1,1,0.200008
2,1,-4,1,2,0.17433
2,1,-4,2,0,0.249318
2,1,-4,2,1,0.211563
2,1,-4,2,2,0.181422
2,1,-4,4,0,0.262637
2,1,-4,4,1,0.228036
2,1,-4,4,2,0.182682
2,1,-4,3,0,0.288014
2,1,-4,3,1,0.237878
2,1,-4,3,2,0.194361
2,1,-4,5,0,0.30654
2,1,-4,5,1,0.253481
2,1,-4,5,2,0.196347
2,1,-4,6,0,0.326217
2,1,-4,6,1,0.275103
2,1,-4,6,2,0.202469
2,1,-4,7,0,0.357685
2,1,-4,7,1,0.29615
2,1,-4,7,2,0.22199
2,1,-3,0,0,0.272995
2,1,-3,0,1,0.249958
2,1,-3,0,2,0.233209
2,1,-3,1,0,0.31202
2,1,-3,1,1,0.276342
2,1,-3,1,2,0.246327
2,1,-3,2,0,0.334223
2,1,-3,2,1,0.290588
2,1,-3,2,2,0.255257
2,1,-3,4,0,0.350957
2,1,-3,4,1,0.311872
2,1,-3,4,2,0.256914
2,1,-3,3,0,0.375375
2,1,-3,3,1,0.319372
2,1,-3,3,2,0.269613
2,1,-3,5,0,0.399242
2,1,-3,5,1,0.339195
2,1,-3,5,2,0.272457
2,1,-3,6,0,0.420866
2,1,-3,6,1,0.364169
2,1,-3,6,2,0.279734
2,1,-3,7,0,0.452179
2,1,-3,7,1,0.384886
2,1,-3,7,2,0.30104
2,1,-2,0,0,0.364845
2,1,-2,0,1,0.339794
2,1,-2,0,2,0.321256
2,1,-2,1,0,0.406435
2,1,-2,1,1,0.368432
2,1,-2,1,2,0.335737
2,1,-2,2,0,0.432012
2,1,-2,2,1,0.384911
2,1,-2,2,2,0.346257
2,1,-2,4,0,0.451814
2,1,-2,4,1,0.410546
2,1,-2,4,2,0.348317
2,1,-2,3,0,0.472263
2,1,-2,3,1,0.413804
2,1,-2,3,2,0.360837
2,1,-2,5,0,0.500712
2,1,-2,5,1,0.437492
2,1,-2,5,2,0.364592
2,1,-2,6,0,0.522784
2,1,-2,6,1,0.464105
2,1,-2,6,2,0.372534
2,1,-2,7,0,0.551285
2,1,-2,7,1,0.482572
2,1,-2,7,2,0.393999
2,1,-1,0,0,0.469073
2,1,-1,0,1,0.443975
2,1,-1,0,2,0.425098
2,1,-1,1,0,0.509825
2,1,-1,1,1,0.472467
2,1,-1,1,2,0.439714
2,1,-1,2,0,0.536988
2,1,-1,2,1,0.490103
2,1,-1,2,2,0.451152
2,1,-1,4,0,0.558741
2,1,-1,4,1,0.518414
2,1,-1,4,2,0.453511
2,1,-1,3,0,0.57296
2,1,-1,3,1,0.516486
2,1,-1,3,2,0.464568
2,1,-1,5,0,0.603882
2,1,-1,5,1,0.54263
2,1,-1,5,2,0.469027
2,1,-1,6,0,0.624292
2,1,-1,6,1,0.568249
2,1,-1,6,2,0.47666
2,1,-1,7,0,0.648269
2,1,-1,7,1,0.583355
2,1,-1,7,2,0.496732
2,1,0,0,0,0.578338
2,1,0,0,1,0.555498
2,1,0,0,2,0.538108
2,1,0,1,0,0.614716
2,1,0,1,1,0.581212
2,1,0,1,2,0.551434
2,1,0,2,0,0.640613
2,1,0,2,1,0.59815
2,1,0,2,2,0.562542
2,1,0,4,0,0.661969
2,1,0,4,1,0.625904
2,1,0,4,2,0.564923
2,1,0,3,0,0.670252
2,1,0,3,1,0.620255
2,1,0,3,2,0.573841
2,1,0,5,0,0.700155
2,1,0,5,1,0.645927
2,1,0,5,2,0.578414
2,1,0,6,0,0.717277
2,1,0,6,1,0.66822
2,1,0,6,2,0.584924
2,1,0,7,0,0.736207
2,1,0,7,1,0.679807
2,1,0,7,2,0.602306
2,1,1,0,0,0.681543
2,1,1,0,1,0.662525
2,1,1,0,2,0.647925
2,1,1,1,0,0.711427
2,1,1,1,1,0.683808
2,1,1,1,2,0.659031
2,1,1,2,0,0.733669
2,1,1,2,1,0.698426
2,1,1,2,2,0.668684
2,1,1,4,0,0.752354
2,1,1,4,1,0.722681
2,1,1,4,2,0.670803
2,1,1,3,0,0.756575
2,1,1,3,1,0.715731
2,1,1,3,2,0.677562
2,1,1,5,0,0.782481
2,1,1,5,1,0.738196
2,1,1,5,2,0.681667
2,1,1,6,0,0.795905
2,1,1,6,1,0.756159
2,1,1,6,2,0.68683
2,1,1,7,0,0.810041
2,1,1,7,1,0.764587
2,1,1,7,2,0.700801
2,1,2,0,0,0.769655
2,1,2,0,1,0.754837
2,1,2,0,2,0.74339
2,1,2,1,0,0.792691
2,1,2,1,1,0.771336
2,1,2,1,2,0.752044
2,1,2,2,0,0.810436
2,1,2,2,1,0.783042
2,1,2,2,2,0.759813
2,1,2,4,0,0.825554
2,1,2,4,1,0.802637
2,1,2,4,2,0.761547
2,1,2,3,0,0.827227
2,1,2,3,1,0.795859
2,1,2,3,2,0.766406
2,1,2,5,0,0.848015
2,1,2,5,1,0.814031
2,1,2,5,2,0.769784
2,1,2,6,0,0.857955
2,1,2,6,1,0.827639
2,1,2,6,2,0.773631
2,1,2,7,0,0.868044
2,1,2,7,1,0.83351
2,1,2,7,2,0.784232
2,1,3,0,0,0.839645
2,1,3,0,1,0.828719
2,1,3,0,2,0.820239
2,1,3,1,0,0.856487
2,1,3,1,1,0.840833
2,1,3,1,2,0.826618
2,1,3,2,0,0.869808
2,1,3,2,1,0.849647
2,1,3,2,2,0.832489
2,1,3,4,0,0.881279
2,1,3,4,1,0.864493
2,1,3,4,2,0.833815
2,1,3,3,0,0.88159
2,1,3,3,1,0.858717
2,1,3,3,2,0.837163
2,1,3,5,0,0.89726
2,1,3,5,1,0.872499
2,1,3,5,2,0.839757
2,1,3,6,0,0.904285
2,1,3,6,1,0.882302
2,1,3,6,2,0.842485
2,1,3,7,0,0.911215
2,1,3,7,1,0.886247
2,1,3,7,2,0.850145
2,1,4,0,0,0.892018
2,1,4,0,1,0.884319
2,1,4,0,2,0.87832
2,1,4,1,0,0.903807
2,1,4,1,1,0.892826
2,1,4,1,2,0.882814
2,1,4,2,0,0.913327
2,1,4,2,1,0.89914
2,1,4,2,2,0.887031
2,1,4,4,0,0.921593
2,1,4,4,1,0.909824
2,1,4,4,2,0.887992
2,1,4,3,0,0.921299
2,1,4,3,1,0.905319
2,1,4,3,2,0.89022
2,1,4,5,0,0.932532
2,1,4,5,1,0.915247
2,1,4,5,2,0.892105
2,1,4,6,0,0.937312
2,1,4,6,1,0.922023
2,1,4,6,2,0.893965
2,1,4,7,0,0.941919
2,1,4,7,1,0.924595
2,1,4,7,2,0.89928
2,1,5,0,0,0.929355
2,1,5,0,1,0.924128
2,1,5,0,2,0.920044
2,1,5,1,0,0.937314
2,1,5,1,1,0.929887
2,1,5,1,2,0.923093
2,1,5,2,0,0.943851
2,1,5,2,1,0.934231
2,1,5,2,2,0.926001
2,1,5,4,0,0.949566
2,1,5,4,1,0.941608
2,1,5,4,2,0.926669
2,1,5,3,0,0.949082
2,1,5,3,1,0.938308
2,1,5,3,2,0.928108
2,1,5,5,0,0.956812
2,1,5,5,1,0.945169
2,1,5,5,2,0.929419
2,1,5,6,0,0.959961
2,1,5,6,1,0.949694
2,1,5,6,2,0.930646
2,1,5,7,0,0.962941
2,1,5,7,1,0.951327
2,1,5,7,2,0.934208
2,1,6,0,0,0.954944
2,1,6,0,1,0.951507
2,1,6,0,2,0.948813
2,1,6,1,0,0.960155
2,1,6,1,1,0.955285
2,1,6,1,2,0.950818
2,1,6,2,0,0.964494
2,1,6,2,1,0.958173
2,1,6,2,2,0.952755
2,1,6,4,0,0.968309
2,1,6,4,1,0.963092
2,1,6,4,2,0.953202
2,1,6,3,0,0.967835
2,1,6,3,1,0.960791
2,1,6,3,2,0.954109
2,1,6,5,0,0.972977
2,1,6,5,1,0.965368
2,1,6,5,2,0.954989
2,1,6,6,0,0.974995
2,1,6,6,1,0.968303
2,1,6,6,2,0.955775
2,1,6,7,0,0.976875
2,1,6,7,1,0.969317
2,1,6,7,2,0.958094
2,1,7,0,0,0.971905
2,1,7,0,1,0.969705
2,1,7,0,2,0.967978
2,1,7,1,0,0.975228
2,1,7,1,1,0.972118
2,1,7,1,2,0.96926
2,1,7,2,0,0.978027
2,1,7,2,1,0.973984
2,1,7,2,2,0.970513
2,1,7,4,0,0.980498
2,1,7,4,1,0.977168
2,1,7,4,2,0.970804
2,1,7,3,0,0.980113
2,1,7,3,1,0.975625
2,1,7,3,2,0.971363
2,1,7,5,0,0.983434
2,1,7,5,1,0.97859
2,1,7,5,2,0.971935
2,1,7,6,0,0.984698
2,1,7,6,1,0.980447
2,1,7,6,2,0.972427
2,1,7,7,0,0.985859
2,1,7,7,1,0.981064
2,1,7,7,2,0.973899
2,1,8,0,0,0.982832
2,1,8,0,1,0.981455
2,1,8,0,2,0.980373
2,1,8,1,0,0.984903
2,1,8,1,1,0.982962
2,1,8,1,2,0.981175
2,1,8,2,0,0.986665
2,1,8,2,1,0.984138
2,1,8,2,2,0.981966
2,1,8,4,0,0.988227
2,1,8,4,1,0.98615
2,1,8,4,2,0.98215
2,1,8,3,0,0.987941
2,1,8,3,1,0.985146
2,1,8,3,2,0.982488
2,1,8,5,0,0.990035
2,1,8,5,1,0.98702
2,1,8,5,2,0.982851
2,1,8,6,0,0.99081
2,1,8,6,1,0.988169
2,1,8,6,2,0.983153
2,1,8,7,0,0.991513
2,1,8,7,1,0.988537
2,1,8,7,2,0.984067
2,1,9,0,0,0.989704
2,1,9,0,1,0.988861
2,1,9,0,2,0.988196
2,1,9,1,0,0.990969
2,1,9,1,1,0.989782
2,1,9,1,2,0.988688
2,1,9,2,0,0.992056
2,1,9,2,1,0.990508
2,1,9,2,2,0.989176
2,1,9,4,0,0.993022
2,1,9,4,1,0.991752
2,1,9,4,2,0.98929
2,1,9,3,0,0.992821
2,1,9,3,1,0.991115
2,1,9,3,2,0.989491
2,1,9,5,0,0.994114
2,1,9,5,1,0.992274
2,1,9,5,2,0.989716
2,1,9,6,0,0.994579
2,1,9,6,1,0.992971
2,1,9,6,2,0.989898
2,1,9,7,0,0.994997
2,1,9,7,1,0.993187
2,1,9,7,2,0.990453
2,1,10,0,0,0.993937
2,1,10,0,1,0.993431
2,1,10,0,2,0.993031
2,1,10,1,0,0.994694
2,1,10,1,1,0.993983
2,1,10,1,2,0.993326
2,1,10,2,0,0.995351
2,1,10,2,1,0.994422
2,1,10,2,2,0.993622
2,1,10,4,0,0.995937
2,1,10,4,1,0.995176
2,1,10,4,2,0.993691
2,1,10,3,0,0.995801
2,1,10,3,1,0.99478
2,1,10,3,2,0.993808
2,1,10,5,0,0.996583
2,1,10,5,1,0.995483
2,1,10,5,2,0.993945
2,1,10,6,0,0.996857
2,1,10,6,1,0.995898
2,1,10,6,2,0.994052
2,1,10,7,0,0.997101
2,1,10,7,1,0.996021
2,1,10,7,2,0.994383
3,0,-10,0,0,0.007242
3,0,-10,0,1,0.005582
3,0,-10,0,2,0.004684
3,0,-10,1,0,0.010395
3,0,-10,1,1,0.007225
3,0,-10,1,2,0.005388
3,0,-10,2,0,0.011655
3,0,-10,2,1,0.007878
3,0,-10,2,2,0.005672
3,0,-10,4,0,0.011995
3,0,-10,4,1,0.009233
3,0,-10,4,2,0.005799
3,0,-10,3,0,0.016645
3,0,-10,3,1,0.010468
3,0,-10,3,2,0.006887
3,0,-10,5,0,0.018926
3,0,-10,5,1,0.01194
3,0,-10,5,2,0.007261
3,0,-10,6,0,0.01791
3,0,-10,6,1,0.012347
3,0,-10,6,2,0.007448
3,0,-10,7,0,0.028209
3,0,-10,7,1,0.016326
3,0,-10,7,2,0.009735
3,0,-9,0,0,0.012257
3,0,-9,0,1,0.009646
3,0,-9,0,2,0.008193
3,0,-9,1,0,0.017196
3,0,-9,1,1,0.012284
3,0,-9,1,2,0.00934
3,0,-9,2,0,0.019313
3,0,-9,2,1,0.013376
3,0,-9,2,2,0.00982
3,0,-9,4,0,0.020078
3,0,-9,4,1,0.01556
3,0,-9,4,2,0.010027
3,0,-9,3,0,0.026813
3,0,-9,3,1,0.017397
3,0,-9,3,2,0.011735
3,0,-9,5,0,0.030537
3,0,-9,5,1,0.01983
3,0,-9,5,2,0.012331
3,0,-9,6,0,0.029167
3,0,-9,6,1,0.020565
3,0,-9,6,2,0.012683
3,0,-9,7,0,0.044263
3,0,-9,7,1,0.026658
3,0,-9,7,2,0.016255
3,0,-8,0,0,0.020363
3,0,-8,0,1,0.01636
3,0,-8,0,2,0.014063
3,0,-8,1,0,0.027901
3,0,-8,1,1,0.020495
3,0,-8,1,2,0.015889
3,0,-8,2,0,0.031354
3,0,-8,2,1,0.022279
3,0,-8,2,2,0.016686
3,0,-8,4,0,0.03293
3,0,-8,4,1,0.025724
3,0,-8,4,2,0.017017
3,0,-8,3,0,0.042272
3,0,-8,3,1,0.028343
3,0,-8,3,2,0.019623
3,0,-8,5,0,0.048195
3,0,-8,5,1,0.032264
3,0,-8,5,2,0.020543
3,0,-8,6,0,0.046495
3,0,-8,6,1,0.033554
3,0,-8,6,2,0.021182
3,0,-8,7,0,0.067722
3,0,-8,7,1,0.04256
3,0,-8,7,2,0.026598
3,0,-7,0,0,0.033194
3,0,-7,0,1,0.027228
3,0,-7,0,2,0.023696
3,0,-7,1,0,0.044368
3,0,-7,1,1,0.033527
3,0,-7,1,2,0.02652
3,0,-7,2,0,0.049795
3,0,-7,2,1,0.036359
3,0,-7,2,2,0.027815
3,0,-7,4,0,0.052811
3,0,-7,4,1,0.041659
3,0,-7,4,2,0.028332
3,0,-7,3,0,0.065138
3,0,-7,3,1,0.045208
3,0,-7,3,2,0.032183
3,0,-7,5,0,0.07429
3,0,-7,5,1,0.05134
3,0,-7,5,2,0.033551
3,0,-7,6,0,0.072413
3,0,-7,6,1,0.053529
3,0,-7,6,2,0.034661
3,0,-7,7,0,0.100848
3,0,-7,7,1,0.066286
3,0,-7,7,2,0.042596
3,0,-6,0,0,0.053007
3,0,-6,0,1,0.044401
3,0,-6,0,2,0.039144
3,0,-6,1,0,0.069016
3,0,-6,1,1,0.053683
3,0,-6,1,2,0.043372
3,0,-6,2,0,0.077197
3,0,-6,2,1,0.058031
3,0,-6,2,2,0.045415
3,0,-6,4,0,0.08259
3,0,-6,4,1,0.065951
3,0,-6,4,2,0.046199
3,0,-6,3,0,0.097926
3,0,-6,3,1,0.070447
3,0,-6,3,2,0.051682
3,0,-6,5,0,0.111601
3,0,-6,5,1,0.07971
3,0,-6,5,2,0.053632
3,0,-6,6,0,0.109891
3,0,-6,6,1,0.083274
3,0,-6,6,2,0.055463
3,0,-6,7,0,0.145923
3,0,-6,7,1,0.100436
3,0,-6,7,2,0.066637
3,0,-5,0,0,0.082706
3,0,-5,0,1,0.070757
3,0,-5,0,2,0.063228
3,0,-5,1,0,0.104743
3,0,-5,1,1,0.083904
3,0,-5,1,2,0.069311
3,0,-5,2,0,0.116527
3,0,-5,2,1,0.090328
3,0,-5,2,2,0.072428
3,0,-5,4,0,0.125519
3,0,-5,4,1,0.101795
3,0,-5,4,2,0.073581
3,0,-5,3,0,0.14328
3,0,-5,3,1,0.106952
3,0,-5,3,2,0.081038
3,0,-5,5,0,0.162903
3,0,-5,5,1,0.12041
3,0,-5,5,2,0.083684
3,0,-5,6,0,0.161926
3,0,-5,6,1,0.125948
3,0,-5,6,2,0.086541
3,0,-5,7,0,0.204795
3,0,-5,7,1,0.147594
3,0,-5,7,2,0.101555
3,0,-4,0,0,0.125698
3,0,-4,0,1,0.109843
3,0,-4,0,2,0.099547
3,0,-4,1,0,0.154607
3,0,-4,1,1,0.127589
3,0,-4,1,2,0.107889
3,0,-4,2,0,0.170816
3,0,-4,2,1,0.136679
3,0,-4,2,2,0.112456
3,0,-4,4,0,0.184664
3,0,-4,4,1,0.152715
3,0,-4,4,2,0.114098
3,0,-4,3,0,0.203448
3,0,-4,3,1,0.157702
3,0,-4,3,2,0.123665
3,0,-4,5,0,0.230246
3,0,-4,5,1,0.176399
3,0,-4,5,2,0.127075
3,0,-4,6,0,0.23067
3,0,-4,6,1,0.18453
3,0,-4,6,2,0.131231
3,0,-4,7,0,0.278236
3,0,-4,7,1,0.209734
3,0,-4,7,2,0.150316
3,0,-3,0,0,0.185406
3,0,-3,0,1,0.165498
3,0,-3,0,2,0.15219
3,0,-3,1,0,0.221168
3,0,-3,1,1,0.188074
3,0,-3,1,2,0.162979
3,0,-3,2,0,0.24235
3,0,-3,2,1,0.200274
3,0,-3,2,2,0.169328
3,0,-3,4,0,0.261993
3,0,-3,4,1,0.221738
3,0,-3,4,2,0.17157
3,0,-3,3,0,0.279506
3,0,-3,3,1,0.225088
3,0,-3,3,2,0.182969
3,0,-3,5,0,0.313976
3,0,-3,5,1,0.249667
3,0,-3,5,2,0.187154
3,0,-3,6,0,0.316267
3,0,-3,6,1,0.260848
3,0,-3,6,2,0.192714
3,0,-3,7,0,0.365193
3,0,-3,7,1,0.287429
3,0,-3,7,2,0.215344
3,0,-2,0,0,0.264167
3,0,-2,0,1,0.240802
3,0,-2,0,2,0.224753
3,0,-2,1,0,0.305361
3,0,-2,1,1,0.267494
3,0,-2,1,2,0.237725
3,0,-2,2,0,0.331394
3,0,-2,2,1,0.282854
3,0,-2,2,2,0.245998
3,0,-2,4,0,0.356979
3,0,-2,4,1,0.309942
3,0,-2,4,2,0.248891
3,0,-2,3,0,0.370264
3,0,-2,3,1,0.309688
3,0,-2,3,2,0.261194
3,0,-2,5,0,0.411649
3,0,-2,5,1,0.340003
3,0,-2,5,2,0.266083
3,0,-2,6,0,0.415819
3,0,-2,6,1,0.354227
3,0,-2,6,2,0.272841
3,0,-2,7,0,0.462202
3,0,-2,7,1,0.379243
3,0,-2,7,2,0.297661
3,0,-1,0,0,0.36161
3,0,-1,0,1,0.336374
3,0,-1,0,2,0.318613
3,0,-1,1,0,0.405074
3,0,-1,1,1,0.365136
3,0,-1,1,2,0.332797
3,0,-1,2,0,0.434787
3,0,-1,2,1,0.38309
3,0,-1,2,2,0.342777
3,0,-1,4,0,0.465176
3,0,-1,4,1,0.41488
3,0,-1,4,2,0.346282
3,0,-1,3,0,0.471629
3,0,-1,3,1,0.409265
3,0,-1,3,2,0.358028
3,0,-1,5,0,0.517563
3,0,-1,5,1,0.443999
3,0,-1,5,2,0.36341
3,0,-1,6,0,0.522546
3,0,-1,6,1,0.459906
3,0,-1,6,2,0.370453
3,0,-1,7,0,0.563315
3,0,-1,7,1,0.481187
3,0,-1,7,2,0.395675
3,0,0,0,0,0.473089
3,0,0,0,1,0.448532
3,0,0,0,2,0.430935
3,0,0,1,0,0.514496
3,0,0,1,1,0.476331
3,0,0,1,2,0.444785
3,0,0,2,0,0.544801
3,0,0,2,1,0.494983
3,0,0,2,2,0.455386
3,0,0,4,0,0.576565
3,0,0,4,1,0.52812
3,0,0,4,2,0.459143
3,0,0,3,0,0.576723
3,0,0,3,1,0.518196
3,0,0,3,2,0.469246
3,0,0,5,0,0.622521
3,0,0,5,1,0.553737
3,0,0,5,2,0.474616
3,0,0,6,0,0.627147
3,0,0,6,1,0.569208
3,0,0,6,2,0.480971
3,0,0,7,0,0.660751
3,0,0,7,1,0.586055
3,0,0,7,2,0.504477
3,0,1,0,0,0.586801
3,0,1,0,1,0.565156
3,0,1,0,2,0.549465
3,0,1,1,0,0.62277
3,0,1,1,1,0.589539
3,0,1,1,2,0.561695
3,0,1,2,0,0.650308
3,0,1,2,1,0.606677
3,0,1,2,2,0.571565
3,0,1,4,0,0.679585
3,0,1,4,1,0.63719
3,0,1,4,2,0.575081
3,0,1,3,0,0.676136
3,0,1,3,1,0.625798
3,0,1,3,2,0.583193
3,0,1,5,0,0.717151
3,0,1,5,1,0.658156
3,0,1,5,2,0.588008
3,0,1,6,0,0.721062
3,0,1,6,1,0.671774
3,0,1,6,2,0.593305
3,0,1,7,0,0.74722
3,0,1,7,1,0.684378
3,0,1,7,2,0.613419
3,0,2,0,0,0.690118
3,0,2,0,1,0.672373
3,0,2,0,2,0.659396
3,0,2,1,0,0.719272
3,0,2,1,1,0.692276
3,0,2,1,2,0.669429
3,0,2,2,0,0.74238
3,0,2,2,1,0.706774
3,0,2,2,2,0.677856
3,0,2,4,0,0.767185
3,0,2,4,1,0.732627
3,0,2,4,2,0.680872
3,0,2,3,0,0.762123
3,0,2,3,1,0.721607
3,0,2,3,2,0.687015
3,0,2,5,0,0.796167
3,0,2,5,1,0.748798
3,0,2,5,2,0.691019
3,0,2,6,0,0.799215
3,0,2,6,1,0.759915
3,0,2,6,2,0.695146
3,0,2,7,0,0.818623
3,0,2,7,1,0.768903
3,0,2,7,2,0.711277
3,0,3,0,0,0.776791
3,0,3,0,1,0.763085
3,0,3,0,2,0.752996
3,0,3,1,0,0.799101
3,0,3,1,1,0.778399
3,0,3,1,2,0.760746
3,0,3,2,0,0.817273
3,0,3,2,1,0.78987
3,0,3,2,2,0.767459
3,0,3,4,0,0.836914
3,0,3,4,1,0.810351
3,0,3,4,2,0.769871
3,0,3,3,0,0.831659
3,0,3,3,1,0.800812
3,0,3,3,2,0.774302
3,0,3,5,0,0.858208
3,0,3,5,1,0.822219
3,0,3,5,2,0.777431
3,0,3,6,0,0.860443
3,0,3,6,1,0.830761
3,0,3,6,2,0.780477
3,0,3,7,0,0.874255
3,0,3,7,1,0.836913
3,0,3,7,2,0.792725
3,0,4,0,0,0.84493
3,0,4,0,1,0.83486
3,0,4,0,2,0.827408
3,0,4,1,0,0.861198
3,0,4,1,1,0.846074
3,0,4,1,2,0.8331
3,0,4,2,0,0.874747
3,0,4,2,1,0.854667
3,0,4,2,2,0.838156
3,0,4,4,0,0.889466
3,0,4,4,1,0.870025
3,0,4,4,2,0.839978
3,0,4,3,0,0.884806
3,0,4,3,1,0.8624
3,0,4,3,2,0.843045
3,0,4,5,0,0.904468
3,0,4,5,1,0.878374
3,0,4,5,2,0.845367
3,0,4,6,0,0.906025
3,0,4,6,1,0.884615
3,0,4,6,2,0.847514
3,0,4,7,0,0.915505
3,0,4,7,1,0.888681
3,0,4,7,2,0.856393
3,0,5,0,0,0.895715
3,0,5,0,1,0.888625
3,0,5,0,2,0.883357
3,0,5,1,0,0.907096
3,0,5,1,1,0.896497
3,0,5,1,2,0.887362
3,0,5,2,0,0.91675
3,0,5,2,1,0.902644
3,0,5,2,2,0.890994
3,0,5,4,0,0.92728
3,0,5,4,1,0.913638
3,0,5,4,2,0.892305
3,0,5,3,0,0.923538
3,0,5,3,1,0.90791
3,0,5,3,2,0.894355
3,0,5,5,0,0.937472
3,0,5,5,1,0.919301
3,0,5,5,2,0.896003
3,0,5,6,0,0.938514
3,0,5,6,1,0.92367
3,0,5,6,2,0.89746
3,0,5,7,0,0.944814
3,0,5,7,1,0.926277
3,0,5,7,2,0.903644
3,0,6,0,0,0.93189
3,0,6,0,1,0.927078
3,0,6,0,2,0.92349
3,0,6,1,0,0.939572
3,0,6,1,1,0.932407
3,0,6,1,2,0.926207
3,0,6,2,0,0.94619
3,0,6,2,1,0.936634
3,0,6,2,2,0.928713
3,0,6,4,0,0.953431
3,0,6,4,1,0.944199
3,0,6,4,2,0.92962
3,0,6,3,0,0.950631
3,0,6,3,1,0.940107
3,0,6,3,2,0.930947
3,0,6,5,0,0.96014
3,0,6,5,1,0.94792
3,0,6,5,2,0.932075
3,0,6,6,0,0.960814
3,0,6,6,1,0.950869
3,0,6,6,2,0.93303
3,0,6,7,0,0.964881
3,0,6,7,1,0.952495
3,0,6,7,2,0.93719
3,0,7,0,0,0.956681
3,0,7,0,1,0.953519
3,0,7,0,2,0.951153
3,0,7,1,0,0.961707
3,0,7,1,1,0.957013
3,0,7,1,2,0.952938
3,0,7,2,0,0.966095
3,0,7,2,1,0.959823
3,0,7,2,2,0.954608
3,0,7,4,0,0.970908
3,0,7,4,1,0.964855
3,0,7,4,2,0.955214
3,0,7,3,0,0.96892
3,0,7,3,1,0.962048
3,0,7,3,2,0.956051
3,0,7,5,0,0.9752
3,0,7,5,1,0.967231
3,0,7,5,2,0.956796
3,0,7,6,0,0.975623
3,0,7,6,1,0.96916
3,0,7,6,2,0.957406
3,0,7,7,0,0.978181
3,0,7,7,1,0.970149
3,0,7,7,2,0.960119
3,0,8,0,0,0.973113
3,0,8,0,1,0.971092
3,0,8,0,2,0.969576
3,0,8,1,0,0.97631
3,0,8,1,1,0.97332
3,0,8,1,2,0.970716
3,0,8,2,0,0.979135
3,0,8,2,1,0.975133
3,0,8,2,2,0.971797
3,0,8,4,0,0.982241
3,0,8,4,1,0.978382
3,0,8,4,2,0.972189
3,0,8,3,0,0.980887
3,0,8,3,1,0.976522
3,0,8,3,2,0.972703
3,0,8,5,0,0.984916
3,0,8,5,1,0.97986
3,0,8,5,2,0.973182
3,0,8,6,0,0.985175
3,0,8,6,1,0.981087
3,0,8,6,2,0.973561
3,0,8,7,0,0.986745
3,0,8,7,1,0.981674
3,0,8,7,2,0.975283
3,0,9,0,0,0.983688
3,0,9,0,1,0.98243
3,0,9,0,2,0.981485
3,0,9,1,0,0.985671
3,0,9,1,1,0.983815
3,0,9,1,2,0.982194
3,0,9,2,0,0.987442
3,0,9,2,1,0.984954
3,0,9,2,2,0.982874
3,0,9,4,0,0.989392
3,0,9,4,1,0.986995
3,0,9,4,2,0.983122
3,0,9,3,0,0.988502
3,0,9,3,1,0.9858
3,0,9,3,2,0.98343
3,0,9,5,0,0.99102
3,0,9,5,1,0.987893
3,0,9,5,2,0.98373
3,0,9,6,0,0.991174
3,0,9,6,1,0.988653
3,0,9,6,2,0.983959
3,0,9,7,0,0.992117
3,0,9,7,1,0.988994
3,0,9,7,2,0.985024
3,0,10,0,0,0.990316
3,0,10,0,1,0.989552
3,0,10,0,2,0.988976
3,0,10,1,0,0.991516
3,0,10,1,1,0.990391
3,0,10,1,2,0.989407
3,0,10,2,0,0.992599
3,0,10,2,1,0.991089
3,0,10,2,2,0.989824
3,0,10,4,0,0.993793
3,0,10,4,1,0.99234
3,0,10,4,2,0.989976
3,0,10,3,0,0.993226
3,0,10,3,1,0.991593
3,0,10,3,2,0.990157
3,0,10,5,0,0.994761
3,0,10,5,1,0.992873
3,0,10,5,2,0.99034
3,0,10,6,0,0.994851
3,0,10,6,1,0.993332
3,0,10,6,2,0.990476
3,0,10,7,0,0.995405
3,0,10,7,1,0.993526
3,0,10,7,2,0.991119
3,1,-10,0,0,0.011422
3,1,-10,0,1,0.008948
3,1,-10,0,2,0.007414
3,1,-10,1,0,0.016045
3,1,-10,1,1,0.011593
3,1,-10,1,2,0.00857
3,1,-10,2,0,0.017702
3,1,-10,2,1,0.012649
3,1,-10,2,2,0.009107
3,1,-10,4,0,0.019177
3,1,-10,4,1,0.013663
3,1,-10,4,2,0.009194
3,1,-10,3,0,0.024827
3,1,-10,3,1,0.016646
3,1,-10,3,2,0.010895
3,1,-10,5,0,0.025746
3,1,-10,5,1,0.017981
3,1,-10,5,2,0.010877
3,1,-10,6,0,0.029008
3,1,-10,6,1,0.020374
3,1,-10,6,2,0.01147
3,1,-10,7,0,0.036602
3,1,-10,7,1,0.025195
3,1,-10,7,2,0.01447
3,1,-9,0,0,0.019168
3,1,-9,0,1,0.015331
3,1,-9,0,2,0.012897
3,1,-9,1,0,0.026276
3,1,-9,1,1,0.019495
3,1,-9,1,2,0.014743
3,1,-9,2,0,0.028955
3,1,-9,2,1,0.021198
3,1,-9,2,2,0.015637
3,1,-9,4,0,0.031161
3,1,-9,4,1,0.02294
3,1,-9,4,2,0.015781
3,1,-9,3,0,0.039576
3,1,-9,3,1,0.027334
3,1,-9,3,2,0.018416
3,1,-9,5,0,0.041237
3,1,-9,5,1,0.029466
3,1,-9,5,2,0.018431
3,1,-9,6,0,0.046168
3,1,-9,6,1,0.033302
3,1,-9,6,2,0.019392
3,1,-9,7,0,0.057179
3,1,-9,7,1,0.040408
3,1,-9,7,2,0.02399
3,1,-8,0,0,0.031466
3,1,-8,0,1,0.02569
3,1,-8,0,2,0.021939
3,1,-8,1,0,0.042066
3,1,-8,1,1,0.03205
3,1,-8,1,2,0.024804
3,1,-8,2,0,0.046276
3,1,-8,2,1,0.034723
3,1,-8,2,2,0.026251
3,1,-8,4,0,0.04953
3,1,-8,4,1,0.037637
3,1,-8,4,2,0.026484
3,1,-8,3,0,0.061556
3,1,-8,3,1,0.043828
3,1,-8,3,2,0.03043
3,1,-8,5,0,0.064475
3,1,-8,5,1,0.047158
3,1,-8,5,2,0.030528
3,1,-8,6,0,0.071665
3,1,-8,6,1,0.053116
3,1,-8,6,2,0.03204
3,1,-8,7,0,0.087007
3,1,-8,7,1,0.063177
3,1,-8,7,2,0.038852
3,1,-7,0,0,0.050468
3,1,-7,0,1,0.042055
3,1,-7,0,2,0.036465
3,1,-7,1,0,0.065739
3,1,-7,1,1,0.051443
3,1,-7,1,2,0.040765
3,1,-7,2,0,0.072157
3,1,-7,2,1,0.055516
3,1,-7,2,2,0.04304
3,1,-7,4,0,0.076918
3,1,-7,4,1,0.060246
3,1,-7,4,2,0.043408
3,1,-7,3,0,0.093269
3,1,-7,3,1,0.068507
3,1,-7,3,2,0.04909
3,1,-7,5,0,0.09826
3,1,-7,5,1,0.073591
3,1,-7,5,2,0.049358
3,1,-7,6,0,0.108312
3,1,-7,6,1,0.082515
3,1,-7,6,2,0.051662
3,1,-7,7,0,0.128748
3,1,-7,7,1,0.096097
3,1,-7,7,2,0.061358
3,1,-6,0,0,0.078958
3,1,-6,0,1,0.067155
3,1,-6,0,2,0.059134
3,1,-6,1,0,0.100118
3,1,-6,1,1,0.080473
3,1,-6,1,2,0.065347
3,1,-6,2,0,0.109554
3,1,-6,2,1,0.086478
3,1,-6,2,2,0.068802
3,1,-6,4,0,0.116403
3,1,-6,4,1,0.09389
3,1,-6,4,2,0.069366
3,1,-6,3,0,0.137441
3,1,-6,3,1,0.104184
3,1,-6,3,2,0.077182
3,1,-6,5,0,0.145589
3,1,-6,5,1,0.111758
3,1,-6,5,2,0.077758
3,1,-6,6,0,0.159014
3,1,-6,6,1,0.124561
3,1,-6,6,2,0.081134
3,1,-6,7,0,0.184879
3,1,-6,7,1,0.141904
3,1,-6,7,2,0.094318
3,1,-5,0,0,0.12022
3,1,-5,0,1,0.104364
3,1,-5,0,2,0.093355
3,1,-5,1,0,0.148243
3,1,-5,1,1,0.122409
3,1,-5,1,2,0.101939
3,1,-5,2,0,0.161577
3,1,-5,2,1,0.130921
3,1,-5,2,2,0.106974
3,1,-5,4,0,0.171163
3,1,-5,4,1,0.142082
3,1,-5,4,2,0.107812
3,1,-5,3,0,0.196517
3,1,-5,3,1,0.153796
3,1,-5,3,2,0.117991
3,1,-5,5,0,0.209066
3,1,-5,5,1,0.164754
3,1,-5,5,2,0.119071
3,1,-5,6,0,0.226152
3,1,-5,6,1,0.182196
3,1,-5,6,2,0.123797
3,1,-5,7,0,0.256907
3,1,-5,7,1,0.202918
3,1,-5,7,2,0.140796
3,1,-4,0,0,0.17762
3,1,-4,0,1,0.157388
3,1,-4,0,2,0.143041
3,1,-4,1,0,0.212787
3,1,-4,1,1,0.180559
3,1,-4,1,2,0.154288
3,1,-4,2,0,0.230775
3,1,-4,2,1,0.192058
3,1,-4,2,2,0.16128
3,1,-4,4,0,0.24381
3,1,-4,4,1,0.208091
3,1,-4,4,2,0.16248
3,1,-4,3,0,0.271799
3,1,-4,3,1,0.219796
3,1,-4,3,2,0.174883
3,1,-4,5,0,0.289975
3,1,-4,5,1,0.235033
3,1,-4,5,2,0.176699
3,1,-4,6,0,0.310564
3,1,-4,6,1,0.257404
3,1,-4,6,2,0.182976
3,1,-4,7,0,0.344433
3,1,-4,7,1,0.280218
3,1,-4,7,2,0.203535
3,1,-3,0,0,0.25376
3,1,-3,0,1,0.229492
3,1,-3,0,2,0.211914
3,1,-3,1,0,0.29511
3,1,-3,1,1,0.257376
3,1,-3,1,2,0.225733
3,1,-3,2,0,0.31809
3,1,-3,2,1,0.272075
3,1,-3,2,2,0.234904
3,1,-3,4,0,0.335156
3,1,-3,4,1,0.293816
3,1,-3,4,2,0.236561
3,1,-3,3,0,0.362512
3,1,-3,3,1,0.303139
3,1,-3,3,2,0.250408
3,1,-3,5,0,0.387113
3,1,-3,5,1,0.323331
3,1,-3,5,2,0.253211
3,1,-3,6,0,0.41027
3,1,-3,6,1,0.350006
3,1,-3,6,2,0.260995
3,1,-3,7,0,0.444166
3,1,-3,7,1,0.372576
3,1,-3,7,2,0.283847
3,1,-2,0,0,0.349213
3,1,-2,0,1,0.322228
3,1,-2,0,2,0.302262
3,1,-2,1,0,0.394128
3,1,-2,1,1,0.353192
3,1,-2,1,2,0.317928
3,1,-2,2,0,0.421498
3,1,-2,2,1,0.37077
3,1,-2,2,2,0.329141
3,1,-2,4,0,0.442481
3,1,-2,4,1,0.398106
3,1,-2,4,2,0.33131
3,1,-2,3,0,0.465076
3,1,-2,3,1,0.402196
3,1,-2,3,2,0.345046
3,1,-2,5,0,0.495608
3,1,-2,5,1,0.427348
3,1,-2,5,2,0.349016
3,1,-2,6,0,0.519666
3,1,-2,6,1,0.456429
3,1,-2,6,2,0.357826
3,1,-2,7,0,0.550041
3,1,-2,7,1,0.47613
3,1,-2,7,2,0.380894
3,1,-1,0,0,0.460818
3,1,-1,0,1,0.433509
3,1,-1,0,2,0.412903
3,1,-1,1,0,0.505018
3,1,-1,1,1,0.464535
3,1,-1,1,2,0.428873
3,1,-1,2,0,0.534814
3,1,-1,2,1,0.483878
3,1,-1,2,2,0.441449
3,1,-1,4,0,0.558704
3,1,-1,4,1,0.515115
3,1,-1,4,2,0.444057
3,1,-1,3,0,0.573066
3,1,-1,3,1,0.512147
3,1,-1,3,2,0.455876
3,1,-1,5,0,0.607183
3,1,-1,5,1,0.540935
3,1,-1,5,2,0.460847
3,1,-1,6,0,0.629221
3,1,-1,6,1,0.568837
3,1,-1,6,2,0.469257
3,1,-1,7,0,0.654035
3,1,-1,7,1,0.584351
3,1,-1,7,2,0.490698
3,1,0,0,0,0.580406
3,1,0,0,1,0.555919
3,1,0,0,2,0.537182
3,1,0,1,0,0.619129
3,1,0,1,1,0.583422
3,1,0,1,2,0.551498
3,1,0,2,0,0.647365
3,1,0,2,1,0.601929
3,1,0,2,2,0.563683
3,1,0,4,0,0.670855
3,1,0,4,1,0.632487
3,1,0,4,2,0.566327
3,1,0,3,0,0.677835
3,1,0,3,1,0.624859
3,1,0,3,2,0.57544
3,1,0,5,0,0.710634
3,1,0,5,1,0.65312
3,1,0,5,2,0.580552
3,1,0,6,0,0.728447
3,1,0,6,1,0.676683
3,1,0,6,2,0.587414
3,1,0,7,0,0.747392
3,1,0,7,1,0.688105
3,1,0,7,2,0.605638
3,1,1,0,0,0.692542
3,1,1,0,1,0.672856
3,1,1,0,2,0.657671
3,1,1,1,0,0.723242
3,1,1,1,1,0.694822
3,1,1,1,2,0.669182
3,1,1,2,0,0.746656
3,1,1,2,1,0.710245
3,1,1,2,2,0.679404
3,1,1,4,0,0.766503
3,1,1,4,1,0.736013
3,1,1,4,2,0.681673
3,1,1,3,0,0.769316
3,1,1,3,1,0.727521
3,1,1,3,2,0.688291
3,1,1,5,0,0.796725
3,1,1,5,1,0.751394
3,1,1,5,2,0.692714
3,1,1,6,0,0.810155
3,1,1,6,1,0.769672
3,1,1,6,2,0.697933
3,1,1,7,0,0.823768
3,1,1,7,1,0.777636
3,1,1,7,2,0.712079
3,1,2,0,0,0.784991
3,1,2,0,1,0.770237
3,1,2,0,2,0.758787
3,1,2,1,0,0.807751
3,1,2,1,1,0.786609
3,1,2,1,2,0.767409
3,1,2,2,0,0.825713
3,1,2,2,1,0.798488
3,1,2,2,2,0.775319
3,1,2,4,0,0.841156
3,1,2,4,1,0.818494
3,1,2,4,2,0.777104
3,1,2,3,0,0.841662
3,1,2,3,1,0.810772
3,1,2,3,2,0.781653
3,1,2,5,0,0.862796
3,1,2,5,1,0.829336
3,1,2,5,2,0.785146
3,1,2,6,0,0.872331
3,1,2,6,1,0.842626
3,1,2,6,2,0.788864
3,1,2,7,0,0.881669
3,1,2,7,1,0.847941
3,1,2,7,2,0.799201
3,1,3,0,0,0.855621
3,1,3,0,1,0.845185
3,1,3,0,2,0.837049
3,1,3,1,0,0.871589
3,1,3,1,1,0.856716
3,1,3,1,2,0.843143
3,1,3,2,0,0.884515
3,1,3,2,1,0.865289
3,1,3,2,2,0.848872
3,1,3,4,0,0.895745
3,1,3,4,1,0.87981
3,1,3,4,2,0.850179
3,1,3,3,0,0.895255
3,1,3,3,1,0.873628
3,1,3,3,2,0.853179
3,1,3,5,0,0.910518
3,1,3,5,1,0.887119
3,1,3,5,2,0.855744
3,1,3,6,0,0.916975
3,1,3,6,1,0.896295
3,1,3,6,2,0.858265
3,1,3,7,0,0.923141
3,1,3,7,1,0.899722
3,1,3,7,2,0.865444
3,1,4,0,0,0.906301
3,1,4,0,1,0.899249
3,1,4,0,2,0.893732
3,1,4,1,0,0.917022
3,1,4,1,1,0.907014
3,1,4,1,2,0.897848
3,1,4,2,0,0.925871
3,1,4,2,1,0.912896
3,1,4,2,2,0.901787
3,1,4,4,0,0.933618
3,1,4,4,1,0.922899
3,1,4,4,2,0.902694
3,1,4,3,0,0.932849
3,1,4,3,1,0.91835
3,1,4,3,2,0.904608
3,1,4,5,0,0.943324
3,1,4,5,1,0.927652
3,1,4,5,2,0.90639
3,1,4,6,0,0.947538
3,1,4,6,1,0.933735
3,1,4,6,2,0.908037
3,1,4,7,0,0.95148
3,1,4,7,1,0.93588
3,1,4,7,2,0.912819
3,1,5,0,0,0.940918
3,1,5,0,1,0.936323
3,1,5,0,2,0.932719
3,1,5,1,0,0.947867
3,1,5,1,1,0.941368
3,1,5,1,2,0.935399
3,1,5,2,0,0.953693
3,1,5,2,1,0.945248
3,1,5,2,2,0.938003
3,1,5,4,0,0.958825
3,1,5,4,1,0.951866
3,1,5,4,2,0.938606
3,1,5,3,0,0.958091
3,1,5,3,1,0.948705
3,1,5,3,2,0.939792
3,1,5,5,0,0.965001
3,1,5,5,1,0.954865
3,1,5,5,2,0.94098
3,1,5,6,0,0.967667
3,1,5,6,1,0.958764
3,1,5,6,2,0.94202
3,1,5,7,0,0.97012
3,1,5,7,1,0.960074
3,1,5,7,2,0.945101
3,1,6,0,0,0.96367
3,1,6,0,1,0.960768
3,1,6,0,2,0.958486
3,1,6,1,0,0.968041
3,1,6,1,1,0.963947
3,1,6,1,2,0.960178
3,1,6,2,0,0.971753
3,1,6,2,1,0.966423
3,1,6,2,2,0.961842
3,1,6,4,0,0.975039
3,1,6,4,1,0.970656
3,1,6,4,2,0.962229
3,1,6,3,0,0.974456
3,1,6,3,1,0.968557
3,1,6,3,2,0.962947
3,1,6,5,0,0.978865
3,1,6,5,1,0.9725
3,1,6,5,2,0.963711
3,1,6,6,0,0.980507
3,1,6,6,1,0.974929
3,1,6,6,2,0.964351
3,1,6,7,0,0.981999
3,1,6,7,1,0.975713
3,1,6,7,2,0.96628
3,1,7,0,0,0.978146
3,1,7,0,1,0.97636
3,1,7,0,2,0.974953
3,1,7,1,0,0.980827
3,1,7,1,1,0.978313
3,1,7,1,2,0.975994
3,1,7,2,0,0.983127
3,1,7,2,1,0.979848
3,1,7,2,2,0.977027
3,1,7,4,0,0.985171
3,1,7,4,1,0.98248
3,1,7,4,2,0.977269
3,1,7,3,0,0.984753
3,1,7,3,1,0.981138
3,1,7,3,2,0.977695
3,1,7,5,0,0.987489
3,1,7,5,1,0.98359
3,1,7,5,2,0.978172
3,1,7,6,0,0.988478
3,1,7,6,1,0.985068
3,1,7,6,2,0.978558
3,1,7,7,0,0.989368
3,1,7,7,1,0.985529
3,1,7,7,2,0.979736
3,1,8,0,0,0.987106
3,1,8,0,1,0.98603
3,1,8,0,2,0.985181
3,1,8,1,0,0.988716
3,1,8,1,1,0.987205
3,1,8,1,2,0.985808
3,1,8,2,0,0.99011
3,1,8,2,1,0.988136
3,1,8,2,2,0.986435
3,1,8,4,0,0.991353
3,1,8,4,1,0.989735
3,1,8,4,2,0.986582
3,1,8,3,0,0.99107
3,1,8,3,1,0.9889
3,1,8,3,2,0.986831
3,1,8,5,0,0.99273
3,1,8,5,1,0.99039
3,1,8,5,2,0.987122
3,1,8,6,0,0.993315
3,1,8,6,1,0.991273
3,1,8,6,2,0.987351
3,1,8,7,0,0.993835
3,1,8,7,1,0.991538
3,1,8,7,2,0.988056
3,1,9,0,0,0.992531
3,1,9,0,1,0.991894
3,1,9,0,2,0.991391
3,1,9,1,0,0.99348
3,1,9,1,1,0.992588
3,1,9,1,2,0.991762
3,1,9,2,0,0.994309
3,1,9,2,1,0.993142
3,1,9,2,2,0.992136
3,1,9,4,0,0.995051
3,1,9,4,1,0.994096
3,1,9,4,2,0.992224
3,1,9,3,0,0.994864
3,1,9,3,1,0.993586
3,1,9,3,2,0.992366
3,1,9,5,0,0.995852
3,1,9,5,1,0.994475
3,1,9,5,2,0.99254
3,1,9,6,0,0.996192
3,1,9,6,1,0.994992
3,1,9,6,2,0.992673
3,1,9,7,0,0.996489
3,1,9,7,1,0.995141
3,1,9,7,2,0.993087
3,1,10,0,0,0.995755
3,1,10,0,1,0.995386
3,1,10,0,2,0.995094
3,1,10,1,0,0.996302
3,1,10,1,1,0.995787
3,1,10,1,2,0.995309
3,1,10,2,0,0.996786
3,1,10,2,1,0.996111
3,1,10,2,2,0.995527
3,1,10,4,0,0.99722
3,1,10,4,1,0.996668
3,1,10,4,2,0.995579
3,1,10,3,0,0.9971
3,1,10,3,1,0.996363
3,1,10,3,2,0.995658
3,1,10,5,0,0.997677
3,1,10,5,1,0.996883
3,1,10,5,2,0.99576
3,1,10,6,0,0.99787
3,1,10,6,1,0.997179
3,1,10,6,2,0.995835
3,1,10,7,0,0.998037
3,1,10,7,1,0.997262
3,1,10,7,2,0.996074
4,0,-10,0,0,0.005107
4,0,-10,0,1,0.003773
4,0,-10,0,2,0.003083
4,0,-10,1,0,0.007653
4,0,-10,1,1,0.005053
4,0,-10,1,2,0.003618
4,0,-10,2,0,0.008572
4,0,-10,2,1,0.005527
4,0,-10,2,2,0.003819
4,0,-10,4,0,0.008665
4,0,-10,4,1,0.006572
4,0,-10,4,2,0.003915
4,0,-10,3,0,0.012841
4,0,-10,3,1,0.007652
4,0,-10,3,2,0.004794
4,0,-10,5,0,0.014575
4,0,-10,5,1,0.008748
4,0,-10,5,2,0.005092
4,0,-10,6,0,0.013581
4,0,-10,6,1,0.009002
4,0,-10,6,2,0.005197
4,0,-10,7,0,0.022713
4,0,-10,7,1,0.012348
4,0,-10,7,2,0.007061
4,0,-9,0,0,0.008953
4,0,-9,0,1,0.006779
4,0,-9,0,2,0.005617
4,0,-9,1,0,0.013094
4,0,-9,1,1,0.008916
4,0,-9,1,2,0.006526
4,0,-9,2,0,0.014731
4,0,-9,2,1,0.009748
4,0,-9,2,2,0.006879
4,0,-9,4,0,0.015076
4,0,-9,4,1,0.011494
4,0,-9,4,2,0.007042
4,0,-9,3,0,0.021388
4,0,-9,3,1,0.013182
4,0,-9,3,2,0.008478
4,0,-9,5,0,0.024347
4,0,-9,5,1,0.015079
4,0,-9,5,2,0.008975
4,0,-9,6,0,0.022917
4,0,-9,6,1,0.015574
4,0,-9,6,2,0.009199
4,0,-9,7,0,0.036889
4,0,-9,7,1,0.020941
4,0,-9,7,2,0.012234
4,0,-8,0,0,0.0154
4,0,-8,0,1,0.011941
4,0,-8,0,2,0.010025
4,0,-8,1,0,0.021961
4,0,-8,1,1,0.01543
4,0,-8,1,2,0.011537
4,0,-8,2,0,0.024792
4,0,-8,2,1,0.01686
4,0,-8,2,2,0.012151
4,0,-8,4,0,0.025713
4,0,-8,4,1,0.019717
4,0,-8,4,2,0.01242
4,0,-8,3,0,0.034828
4,0,-8,3,1,0.02225
4,0,-8,3,2,0.014704
4,0,-8,5,0,0.039748
4,0,-8,5,1,0.025459
4,0,-8,5,2,0.015509
4,0,-8,6,0,0.037855
4,0,-8,6,1,0.026401
4,0,-8,6,2,0.015964
4,0,-8,7,0,0.058316
4,0,-8,7,1,0.034713
4,0,-8,7,2,0.020761
4,0,-7,0,0,0.026007
4,0,-7,0,1,0.020654
4,0,-7,0,2,0.017577
4,0,-7,1,0,0.036111
4,0,-7,1,1,0.026201
4,0,-7,1,2,0.020026
4,0,-7,2,0,0.04081
4,0,-7,2,1,0.028585
4,0,-7,2,2,0.021073
4,0,-7,4,0,0.042904
4,0,-7,4,1,0.033149
4,0,-7,4,2,0.02151
4,0,-7,3,0,0.055404
4,0,-7,3,1,0.036777
4,0,-7,3,2,0.02503
4,0,-7,5,0,0.063358
4,0,-7,5,1,0.042039
4,0,-7,5,2,0.026284
4,0,-7,6,0,0.061108
4,0,-7,6,1,0.043765
4,0,-7,6,2,0.027153
4,0,-7,7,0,0.089548
4,0,-7,7,1,0.056103
4,0,-7,7,2,0.034481
4,0,-6,0,0,0.043066
4,0,-6,0,1,0.035043
4,0,-6,0,2,0.030259
4,0,-6,1,0,0.058116
4,0,-6,1,1,0.043582
4,0,-6,1,2,0.034097
4,0,-6,2,0,0.065543
4,0,-6,2,1,0.04742
4,0,-6,2,2,0.035835
4,0,-6,4,0,0.069816
4,0,-6,4,1,0.05449
4,0,-6,4,2,0.036524
4,0,-6,3,0,0.085951
4,0,-6,3,1,0.059398
4,0,-6,3,2,0.041763
4,0,-6,5,0,0.098406
4,0,-6,5,1,0.067717
4,0,-6,5,2,0.043621
4,0,-6,6,0,0.09615
4,0,-6,6,1,0.070737
4,0,-6,6,2,0.045189
4,0,-6,7,0,0.133334
4,0,-6,7,1,0.088114
4,0,-6,7,2,0.055938
4,0,-5,0,0,0.069722
4,0,-5,0,1,0.058148
4,0,-5,0,2,0.050987
4,0,-5,1,0,0.091267
4,0,-5,1,1,0.070787
4,0,-5,1,2,0.056771
4,0,-5,2,0,0.102406
4,0,-5,2,1,0.076727
4,0,-5,2,2,0.059566
4,0,-5,4,0,0.110332
4,0,-5,4,1,0.087343
4,0,-5,4,2,0.060616
4,0,-5,3,0,0.129673
4,0,-5,3,1,0.093423
4,0,-5,3,2,0.068073
4,0,-5,5,0,0.1484
4,0,-5,5,1,0.106063
4,0,-5,5,2,0.070678
4,0,-5,6,0,0.146844
4,0,-5,6,1,0.111092
4,0,-5,6,2,0.073333
4,0,-5,7,0,0.192153
4,0,-5,7,1,0.133931
4,0,-5,7,2,0.088356
4,0,-4,0,0,0.109988
4,0,-4,0,1,0.094036
4,0,-4,0,2,0.083808
4,0,-4,1,0,0.139344
4,0,-4,1,1,0.111853
4,0,-4,1,2,0.092114
4,0,-4,2,0,0.155275
4,0,-4,2,1,0.120659
4,0,-4,2,2,0.096436
4,0,-4,4,0,0.168479
4,0,-4,4,1,0.136129
4,0,-4,4,2,0.097996
4,0,-4,3,0,0.189602
4,0,-4,3,1,0.142576
4,0,-4,3,2,0.107993
4,0,-4,5,0,0.216319
4,0,-4,5,1,0.16093
4,0,-4,5,2,0.111432
4,0,-4,6,0,0.216402
4,0,-4,6,1,0.168796
4,0,-4,6,2,0.11558
4,0,-4,7,0,0.267432
4,0,-4,7,1,0.196246
4,0,-4,7,2,0.135388
4,0,-3,0,0,0.168405
4,0,-3,0,1,0.14765
4,0,-3,0,2,0.133874
4,0,-3,1,0,0.205992
4,0,-3,1,1,0.171251
4,0,-3,1,2,0.145095
4,0,-3,2,0,0.227632
4,0,-3,2,1,0.183608
4,0,-3,2,2,0.151431
4,0,-3,4,0,0.247515
4,0,-3,4,1,0.205253
4,0,-3,4,2,0.153661
4,0,-3,3,0,0.26771
4,0,-3,3,1,0.210317
4,0,-3,3,2,0.166043
4,0,-3,5,0,0.303396
4,0,-3,5,1,0.235423
4,0,-3,5,2,0.170353
4,0,-3,6,0,0.305861
4,0,-3,6,1,0.246926
4,0,-3,6,2,0.176255
4,0,-3,7,0,0.358549
4,0,-3,7,1,0.276227
4,0,-3,7,2,0.20034
4,0,-2,0,0,0.248829
4,0,-2,0,1,0.223723
4,0,-2,0,2,0.206505
4,0,-2,1,0,0.293327
4,0,-2,1,1,0.252577
4,0,-2,1,2,0.220518
4,0,-2,2,0,0.320921
4,0,-2,2,1,0.268786
4,0,-2,2,2,0.229193
4,0,-2,4,0,0.348102
4,0,-2,4,1,0.297307
4,0,-2,4,2,0.2322
4,0,-2,3,0,0.363298
4,0,-2,3,1,0.298155
4,0,-2,3,2,0.245831
4,0,-2,5,0,0.407507
4,0,-2,5,1,0.330268
4,0,-2,5,2,0.250995
4,0,-2,6,0,0.412611
4,0,-2,6,1,0.345858
4,0,-2,6,2,0.258585
4,0,-2,7,0,0.461928
4,0,-2,7,1,0.372898
4,0,-2,7,2,0.285293
4,0,-1,0,0,0.352323
4,0,-1,0,1,0.324689
4,0,-1,0,2,0.305163
4,0,-1,1,0,0.399838
4,0,-1,1,1,0.356287
4,0,-1,1,2,0.320789
4,0,-1,2,0,0.432477
4,0,-1,2,1,0.376048
4,0,-1,2,2,0.331807
4,0,-1,4,0,0.466132
4,0,-1,4,1,0.411032
4,0,-1,4,2,0.335659
4,0,-1,3,0,0.472037
4,0,-1,3,1,0.40439
4,0,-1,3,2,0.348421
4,0,-1,5,0,0.52241
4,0,-1,5,1,0.442556
4,0,-1,5,2,0.354282
4,0,-1,6,0,0.528418
4,0,-1,6,1,0.460367
4,0,-1,6,2,0.362185
4,0,-1,7,0,0.570668
4,0,-1,7,1,0.48239
4,0,-1,7,2,0.389432
4,0,0,0,0,0.474975
4,0,0,0,1,0.44835
4,0,0,0,2,0.429147
4,0,0,1,0,0.519558
4,0,0,1,1,0.47846
4,0,0,1,2,0.444206
4,0,0,2,0,0.552899
4,0,0,2,1,0.499096
4,0,0,2,2,0.456015
4,0,0,4,0,0.588164
4,0,0,4,1,0.535791
4,0,0,4,2,0.460205
4,0,0,3,0,0.586002
4,0,0,3,1,0.523439
4,0,0,3,2,0.470701
4,0,0,5,0,0.636039
4,0,0,5,1,0.562578
4,0,0,5,2,0.476556
4,0,0,6,0,0.641144
4,0,0,6,1,0.579463
4,0,0,6,2,0.48334
4,0,0,7,0,0.674891
4,0,0,7,1,0.596099
4,0,0,7,2,0.50838
4,0,1,0,0,0.600137
4,0,1,0,1,0.57748
4,0,1,0,2,0.560951
4,0,1,1,0,0.637509
4,0,1,1,1,0.602955
4,0,1,1,2,0.573777
4,0,1,2,0,0.666773
4,0,1,2,1,0.621267
4,0,1,2,2,0.58439
4,0,1,4,0,0.698126
4,0,1,4,1,0.653901
4,0,1,4,2,0.588179
4,0,1,3,0,0.692529
4,0,1,3,1,0.640556
4,0,1,3,2,0.596251
4,0,1,5,0,0.735807
4,0,1,5,1,0.674975
4,0,1,5,2,0.60133
4,0,1,6,0,0.739882
4,0,1,6,1,0.689267
4,0,1,6,2,0.60674
4,0,1,7,0,0.765188
4,0,1,7,1,0.701152
4,0,1,7,2,0.62744
4,0,2,0,0,0.709952
4,0,2,0,1,0.692093
4,0,2,0,2,0.678955
4,0,2,1,0,0.739068
4,0,2,1,1,0.712073
4,0,2,1,2,0.689063
4,0,2,2,0,0.762675
4,0,2,2,1,0.72696
4,0,2,2,2,0.697767
4,0,2,4,0,0.788184
4,0,2,4,1,0.753535
4,0,2,4,2,0.70089
4,0,2,3,0,0.781563
4,0,2,3,1,0.741319
4,0,2,3,2,0.706735
4,0,2,5,0,0.8161
4,0,2,5,1,0.769122
4,0,2,5,2,0.7108
4,0,2,6,0,0.819098
4,0,2,6,1,0.780303
4,0,2,6,2,0.714824
4,0,2,7,0,0.837154
4,0,2,7,1,0.788392
4,0,2,7,2,0.7308
4,0,3,0,0,0.798494
4,0,3,0,1,0.785267
4,0,3,0,2,0.775477
4,0,3,1,0,0.819862
4,0,3,1,1,0.800004
4,0,3,1,2,0.782959
4,0,3,2,0,0.837656
4,0,3,2,1,0.81129
4,0,3,2,2,0.789599
4,0,3,4,0,0.856998
4,0,3,4,1,0.83146
4,0,3,4,2,0.791991
4,0,3,3,0,0.850845
4,0,3,3,1,0.821441
4,0,3,3,2,0.796022
4,0,3,5,0,0.876668
4,0,3,5,1,0.84242
4,0,3,5,2,0.799069
4,0,3,6,0,0.878749
4,0,3,6,1,0.850642
4,0,3,6,2,0.801904
4,0,3,7,0,0.891092
4,0,3,7,1,0.855926
4,0,3,7,2,0.813549
4,0,4,0,0,0.865203
4,0,4,0,1,0.855893
4,0,4,0,2,0.848968
4,0,4,1,0,0.880131
4,0,4,1,1,0.866228
4,0,4,1,2,0.85423
4,0,4,2,0,0.892834
4,0,4,2,1,0.874322
4,0,4,2,2,0.859015
4,0,4,4,0,0.906703
4,0,4,4,1,0.888798
4,0,4,4,2,0.860744
4,0,4,3,0,0.901669
4,0,4,3,1,0.881193
4,0,4,3,2,0.86341
4,0,4,5,0,0.919985
4,0,4,5,1,0.896182
4,0,4,5,2,0.865577
4,0,4,6,0,0.921359
4,0,4,6,1,0.901926
4,0,4,6,2,0.867485
4,0,4,7,0,0.929492
4,0,4,7,1,0.905262
4,0,4,7,2,0.875581
4,0,5,0,0,0.912804
4,0,5,0,1,0.906528
4,0,5,0,2,0.901841
4,0,5,1,0,0.922806
4,0,5,1,1,0.913474
4,0,5,1,2,0.905386
4,0,5,2,0,0.931467
4,0,5,2,1,0.919012
4,0,5,2,2,0.908673
4,0,5,4,0,0.940956
4,0,5,4,1,0.928925
4,0,5,4,2,0.909863
4,0,5,3,0,0.937179
4,0,5,3,1,0.923495
4,0,5,3,2,0.911567
4,0,5,5,0,0.949605
4,0,5,5,1,0.933722
4,0,5,5,2,0.91304
4,0,5,6,0,0.950477
4,0,5,6,1,0.937568
4,0,5,6,2,0.914276
4,0,5,7,0,0.955666
4,0,5,7,1,0.939612
4,0,5,7,2,0.91968
4,0,6,0,0,0.945248
4,0,6,0,1,0.941169
4,0,6,0,2,0.938113
4,0,6,1,0,0.951715
4,0,6,1,1,0.945672
4,0,6,1,2,0.940415
4,0,6,2,0,0.957398
4,0,6,2,1,0.949315
4,0,6,2,2,0.942584
4,0,6,4,0,0.96364
4,0,6,4,1,0.955842
4,0,6,4,2,0.943371
4,0,6,3,0,0.960979
4,0,6,3,1,0.952148
4,0,6,3,2,0.944428
4,0,6,5,0,0.969097
4,0,6,5,1,0.958862
4,0,6,5,2,0.945392
4,0,6,6,0,0.969633
4,0,6,6,1,0.961346
4,0,6,6,2,0.946168
4,0,6,7,0,0.972851
4,0,6,7,1,0.962566
4,0,6,7,2,0.949652
4,0,7,0,0,0.966526
4,0,7,0,1,0.963957
4,0,7,0,2,0.962028
4,0,7,1,0,0.970581
4,0,7,1,1,0.966787
4,0,7,1,2,0.963476
4,0,7,2,0,0.974189
4,0,7,2,1,0.969106
4,0,7,2,2,0.96486
4,0,7,4,0,0.978161
4,0,7,4,1,0.973261
4,0,7,4,2,0.965364
4,0,7,3,0,0.976374
4,0,7,3,1,0.970847
4,0,7,3,2,0.966002
4,0,7,5,0,0.981509
4,0,7,5,1,0.97511
4,0,7,5,2,0.966612
4,0,7,6,0,0.981831
4,0,7,6,1,0.976667
4,0,7,6,2,0.967086
4,0,7,7,0,0.983774
4,0,7,7,1,0.977377
4,0,7,7,2,0.969265
4,0,8,0,0,0.980031
4,0,8,0,1,0.978457
4,0,8,0,2,0.977272
4,0,8,1,0,0.982505
4,0,8,1,1,0.980187
4,0,8,1,2,0.978159
4,0,8,2,0,0.984731
4,0,8,2,1,0.981621
4,0,8,2,2,0.979017
4,0,8,4,0,0.987186
4,0,8,4,1,0.984191
4,0,8,4,2,0.979329
4,0,8,3,0,0.98603
4,0,8,3,1,0.982663
4,0,8,3,2,0.979704
4,0,8,5,0,0.989189
4,0,8,5,1,0.985295
4,0,8,5,2,0.980081
4,0,8,6,0,0.989376
4,0,8,6,1,0.986244
4,0,8,6,2,0.980362
4,0,8,7,0,0.990521
4,0,8,7,1,0.986646
4,0,8,7,2,0.981689
4,0,9,0,0,0.988361
4,0,9,0,1,0.987421
4,0,9,0,2,0.986712
4,0,9,1,0,0.989832
4,0,9,1,1,0.988452
4,0,9,1,2,0.987241
4,0,9,2,0,0.99117
4,0,9,2,1,0.989316
4,0,9,2,2,0.987759
4,0,9,4,0,0.992649
4,0,9,4,1,0.990865
4,0,9,4,2,0.987948
4,0,9,3,0,0.991924
4,0,9,3,1,0.989924
4,0,9,3,2,0.988163
4,0,9,5,0,0.993817
4,0,9,5,1,0.991507
4,0,9,5,2,0.988389
4,0,9,6,0,0.993923
4,0,9,6,1,0.99207
4,0,9,6,2,0.988552
4,0,9,7,0,0.994583
4,0,9,7,1,0.992293
4,0,9,7,2,0.98934
4,0,10,0,0,0.993367
4,0,10,0,1,0.99282
4,0,10,0,2,0.992406
4,0,10,1,0,0.994221
4,0,10,1,1,0.993419
4,0,10,1,2,0.992714
4,0,10,2,0,0.995004
4,0,10,2,1,0.993925
4,0,10,2,2,0.993018
4,0,10,4,0,0.995872
4,0,10,4,1,0.994835
4,0,10,4,2,0.99313
4,0,10,3,0,0.995432
4,0,10,3,1,0.994273
4,0,10,3,2,0.99325
4,0,10,5,0,0.996538
4,0,10,5,1,0.9952
4,0,10,5,2,0.993383
4,0,10,6,0,0.996596
4,0,10,6,1,0.995526
4,0,10,6,2,0.993475
4,0,10,7,0,0.996968
4,0,10,7,1,0.995647
4,0,10,7,2,0.993931
4,1,-10,0,0,0.007882
4,1,-10,0,1,0.005927
4,1,-10,0,2,0.004755
4,1,-10,1,0,0.01158
4,1,-10,1,1,0.007974
4,1,-10,1,2,0.005629
4,1,-10,2,0,0.012808
4,1,-10,2,1,0.008758
4,1,-10,2,2,0.006006
4,1,-10,4,0,0.014012
4,1,-10,4,1,0.009427
4,1,-10,4,2,0.006068
4,1,-10,3,0,0.018763
4,1,-10,3,1,0.011973
4,1,-10,3,2,0.007419
4,1,-10,5,0,0.019298
4,1,-10,5,1,0.012975
4,1,-10,5,2,0.007371
4,1,-10,6,0,0.021982
4,1,-10,6,1,0.014778
4,1,-10,6,2,0.007809
4,1,-10,7,0,0.028553
4,1,-10,7,1,0.018878
4,1,-10,7,2,0.010228
4,1,-9,0,0,0.01378
4,1,-9,0,1,0.010618
4,1,-9,0,2,0.008671
4,1,-9,1,0,0.019713
4,1,-9,1,1,0.013992
4,1,-9,1,2,0.010134
4,1,-9,2,0,0.021791
4,1,-9,2,1,0.015314
4,1,-9,2,2,0.010795
4,1,-9,4,0,0.023612
4,1,-9,4,1,0.016531
4,1,-9,4,2,0.010901
4,1,-9,3,0,0.031058
4,1,-9,3,1,0.020486
4,1,-9,3,2,0.013098
4,1,-9,5,0,0.032102
4,1,-9,5,1,0.022141
4,1,-9,5,2,0.013055
4,1,-9,6,0,0.03635
4,1,-9,6,1,0.025186
4,1,-9,6,2,0.0138
4,1,-9,7,0,0.046296
4,1,-9,7,1,0.031524
4,1,-9,7,2,0.017686
4,1,-8,0,0,0.023548
4,1,-8,0,1,0.018584
4,1,-8,0,2,0.015442
4,1,-8,1,0,0.032773
4,1,-8,1,1,0.023982
4,1,-8,1,2,0.017823
4,1,-8,2,0,0.036198
4,1,-8,2,1,0.02615
4,1,-8,2,2,0.01895
4,1,-8,4,0,0.038914
4,1,-8,4,1,0.02831
4,1,-8,4,2,0.019129
4,1,-8,3,0,0.050102
4,1,-8,3,1,0.034198
4,1,-8,3,2,0.022586
4,1,-8,5,0,0.052091
4,1,-8,5,1,0.03687
4,1,-8,5,2,0.022581
4,1,-8,6,0,0.058572
4,1,-8,6,1,0.041858
4,1,-8,6,2,0.023815
4,1,-8,7,0,0.073012
4,1,-8,7,1,0.051264
4,1,-8,7,2,0.02985
4,1,-7,0,0,0.039303
4,1,-7,0,1,0.031764
4,1,-7,0,2,0.026855
4,1,-7,1,0,0.053161
4,1,-7,1,1,0.040109
4,1,-7,1,2,0.030606
4,1,-7,2,0,0.058632
4,1,-7,2,1,0.043569
4,1,-7,2,2,0.032475
4,1,-7,4,0,0.062716
4,1,-7,4,1,0.047291
4,1,-7,4,2,0.03277
4,1,-7,3,0,0.07864
4,1,-7,3,1,0.055603
4,1,-7,3,2,0.038
4,1,-7,5,0,0.0824
4,1,-7,5,1,0.059826
4,1,-7,5,2,0.038108
4,1,-7,6,0,0.091833
4,1,-7,6,1,0.06771
4,1,-7,6,2,0.040088
4,1,-7,7,0,0.111856
4,1,-7,7,1,0.080999
4,1,-7,7,2,0.049089
4,1,-6,0,0,0.063985
4,1,-6,0,1,0.052952
4,1,-6,0,2,0.045574
4,1,-6,1,0,0.084008
4,1,-6,1,1,0.065348
4,1,-6,1,2,0.051263
4,1,-6,2,0,0.09243
4,1,-6,2,1,0.070696
4,1,-6,2,2,0.054259
4,1,-6,4,0,0.0985
4,1,-6,4,1,0.076887
4,1,-6,4,2,0.054731
4,1,-6,3,0,0.119951
4,1,-6,3,1,0.087862
4,1,-6,3,2,0.062286
4,1,-6,5,0,0.126683
4,1,-6,5,1,0.09441
4,1,-6,5,2,0.062642
4,1,-6,6,0,0.139743
4,1,-6,6,1,0.106345
4,1,-6,6,2,0.065701
4,1,-6,7,0,0.166116
4,1,-6,7,1,0.124062
4,1,-6,7,2,0.078504
4,1,-5,0,0,0.101362
4,1,-5,0,1,0.085902
4,1,-5,0,2,0.075304
4,1,-5,1,0,0.129004
4,1,-5,1,1,0.103473
4,1,-5,1,2,0.083553
4,1,-5,2,0,0.141469
4,1,-5,2,1,0.111426
4,1,-5,2,2,0.088162
4,1,-5,4,0,0.150241
4,1,-5,4,1,0.121336
4,1,-5,4,2,0.088896
4,1,-5,3,0,0.177351
4,1,-5,3,1,0.134594
4,1,-5,3,2,0.099227
4,1,-5,5,0,0.188542
4,1,-5,5,1,0.144524
4,1,-5,5,2,0.100042
4,1,-5,6,0,0.205762
4,1,-5,6,1,0.161626
4,1,-5,6,2,0.104555
4,1,-5,7,0,0.238282
4,1,-5,7,1,0.183649
4,1,-5,7,2,0.121806
4,1,-4,0,0,0.155739
4,1,-4,0,1,0.135192
4,1,-4,0,2,0.120759
4,1,-4,1,0,0.19183
4,1,-4,1,1,0.158761
4,1,-4,1,2,0.132092
4,1,-4,2,0,0.209447
4,1,-4,2,1,0.170007
4,1,-4,2,2,0.138837
4,1,-4,4,0,0.221885
4,1,-4,4,1,0.185164
4,1,-4,4,2,0.139936
4,1,-4,3,0,0.253115
4,1,-4,3,1,0.199284
4,1,-4,3,2,0.153135
4,1,-4,5,0,0.270478
4,1,-4,5,1,0.213784
4,1,-4,5,2,0.154685
4,1,-4,6,0,0.291988
4,1,-4,6,1,0.236787
4,1,-4,6,2,0.161032
4,1,-4,7,0,0.328826
4,1,-4,7,1,0.261829
4,1,-4,7,2,0.182774
4,1,-3,0,0,0.23113
4,1,-3,0,1,0.205542
4,1,-3,0,2,0.18711
4,1,-3,1,0,0.275089
4,1,-3,1,1,0.235067
4,1,-3,1,2,0.201669
4,1,-3,2,0,0.298704
4,1,-3,2,1,0.250106
4,1,-3,2,2,0.210988
4,1,-3,4,0,0.315882
4,1,-3,4,1,0.272007
4,1,-3,4,2,0.212602
4,1,-3,3,0,0.347208
4,1,-3,3,1,0.284002
4,1,-3,3,2,0.227917
4,1,-3,5,0,0.372324
4,1,-3,5,1,0.304256
4,1,-3,5,2,0.230576
4,1,-3,6,0,0.397258
4,1,-3,6,1,0.332884
4,1,-3,6,2,0.238918
4,1,-3,7,0,0.434487
4,1,-3,7,1,0.357891
4,1,-3,7,2,0.263684
4,1,-2,0,0,0.32983
4,1,-2,0,1,0.300484
4,1,-2,0,2,0.278788
4,1,-2,1,0,0.378886
4,1,-2,1,1,0.334348
4,1,-2,1,2,0.295931
4,1,-2,2,0,0.408315
4,1,-2,2,1,0.353151
4,1,-2,2,2,0.307901
4,1,-2,4,0,0.430525
4,1,-2,4,1,0.382355
4,1,-2,4,2,0.310173
4,1,-2,3,0,0.456173
4,1,-2,3,1,0.387871
4,1,-2,3,2,0.325545
4,1,-2,5,0,0.48912
4,1,-2,5,1,0.41457
4,1,-2,5,2,0.329724
4,1,-2,6,0,0.515812
4,1,-2,6,1,0.446897
4,1,-2,6,2,0.339742
4,1,-2,7,0,0.548428
4,1,-2,7,1,0.468074
4,1,-2,7,2,0.364741
4,1,-1,0,0,0.449971
4,1,-1,0,1,0.419763
4,1,-1,0,2,0.39687
4,1,-1,1,0,0.49865
4,1,-1,1,1,0.454112
4,1,-1,1,2,0.414633
4,1,-1,2,0,0.53198
4,1,-1,2,1,0.475745
4,1,-1,2,2,0.428744
4,1,-1,4,0,0.558752
4,1,-1,4,1,0.510956
4,1,-1,4,2,0.431691
4,1,-1,3,0,0.57295
4,1,-1,3,1,0.506324
4,1,-1,3,2,0.444416
4,1,-1,5,0,0.611381
4,1,-1,5,1,0.538707
4,1,-1,5,2,0.450105
4,1,-1,6,0,0.635535
4,1,-1,6,1,0.569597
4,1,-1,6,2,0.459567
4,1,-1,7,0,0.661109
4,1,-1,7,1,0.585384
4,1,-1,7,2,0.482662
4,1,0,0,0,0.583336
4,1,0,0,1,0.556799
4,1,0,0,2,0.536364
4,1,0,1,0,0.62487
4,1,0,1,1,0.586479
4,1,0,1,2,0.551897
4,1,0,2,0,0.656186
4,1,0,2,1,0.607073
4,1,0,2,2,0.565527
4,1,0,4,0,0.682582
4,1,0,4,1,0.6414
4,1,0,4,2,0.568533
4,1,0,3,0,0.687302
4,1,0,3,1,0.630759
4,1,0,3,2,0.577714
4,1,0,5,0,0.723926
4,1,0,5,1,0.662525
4,1,0,5,2,0.583569
4,1,0,6,0,0.74236
4,1,0,6,1,0.687458
4,1,0,6,2,0.590756
4,1,0,7,0,0.761081
4,1,0,7,1,0.698483
4,1,0,7,2,0.609948
4,1,1,0,0,0.707143
4,1,1,0,1,0.686884
4,1,1,0,2,0.671166
4,1,1,1,0,0.738438
4,1,1,1,1,0.709396
4,1,1,1,2,0.683022
4,1,1,2,0,0.763034
4,1,1,2,1,0.725647
4,1,1,2,2,0.693839
4,1,1,4,0,0.784124
4,1,1,4,1,0.753009
4,1,1,4,2,0.696274
4,1,1,3,0,0.785047
4,1,1,3,1,0.742614
4,1,1,3,2,0.702594
4,1,1,5,0,0.813995
4,1,1,5,1,0.767984
4,1,1,5,2,0.707365
4,1,1,6,0,0.827208
4,1,1,6,1,0.786357
4,1,1,6,2,0.712549
4,1,1,7,0,0.840013
4,1,1,7,1,0.793648
4,1,1,7,2,0.726733
4,1,2,0,0,0.803888
4,1,2,0,1,0.789453
4,1,2,0,2,0.778191
4,1,2,1,0,0.82595
4,1,2,1,1,0.805401
4,1,2,1,2,0.786627
4,1,2,2,0,0.843869
4,1,2,2,1,0.817287
4,1,2,2,2,0.794573
4,1,2,4,0,0.859446
4,1,2,4,1,0.83744
4,1,2,4,2,0.796389
4,1,2,3,0,0.858595
4,1,2,3,1,0.82875
4,1,2,3,2,0.800498
4,1,2,5,0,0.879774
4,1,2,5,1,0.84747
4,1,2,5,2,0.804066
4,1,2,6,0,0.888671
4,1,2,6,1,0.860148
4,1,2,6,2,0.807557
4,1,2,7,0,0.897041
4,1,2,7,1,0.864771
4,1,2,7,2,0.817434
4,1,3,0,0,0.874107
4,1,3,0,1,0.864412
4,1,3,0,2,0.856817
4,1,3,1,0,0.888808
4,1,3,1,1,0.875075
4,1,3,1,2,0.862476
4,1,3,2,0,0.901033
4,1,3,2,1,0.883208
4,1,3,2,2,0.867929
4,1,3,4,0,0.911765
4,1,3,4,1,0.897062
4,1,3,4,2,0.869187
4,1,3,3,0,0.910465
4,1,3,3,1,0.890605
4,1,3,3,2,0.871758
4,1,3,5,0,0.924956
4,1,3,5,1,0.903491
4,1,3,5,2,0.874235
4,1,3,6,0,0.930674
4,1,3,6,1,0.911799
4,1,3,6,2,0.876475
4,1,3,7,0,0.935945
4,1,3,7,1,0.914638
4,1,3,7,2,0.883004
4,1,4,0,0,0.92189
4,1,4,0,1,0.915666
4,1,4,0,2,0.910776
4,1,4,1,0,0.931275
4,1,4,1,1,0.922491
4,1,4,1,2,0.914406
4,1,4,2,0,0.939214
4,1,4,2,1,0.927782
4,1,4,2,2,0.917961
4,1,4,4,0,0.94623
4,1,4,4,1,0.936826
4,1,4,4,2,0.918788
4,1,4,3,0,0.945054
4,1,4,3,1,0.93239
4,1,4,3,2,0.920348
4,1,4,5,0,0.954482
4,1,4,5,1,0.940809
4,1,4,5,2,0.921977
4,1,4,6,0,0.958035
4,1,4,6,1,0.946049
4,1,4,6,2,0.923368
4,1,4,7,0,0.961252
4,1,4,7,1,0.947744
4,1,4,7,2,0.927508
4,1,5,0,0,0.952862
4,1,5,0,1,0.948999
4,1,5,0,2,0.945958
4,1,5,1,0,0.958658
4,1,5,1,1,0.953223
4,1,5,1,2,0.948209
4,1,5,2,0,0.96363
4,1,5,2,1,0.956542
4,1,5,2,2,0.950442
4,1,5,4,0,0.968048
4,1,5,4,1,0.962231
4,1,5,4,2,0.950965
4,1,5,3,0,0.967144
4,1,5,3,1,0.959329
4,1,5,3,2,0.951887
4,1,5,5,0,0.973058
4,1,5,5,1,0.964629
4,1,5,5,2,0.952917
4,1,5,6,0,0.975201
4,1,5,6,1,0.96783
4,1,5,6,2,0.953755
4,1,5,7,0,0.977116
4,1,5,7,1,0.968819
4,1,5,7,2,0.956299
4,1,6,0,0,0.972231
4,1,6,0,1,0.969904
4,1,6,0,2,0.968067
4,1,6,1,0,0.975711
4,1,6,1,1,0.972443
4,1,6,1,2,0.969422
4,1,6,2,0,0.97873
4,1,6,2,1,0.974461
4,1,6,2,2,0.970782
4,1,6,4,0,0.981425
4,1,6,4,1,0.977927
4,1,6,4,2,0.971102
4,1,6,3,0,0.980795
4,1,6,3,1,0.976105
4,1,6,3,2,0.971635
4,1,6,5,0,0.98439
4,1,6,5,1,0.979337
4,1,6,5,2,0.972266
4,1,6,6,0,0.98565
4,1,6,6,1,0.98124
4,1,6,6,2,0.972757
4,1,6,7,0,0.986767
4,1,6,7,1,0.981808
4,1,6,7,2,0.97428
4,1,7,0,0,0.983978
4,1,7,0,1,0.982609
4,1,7,0,2,0.981528
4,1,7,1,0,0.986019
4,1,7,1,1,0.984101
4,1,7,1,2,0.982325
4,1,7,2,0,0.987804
4,1,7,2,1,0.985295
4,1,7,2,2,0.98313
4,1,7,4,0,0.989403
4,1,7,4,1,0.987349
4,1,7,4,2,0.98332
4,1,7,3,0,0.988996
4,1,7,3,1,0.986247
4,1,7,3,2,0.983625
4,1,7,5,0,0.991124
4,1,7,5,1,0.988163
4,1,7,5,2,0.983999
4,1,7,6,0,0.991851
4,1,7,6,1,0.989272
4,1,7,6,2,0.984283
4,1,7,7,0,0.992491
4,1,7,7,1,0.989593
4,1,7,7,2,0.985173
4,1,8,0,0,0.990918
4,1,8,0,1,0.990128
4,1,8,0,2,0.989502
4,1,8,1,0,0.992094
4,1,8,1,1,0.990988
4,1,8,1,2,0.989962
4,1,8,2,0,0.99313
4,1,8,2,1,0.991682
4,1,8,2,2,0.990431
4,1,8,4,0,0.99406
4,1,8,4,1,0.992876
4,1,8,4,2,0.990541
4,1,8,3,0,0.993806
4,1,8,3,1,0.992224
4,1,8,3,2,0.990712
4,1,8,5,0,0.995042
4,1,8,5,1,0.993338
4,1,8,5,2,0.990931
4,1,8,6,0,0.995456
4,1,8,6,1,0.993974
4,1,8,6,2,0.991093
4,1,8,7,0,0.995814
4,1,8,7,1,0.994151
4,1,8,7,2,0.991603
4,1,9,0,0,0.994942
4,1,9,0,1,0.994493
4,1,9,0,2,0.994136
4,1,9,1,0,0.995608
4,1,9,1,1,0.994981
4,1,9,1,2,0.994398
4,1,9,2,0,0.996201
4,1,9,2,1,0.995378
4,1,9,2,2,0.994666
4,1,9,4,0,0.996735
4,1,9,4,1,0.996063
4,1,9,4,2,0.99473
4,1,9,3,0,0.996576
4,1,9,3,1,0.99568
4,1,9,3,2,0.994824
4,1,9,5,0,0.997284
4,1,9,5,1,0.99632
4,1,9,5,2,0.994949
4,1,9,6,0,0.997515
4,1,9,6,1,0.996678
4,1,9,6,2,0.99504
4,1,9,7,0,0.997711
4,1,9,7,1,0.996773
4,1,9,7,2,0.995328
4,1,10,0,0,0.997242
4,1,10,0,1,0.996992
4,1,10,0,2,0.996794
4,1,10,1,0,0.997611
4,1,10,1,1,0.997263
4,1,10,1,2,0.996939
4,1,10,2,0,0.997943
4,1,10,2,1,0.997486
4,1,10,2,2,0.99709
4,1,10,4,0,0.998243
4,1,10,4,1,0.997871
4,1,10,4,2,0.997126
4,1,10,3,0,0.998146
4,1,10,3,1,0.99765
4,1,10,3,2,0.997175
4,1,10,5,0,0.998543
4,1,10,5,1,0.99801
4,1,10,5,2,0.997246
4,1,10,6,0,0.998668
4,1,10,6,1,0.998206
4,1,10,6,2,0.997295
4,1,10,7,0,0.998773
4,1,10,7,1,0.998256
4,1,10,7,2,0.997454
5,0,-10,0,0,0.003344
5,0,-10,0,1,0.00233
5,0,-10,0,2,0.001836
5,0,-10,1,0,0.005292
5,0,-10,1,1,0.003261
5,0,-10,1,2,0.002212
5,0,-10,2,0,0.005887
5,0,-10,2,1,0.003574
5,0,-10,2,2,0.002341
5,0,-10,4,0,0.005785
5,0,-10,4,1,0.004331
5,0,-10,4,2,0.002409
5,0,-10,3,0,0.009389
5,0,-10,3,1,0.005222
5,0,-10,3,2,0.003078
5,0,-10,5,0,0.010604
5,0,-10,5,1,0.005968
5,0,-10,5,2,0.003297
5,0,-10,6,0,0.009677
5,0,-10,6,1,0.00609
5,0,-10,6,2,0.003333
5,0,-10,7,0,0.017437
5,0,-10,7,1,0.00874
5,0,-10,7,2,0.004763
5,0,-9,0,0,0.006109
5,0,-9,0,1,0.004385
5,0,-9,0,2,0.003514
5,0,-9,1,0,0.009416
5,0,-9,1,1,0.006012
5,0,-9,1,2,0.004185
5,0,-9,2,0,0.010566
5,0,-9,2,1,0.006593
5,0,-9,2,2,0.004421
5,0,-9,4,0,0.010536
5,0,-9,4,1,0.007911
5,0,-9,4,2,0.004541
5,0,-9,3,0,0.016273
5,0,-9,3,1,0.009385
5,0,-9,3,2,0.005687
5,0,-9,5,0,0.018466
5,0,-9,5,1,0.010752
5,0,-9,5,2,0.006077
5,0,-9,6,0,0.017022
5,0,-9,6,1,0.011021
5,0,-9,6,2,0.006179
5,0,-9,7,0,0.029554
5,0,-9,7,1,0.015516
5,0,-9,7,2,0.008628
5,0,-8,0,0,0.010928
5,0,-8,0,1,0.008066
5,0,-8,0,2,0.006558
5,0,-8,1,0,0.016398
5,0,-8,1,1,0.010854
5,0,-8,1,2,0.007734
5,0,-8,2,0,0.018562
5,0,-8,2,1,0.011917
5,0,-8,2,2,0.008167
5,0,-8,4,0,0.01883
5,0,-8,4,1,0.014174
5,0,-8,4,2,0.008374
5,0,-8,3,0,0.027524
5,0,-8,3,1,0.016511
5,0,-8,3,2,0.010282
5,0,-8,5,0,0.031364
5,0,-8,5,1,0.018971
5,0,-8,5,2,0.010955
5,0,-8,6,0,0.029305
5,0,-8,6,1,0.019557
5,0,-8,6,2,0.011216
5,0,-8,7,0,0.048628
5,0,-8,7,1,0.026927
5,0,-8,7,2,0.015289
5,0,-7,0,0,0.019214
5,0,-7,0,1,0.014587
5,0,-7,0,2,0.012038
5,0,-7,1,0,0.028022
5,0,-7,1,1,0.019247
5,0,-7,1,2,0.01405
5,0,-7,2,0,0.031898
5,0,-7,2,1,0.021137
5,0,-7,2,2,0.014833
5,0,-7,4,0,0.032965
5,0,-7,4,1,0.024905
5,0,-7,4,2,0.015185
5,0,-7,3,0,0.045449
5,0,-7,3,1,0.028466
5,0,-7,3,2,0.018274
5,0,-7,5,0,0.052002
5,0,-7,5,1,0.032749
5,0,-7,5,2,0.019388
5,0,-7,6,0,0.049343
5,0,-7,6,1,0.033957
5,0,-7,6,2,0.019975
5,0,-7,7,0,0.077483
5,0,-7,7,1,0.045558
5,0,-7,7,2,0.026517
5,0,-6,0,0,0.03319
5,0,-6,0,1,0.025937
5,0,-6,0,2,0.021756
5,0,-6,1,0,0.046929
5,0,-6,1,1,0.033496
5,0,-6,1,2,0.025092
5,0,-6,2,0,0.053443
5,0,-6,2,1,0.036723
5,0,-6,2,2,0.026473
5,0,-6,4,0,0.056337
5,0,-6,4,1,0.042792
5,0,-6,4,2,0.027053
5,0,-6,3,0,0.073175
5,0,-6,3,1,0.047993
5,0,-6,3,2,0.031902
5,0,-6,5,0,0.084057
5,0,-6,5,1,0.055146
5,0,-6,5,2,0.033644
5,0,-6,6,0,0.081106
5,0,-6,6,1,0.057493
5,0,-6,6,2,0.034859
5,0,-6,7,0,0.11939
5,0,-6,7,1,0.074832
5,0,-6,7,2,0.044952
5,0,-5,0,0,0.056117
5,0,-5,0,1,0.04516
5,0,-5,0,2,0.038553
5,0,-5,1,0,0.076747
5,0,-5,1,1,0.056974
5,0,-5,1,2,0.043878
5,0,-5,2,0,0.086982
5,0,-5,2,1,0.062255
5,0,-5,2,2,0.046248
5,0,-5,4,0,0.093474
5,0,-5,4,1,0.071725
5,0,-5,4,2,0.047166
5,0,-5,3,0,0.114516
5,0,-5,3,1,0.078775
5,0,-5,3,2,0.054473
5,0,-5,5,0,0.131893
5,0,-5,5,1,0.090261
5,0,-5,5,2,0.057016
5,0,-5,6,0,0.129509
5,0,-5,6,1,0.094561
5,0,-5,6,2,0.059343
5,0,-5,7,0,0.177597
5,0,-5,7,1,0.118646
5,0,-5,7,2,0.074173
5,0,-4,0,0,0.092546
5,0,-4,0,1,0.076719
5,0,-4,0,2,0.066755
5,0,-4,1,0,0.122029
5,0,-4,1,1,0.094316
5,0,-4,1,2,0.074859
5,0,-4,2,0,0.137349
5,0,-4,2,1,0.102613
5,0,-4,2,2,0.078789
5,0,-4,4,0,0.149478
5,0,-4,4,1,0.117086
5,0,-4,4,2,0.08022
5,0,-4,3,0,0.173466
5,0,-4,3,1,0.125372
5,0,-4,3,2,0.090603
5,0,-4,5,0,0.199691
5,0,-4,5,1,0.143013
5,0,-4,5,2,0.094041
5,0,-4,6,0,0.199199
5,0,-4,6,1,0.150314
5,0,-4,6,2,0.098062
5,0,-4,7,0,0.254438
5,0,-4,7,1,0.1806
5,0,-4,7,2,0.118611
5,0,-3,0,0,0.148315
5,0,-3,0,1,0.126757
5,0,-3,0,2,0.112599
5,0,-3,1,0,0.187799
5,0,-3,1,1,0.151345
5,0,-3,1,2,0.124197
5,0,-3,2,0,0.209624
5,0,-3,2,1,0.163656
5,0,-3,2,2,0.130364
5,0,-3,4,0,0.229393
5,0,-3,4,1,0.185072
5,0,-3,4,2,0.132527
5,0,-3,3,0,0.25331
5,0,-3,3,1,0.192674
5,0,-3,3,2,0.146135
5,0,-3,5,0,0.29003
5,0,-3,5,1,0.218003
5,0,-3,5,2,0.150533
5,0,-3,6,0,0.292604
5,0,-3,6,1,0.22961
5,0,-3,6,2,0.156758
5,0,-3,7,0,0.350017
5,0,-3,7,1,0.262575
5,0,-3,7,2,0.182578
5,0,-2,0,0,0.229367
5,0,-2,0,1,0.202186
5,0,-2,0,2,0.183597
5,0,-2,1,0,0.27795
5,0,-2,1,1,0.233714
5,0,-2,1,2,0.198891
5,0,-2,2,0,0.307158
5,0,-2,2,1,0.250737
5,0,-2,2,2,0.207905
5,0,-2,4,0,0.335979
5,0,-2,4,1,0.280598
5,0,-2,4,2,0.210984
5,0,-2,3,0,0.354159
5,0,-2,3,1,0.283466
5,0,-2,3,2,0.226448
5,0,-2,5,0,0.401533
5,0,-2,5,1,0.317408
5,0,-2,5,2,0.23189
5,0,-2,6,0,0.408068
5,0,-2,6,1,0.33481
5,0,-2,6,2,0.240664
5,0,-2,7,0,0.460875
5,0,-2,7,1,0.364376
5,0,-2,7,2,0.269632
5,0,-1,0,0,0.339275
5,0,-1,0,1,0.308442
5,0,-1,0,2,0.286541
5,0,-1,1,0,0.392158
5,0,-1,1,1,0.343842
5,0,-1,1,2,0.304118
5,0,-1,2,0,0.428744
5,0,-1,2,1,0.366048
5,0,-1,2,2,0.31655
5,0,-1,4,0,0.466836
5,0,-1,4,1,0.405368
5,0,-1,4,2,0.320873
5,0,-1,3,0,0.471664
5,0,-1,3,1,0.397135
5,0,-1,3,2,0.33492
5,0,-1,5,0,0.527964
5,0,-1,5,1,0.439923
5,0,-1,5,2,0.341419
5,0,-1,6,0,0.535469
5,0,-1,6,1,0.460422
5,0,-1,6,2,0.350529
5,0,-1,7,0,0.579151
5,0,-1,7,1,0.48299
5,0,-1,7,2,0.380335
5,0,0,0,0,0.477037
5,0,0,0,1,0.447752
5,0,0,0,2,0.426448
5,0,0,1,0,0.525568
5,0,0,1,1,0.480771
5,0,0,1,2,0.443046
5,0,0,2,0,0.563032
5,0,0,2,1,0.504142
5,0,0,2,2,0.456542
5,0,0,4,0,0.60308
5,0,0,4,1,0.545758
5,0,0,4,2,0.461347
5,0,0,3,0,0.597167
5,0,0,3,1,0.529616
5,0,0,3,2,0.472133
5,0,0,5,0,0.652826
5,0,0,5,1,0.573655
5,0,0,5,2,0.478646
5,0,0,6,0,0.658357
5,0,0,6,1,0.592258
5,0,0,6,2,0.485845
5,0,0,7,0,0.691889
5,0,0,7,1,0.608272
5,0,0,7,2,0.512769
5,0,1,0,0,0.617697
5,0,1,0,1,0.594065
5,0,1,0,2,0.576697
5,0,1,1,0,0.656304
5,0,1,1,1,0.620551
5,0,1,1,2,0.59009
5,0,1,2,0,0.687411
5,0,1,2,1,0.640143
5,0,1,2,2,0.601531
5,0,1,4,0,0.721014
5,0,1,4,1,0.675105
5,0,1,4,2,0.605628
5,0,1,3,0,0.712646
5,0,1,3,1,0.659315
5,0,1,3,2,0.613486
5,0,1,5,0,0.758242
5,0,1,5,1,0.695943
5,0,1,5,2,0.618842
5,0,1,6,0,0.762373
5,0,1,6,1,0.710838
5,0,1,6,2,0.62427
5,0,1,7,0,0.78634
5,0,1,7,1,0.721648
5,0,1,7,2,0.645431
5,0,2,0,0,0.734419
5,0,2,0,1,0.716732
5,0,2,0,2,0.703633
5,0,2,1,0,0.762987
5,0,2,1,1,0.736448
5,0,2,1,2,0.713646
5,0,2,2,0,0.786789
5,0,2,2,1,0.751548
5,0,2,2,2,0.722534
5,0,2,4,0,0.812686
5,0,2,4,1,0.778533
5,0,2,4,2,0.725733
5,0,2,3,0,0.804361
5,0,2,3,1,0.765096
5,0,2,3,2,0.731116
5,0,2,5,0,0.838896
5,0,2,5,1,0.793159
5,0,2,5,2,0.735187
5,0,2,6,0,0.841728
5,0,2,6,1,0.804189
5,0,2,6,2,0.738996
5,0,2,7,0,0.858024
5,0,2,7,1,0.811141
5,0,2,7,2,0.754535
5,0,3,0,0,0.823672
5,0,3,0,1,0.811244
5,0,3,0,2,0.801988
5,0,3,1,0,0.84357
5,0,3,1,1,0.825038
5,0,3,1,2,0.809016
5,0,3,2,0,0.860573
5,0,3,2,1,0.83588
5,0,3,2,2,0.815434
5,0,3,4,0,0.879163
5,0,3,4,1,0.855278
5,0,3,4,2,0.817752
5,0,3,3,0,0.872225
5,0,3,3,1,0.844974
5,0,3,3,2,0.821268
5,0,3,5,0,0.89671
5,0,3,5,1,0.865039
5,0,3,5,2,0.824164
5,0,3,6,0,0.898552
5,0,3,6,1,0.87272
5,0,3,6,2,0.826701
5,0,3,7,0,0.909162
5,0,3,7,1,0.877015
5,0,3,7,2,0.837465
5,0,4,0,0,0.887391
5,0,4,0,1,0.879089
5,0,4,0,2,0.872879
5,0,4,1,0,0.900588
5,0,4,1,1,0.888269
5,0,4,1,2,0.877568
5,0,4,2,0,0.912098
5,0,4,2,1,0.895639
5,0,4,2,2,0.881949
5,0,4,4,0,0.924729
5,0,4,4,1,0.908835
5,0,4,4,2,0.883537
5,0,4,3,0,0.91951
5,0,4,3,1,0.901484
5,0,4,3,2,0.88574
5,0,4,5,0,0.935987
5,0,4,5,1,0.915077
5,0,4,5,2,0.887694
5,0,4,6,0,0.937126
5,0,4,6,1,0.920162
5,0,4,6,2,0.889308
5,0,4,7,0,0.943785
5,0,4,7,1,0.922728
5,0,4,7,2,0.89642
5,0,5,0,0,0.930502
5,0,5,0,1,0.925191
5,0,5,0,2,0.921203
5,0,5,1,0,0.938897
5,0,5,1,1,0.931046
5,0,5,1,2,0.9242
5,0,5,2,0,0.946339
5,0,5,2,1,0.935826
5,0,5,2,2,0.927051
5,0,5,4,0,0.954529
5,0,5,4,1,0.944391
5,0,5,4,2,0.928087
5,0,5,3,0,0.950894
5,0,5,3,1,0.93945
5,0,5,3,2,0.929422
5,0,5,5,0,0.961498
5,0,5,5,1,0.948244
5,0,5,5,2,0.930683
5,0,5,6,0,0.962178
5,0,5,6,1,0.951472
5,0,5,6,2,0.931673
5,0,5,7,0,0.966227
5,0,5,7,1,0.952964
5,0,5,7,2,0.936186
5,0,6,0,0,0.958365
5,0,6,0,1,0.955085
5,0,6,0,2,0.952616
5,0,6,1,0,0.963523
5,0,6,1,1,0.958691
5,0,6,1,2,0.954465
5,0,6,2,0,0.968157
5,0,6,2,1,0.961675
5,0,6,2,2,0.95625
5,0,6,4,0,0.973268
5,0,6,4,1,0.967025
5,0,6,4,2,0.956899
5,0,6,3,0,0.970875
5,0,6,3,1,0.963854
5,0,6,3,2,0.957686
5,0,6,5,0,0.977453
5,0,6,5,1,0.969332
5,0,6,5,2,0.95847
5,0,6,6,0,0.977848
5,0,6,6,1,0.971312
5,0,6,6,2,0.959059
5,0,6,7,0,0.980241
5,0,6,7,1,0.972158
5,0,6,7,2,0.961826
5,0,7,0,0,0.975708
5,0,7,0,1,0.973744
5,0,7,0,2,0.972261
5,0,7,1,0,0.978785
5,0,7,1,1,0.975899
5,0,7,1,2,0.973368
5,0,7,2,0,0.981581
5,0,7,2,1,0.977703
5,0,7,2,2,0.974449
5,0,7,4,0,0.98467
5,0,7,4,1,0.980939
5,0,7,4,2,0.974843
5,0,7,3,0,0.983161
5,0,7,3,1,0.978978
5,0,7,3,2,0.975296
5,0,7,5,0,0.987117
5,0,7,5,1,0.982285
5,0,7,5,2,0.975768
5,0,7,6,0,0.987341
5,0,7,6,1,0.983464
5,0,7,6,2,0.97611
5,0,7,7,0,0.988719
5,0,7,7,1,0.983932
5,0,7,7,2,0.977757
5,0,8,0,0,0.986168
5,0,8,0,1,0.985022
5,0,8,0,2,0.984155
5,0,8,1,0,0.987957
5,0,8,1,1,0.986277
5,0,8,1,2,0.9848
5,0,8,2,0,0.989599
5,0,8,2,1,0.987339
5,0,8,2,2,0.985438
5,0,8,4,0,0.991416
5,0,8,4,1,0.989243
5,0,8,4,2,0.985671
5,0,8,3,0,0.990494
5,0,8,3,1,0.988066
5,0,8,3,2,0.985924
5,0,8,5,0,0.99281
5,0,8,5,1,0.990009
5,0,8,5,2,0.986201
5,0,8,6,0,0.992935
5,0,8,6,1,0.990694
5,0,8,6,2,0.986395
5,0,8,7,0,0.993709
5,0,8,7,1,0.990945
5,0,8,7,2,0.98735
5,0,9,0,0,0.99231
5,0,9,0,1,0.991658
5,0,9,0,2,0.991164
5,0,9,1,0,0.993323
5,0,9,1,1,0.99237
5,0,9,1,2,0.991531
5,0,9,2,0,0.994264
5,0,9,2,1,0.99298
5,0,9,2,2,0.991897
5,0,9,4,0,0.995307
5,0,9,4,1,0.994074
5,0,9,4,2,0.992032
5,0,9,3,0,0.994758
5,0,9,3,1,0.993384
5,0,9,3,2,0.992169
5,0,9,5,0,0.996081
5,0,9,5,1,0.994497
5,0,9,5,2,0.992328
5,0,9,6,0,0.996147
5,0,9,6,1,0.994884
5,0,9,6,2,0.992434
5,0,9,7,0,0.996571
5,0,9,7,1,0.995015
5,0,9,7,2,0.992975
5,0,10,0,0,0.995827
5,0,10,0,1,0.995467
5,0,10,0,2,0.995192
5,0,10,1,0,0.996386
5,0,10,1,1,0.99586
5,0,10,1,2,0.995395
5,0,10,2,0,0.99691
5,0,10,2,1,0.9962
5,0,10,2,2,0.9956
5,0,10,4,0,0.997491
5,0,10,4,1,0.99681
5,0,10,4,2,0.995675
5,0,10,3,0,0.997176
5,0,10,3,1,0.996419
5,0,10,3,2,0.995748
5,0,10,5,0,0.997911
5,0,10,5,1,0.997039
5,0,10,5,2,0.995836
5,0,10,6,0,0.997945
5,0,10,6,1,0.997252
5,0,10,6,2,0.995894
5,0,10,7,0,0.998172
5,0,10,7,1,0.997319
5,0,10,7,2,0.996191
5,1,-10,0,0,0.004999
5,1,-10,0,1,0.00355
5,1,-10,0,2,0.002721
5,1,-10,1,0,0.007782
5,1,-10,1,1,0.005019
5,1,-10,1,2,0.00333
5,1,-10,2,0,0.008619
5,1,-10,2,1,0.005557
5,1,-10,2,2,0.003568
5,1,-10,4,0,0.009589
5,1,-10,4,1,0.005939
5,1,-10,4,2,0.003609
5,1,-10,3,0,0.013333
5,1,-10,3,1,0.007972
5,1,-10,3,2,0.004604
5,1,-10,5,0,0.01357
5,1,-10,5,1,0.008682
5,1,-10,5,2,0.004539
5,1,-10,6,0,0.015646
5,1,-10,6,1,0.009919
5,1,-10,6,2,0.004834
5,1,-10,7,0,0.021068
5,1,-10,7,1,0.013209
5,1,-10,7,2,0.006656
5,1,-9,0,0,0.009181
5,1,-9,0,1,0.006717
5,1,-9,0,2,0.005264
5,1,-9,1,0,0.013874
5,1,-9,1,1,0.009275
5,1,-9,1,2,0.00634
5,1,-9,2,0,0.015369
5,1,-9,2,1,0.010229
5,1,-9,2,2,0.006783
5,1,-9,4,0,0.016839
5,1,-9,4,1,0.010975
5,1,-9,4,2,0.006857
5,1,-9,3,0,0.023099
5,1,-9,3,1,0.014339
5,1,-9,3,2,0.008572
5,1,-9,5,0,0.023598
5,1,-9,5,1,0.015557
5,1,-9,5,2,0.008487
5,1,-9,6,0,0.027083
5,1,-9,6,1,0.017781
5,1,-9,6,2,0.009017
5,1,-9,7,0,0.035731
5,1,-9,7,1,0.023173
5,1,-9,7,2,0.012115
5,1,-8,0,0,0.016449
5,1,-8,0,1,0.012387
5,1,-8,0,2,0.009907
5,1,-8,1,0,0.024116
5,1,-8,1,1,0.016714
5,1,-8,1,2,0.011762
5,1,-8,2,0,0.026723
5,1,-8,2,1,0.01836
5,1,-8,2,2,0.012565
5,1,-8,4,0,0.0289
5,1,-8,4,1,0.019787
5,1,-8,4,2,0.012693
5,1,-8,3,0,0.038922
5,1,-8,3,1,0.025136
5,1,-8,3,2,0.01556
5,1,-8,5,0,0.03997
5,1,-8,5,1,0.027166
5,1,-8,5,2,0.015467
5,1,-8,6,0,0.045612
5,1,-8,6,1,0.031056
5,1,-8,6,2,0.0164
5,1,-8,7,0,0.058798
5,1,-8,7,1,0.039542
5,1,-8,7,2,0.021499
5,1,-7,0,0,0.028767
5,1,-7,0,1,0.022286
5,1,-7,0,2,0.018185
5,1,-7,1,0,0.040866
5,1,-7,1,1,0.029366
5,1,-7,1,2,0.021283
5,1,-7,2,0,0.04528
5,1,-7,2,1,0.032136
5,1,-7,2,2,0.022706
5,1,-7,4,0,0.048641
5,1,-7,4,1,0.034789
5,1,-7,4,2,0.022928
5,1,-7,3,0,0.063688
5,1,-7,3,1,0.042871
5,1,-7,3,2,0.027535
5,1,-7,5,0,0.066088
5,1,-7,5,1,0.046179
5,1,-7,5,2,0.027486
5,1,-7,6,0,0.07471
5,1,-7,6,1,0.052764
5,1,-7,6,2,0.029082
5,1,-7,7,0,0.093894
5,1,-7,7,1,0.065448
5,1,-7,7,2,0.037134
5,1,-6,0,0,0.049091
5,1,-6,0,1,0.039114
5,1,-6,0,2,0.032589
5,1,-6,1,0,0.067472
5,1,-6,1,1,0.050239
5,1,-6,1,2,0.037577
5,1,-6,2,0,0.074638
5,1,-6,2,1,0.054773
5,1,-6,2,2,0.040017
5,1,-6,4,0,0.079817
5,1,-6,4,1,0.059523
5,1,-6,4,2,0.040389
5,1,-6,3,0,0.101238
5,1,-6,3,1,0.070972
5,1,-6,3,2,0.047459
5,1,-6,5,0,0.106258
5,1,-6,5,1,0.076309
5,1,-6,5,2,0.047572
5,1,-6,6,0,0.118691
5,1,-6,6,1,0.086992
5,1,-6,6,2,0.050198
5,1,-6,7,0,0.145275
5,1,-6,7,1,0.104856
5,1,-6,7,2,0.062306
5,1,-5,0,0,0.081543
5,1,-5,0,1,0.066825
5,1,-5,0,2,0.056913
5,1,-5,1,0,0.108255
5,1,-5,1,1,0.083493
5,1,-5,1,2,0.06459
5,1,-5,2,0,0.119461
5,1,-5,2,1,0.090652
5,1,-5,2,2,0.068607
5,1,-5,4,0,0.127132
5,1,-5,4,1,0.098861
5,1,-5,4,2,0.069213
5,1,-5,3,0,0.155961
5,1,-5,3,1,0.113753
5,1,-5,3,2,0.079501
5,1,-5,5,0,0.165255
5,1,-5,5,1,0.122308
5,1,-5,5,2,0.079988
5,1,-5,6,0,0.182345
5,1,-5,6,1,0.138628
5,1,-5,6,2,0.084108
5,1,-5,7,0,0.216747
5,1,-5,7,1,0.162032
5,1,-5,7,2,0.101388
5,1,-4,0,0,0.131376
5,1,-4,0,1,0.110788
5,1,-4,0,2,0.096523
5,1,-4,1,0,0.168058
5,1,-4,1,1,0.134425
5,1,-4,1,2,0.107729
5,1,-4,2,0,0.18481
5,1,-4,2,1,0.145122
5,1,-4,2,2,0.114008
5,1,-4,4,0,0.196182
5,1,-4,4,1,0.158746
5,1,-4,4,2,0.114949
5,1,-4,3,0,0.231431
5,1,-4,3,1,0.175976
5,1,-4,3,2,0.128975
5,1,-4,5,0,0.247256
5,1,-4,5,1,0.1892
5,1,-4,5,2,0.130127
5,1,-4,6,0,0.26961
5,1,-4,6,1,0.212546
5,1,-4,6,2,0.136364
5,1,-4,7,0,0.3102
5,1,-4,7,1,0.240465
5,1,-4,7,2,0.159464
5,1,-3,0,0,0.204312
5,1,-3,0,1,0.177387
5,1,-3,0,2,0.158155
5,1,-3,1,0,0.251122
5,1,-3,1,1,0.208621
5,1,-3,1,2,0.173434
5,1,-3,2,0,0.275024
5,1,-3,2,1,0.223749
5,1,-3,2,2,0.182709
5,1,-3,4,0,0.291901
5,1,-3,4,1,0.245221
5,1,-3,4,2,0.1842
5,1,-3,3,0,0.32874
5,1,-3,3,1,0.261234
5,1,-3,3,2,0.201446
5,1,-3,5,0,0.35389
5,1,-3,5,1,0.280956
5,1,-3,5,2,0.20377
5,1,-3,6,0,0.380815
5,1,-3,6,1,0.311748
5,1,-3,6,2,0.212659
5,1,-3,7,0,0.422533
5,1,-3,7,1,0.340111
5,1,-3,7,2,0.239883
5,1,-2,0,0,0.305209
5,1,-2,0,1,0.272956
5,1,-2,0,2,0.24916
5,1,-2,1,0,0.359528
5,1,-2,1,1,0.31051
5,1,-2,1,2,0.268176
5,1,-2,2,0,0.391224
5,1,-2,2,1,0.330578
5,1,-2,2,2,0.280902
5,1,-2,4,0,0.414511
5,1,-2,4,1,0.361651
5,1,-2,4,2,0.283238
5,1,-2,3,0,0.444812
5,1,-2,3,1,0.369763
5,1,-2,3,2,0.300927
5,1,-2,5,0,0.480454
5,1,-2,5,1,0.397881
5,1,-2,5,2,0.305253
5,1,-2,6,0,0.510817
5,1,-2,6,1,0.434665
5,1,-2,6,2,0.317049
5,1,-2,7,0,0.546145
5,1,-2,7,1,0.457627
5,1,-2,7,2,0.344378
5,1,-1,0,0,0.434897
5,1,-1,0,1,0.400706
5,1,-1,0,2,0.374645
5,1,-1,1,0,0.489656
5,1,-1,1,1,0.439616
5,1,-1,1,2,0.394894
5,1,-1,2,0,0.527963
5,1,-1,2,1,0.46448
5,1,-1,2,2,0.411179
5,1,-1,4,0,0.558822
5,1,-1,4,1,0.505367
5,1,-1,4,2,0.41462
5,1,-1,3,0,0.572226
5,1,-1,3,1,0.497951
5,1,-1,3,2,0.428426
5,1,-1,5,0,0.616769
5,1,-1,5,1,0.53548
5,1,-1,5,2,0.435172
5,1,-1,6,0,0.643813
5,1,-1,6,1,0.570459
5,1,-1,6,2,0.446132
5,1,-1,7,0,0.669899
5,1,-1,7,1,0.58621
5,1,-1,7,2,0.471269
5,1,0,0,0,0.587564
5,1,0,0,1,0.558398
5,1,0,0,2,0.535745
5,1,0,1,0,0.632526
5,1,0,1,1,0.590775
5,1,0,1,2,0.55281
5,1,0,2,0,0.668086
5,1,0,2,1,0.614286
5,1,0,2,2,0.568475
5,1,0,4,0,0.69866
5,1,0,4,1,0.653932
5,1,0,4,2,0.57201
5,1,0,3,0,0.69941
5,1,0,3,1,0.638494
5,1,0,3,2,0.580976
5,1,0,5,0,0.741315
5,1,0,5,1,0.675254
5,1,0,5,2,0.587904
5,1,0,6,0,0.760107
5,1,0,6,1,0.701547
5,1,0,6,2,0.595283
5,1,0,7,0,0.778228
5,1,0,7,1,0.711813
5,1,0,7,2,0.615629
5,1,1,0,0,0.72733
5,1,1,0,1,0.706776
5,1,1,0,2,0.690723
5,1,1,1,0,0.758703
5,1,1,1,1,0.729484
5,1,1,1,2,0.702749
5,1,1,2,0,0.784285
5,1,1,2,1,0.746453
5,1,1,2,2,0.7141
5,1,1,4,0,0.806537
5,1,1,4,1,0.77527
5,1,1,4,2,0.716698
5,1,1,3,0,0.805021
5,1,1,3,1,0.762652
5,1,1,3,2,0.722485
5,1,1,5,0,0.8353
5,1,1,5,1,0.789409
5,1,1,5,2,0.727599
5,1,1,6,0,0.847915
5,1,1,6,1,0.80745
5,1,1,6,2,0.732586
5,1,1,7,0,0.859527
5,1,1,7,1,0.813806
5,1,1,7,2,0.746546
5,1,2,0,0,0.827514
5,1,2,0,1,0.813812
5,1,2,0,2,0.803056
5,1,2,1,0,0.84822
5,1,2,1,1,0.828862
5,1,2,1,2,0.811058
5,1,2,2,0,0.865622
5,1,2,2,1,0.840448
5,1,2,2,2,0.818836
5,1,2,4,0,0.880949
5,1,2,4,1,0.860234
5,1,2,4,2,0.820639
5,1,2,3,0,0.878629
5,1,2,3,1,0.850701
5,1,2,3,2,0.82415
5,1,2,5,0,0.89929
5,1,2,5,1,0.86911
5,1,2,5,2,0.827706
5,1,2,6,0,0.907231
5,1,2,6,1,0.880751
5,1,2,6,2,0.830832
5,1,2,7,0,0.914378
5,1,2,7,1,0.884534
5,1,2,7,2,0.839961
5,1,3,0,0,0.895441
5,1,3,0,1,0.886826
5,1,3,0,2,0.88004
5,1,3,1,0,0.90837
5,1,3,1,1,0.896249
5,1,3,1,2,0.885063
5,1,3,2,0,0.919461
5,1,3,2,1,0.903652
5,1,3,2,2,0.890045
5,1,3,4,0,0.929314
5,1,3,4,1,0.916342
5,1,3,4,2,0.89121
5,1,3,3,0,0.927292
5,1,3,3,1,0.909867
5,1,3,3,2,0.89327
5,1,3,5,0,0.940488
5,1,3,5,1,0.921688
5,1,3,5,2,0.895568
5,1,3,6,0,0.94527
5,1,3,6,1,0.928834
5,1,3,6,2,0.897441
5,1,3,7,0,0.94952
5,1,3,7,1,0.931027
5,1,3,7,2,0.903111
5,1,4,0,0,0.938643
5,1,4,0,1,0.933451
5,1,4,0,2,0.929352
5,1,4,1,0,0.946399
5,1,4,1,1,0.939115
5,1,4,1,2,0.932377
5,1,4,2,0,0.953143
5,1,4,2,1,0.943624
5,1,4,2,2,0.935415
5,1,4,4,0,0.959166
5,1,4,4,1,0.951371
5,1,4,4,2,0.93613
5,1,4,3,0,0.957719
5,1,4,3,1,0.947275
5,1,4,3,2,0.937311
5,1,4,5,0,0.965755
5,1,4,5,1,0.954497
5,1,4,5,2,0.938722
5,1,4,6,0,0.968559
5,1,4,6,1,0.958739
5,1,4,6,2,0.939818
5,1,4,7,0,0.971012
5,1,4,7,1,0.959978
5,1,4,7,2,0.943202
5,1,5,0,0,0.964876
5,1,5,0,1,0.961836
5,1,5,0,2,0.959431
5,1,5,1,0,0.969398
5,1,5,1,1,0.965144
5,1,5,1,2,0.961201
5,1,5,2,0,0.973377
5,1,5,2,1,0.967808
5,1,5,2,2,0.962999
5,1,5,4,0,0.976948
5,1,5,4,1,0.972396
5,1,5,4,2,0.963424
5,1,5,3,0,0.975983
5,1,5,3,1,0.969896
5,1,5,3,2,0.964083
5,1,5,5,0,0.980731
5,1,5,5,1,0.974176
5,1,5,5,2,0.964922
5,1,5,6,0,0.982329
5,1,5,6,1,0.976625
5,1,5,6,2,0.965546
5,1,5,7,0,0.983714
5,1,5,7,1,0.977311
5,1,5,7,2,0.967512
5,1,6,0,0,0.980337
5,1,6,0,1,0.978604
5,1,6,0,2,0.977231
5,1,6,1,0,0.982906
5,1,6,1,1,0.980486
5,1,6,1,2,0.978239
5,1,6,2,0,0.985189
5,1,6,2,1,0.982016
5,1,6,2,2,0.979273
5,1,6,4,0,0.987246
5,1,6,4,1,0.984655
5,1,6,4,2,0.979518
5,1,6,3,0,0.986642
5,1,6,3,1,0.983184
5,1,6,3,2,0.97988
5,1,6,5,0,0.989368
5,1,6,5,1,0.985648
5,1,6,5,2,0.980364
5,1,6,6,0,0.990258
5,1,6,6,1,0.987026
5,1,6,6,2,0.980709
5,1,6,7,0,0.991028
5,1,6,7,1,0.987402
5,1,6,7,2,0.981825
5,1,7,0,0,0.989199
5,1,7,0,1,0.988233
5,1,7,0,2,0.987467
5,1,7,1,0,0.990628
5,1,7,1,1,0.989281
5,1,7,1,2,0.988028
5,1,7,2,0,0.991905
5,1,7,2,1,0.990137
5,1,7,2,2,0.988607
5,1,7,4,0,0.993058
5,1,7,4,1,0.991615
5,1,7,4,2,0.988745
5,1,7,3,0,0.992705
5,1,7,3,1,0.990782
5,1,7,3,2,0.988943
5,1,7,5,0,0.994231
5,1,7,5,1,0.992162
5,1,7,5,2,0.989214
5,1,7,6,0,0.99472
5,1,7,6,1,0.992925
5,1,7,6,2,0.989404
5,1,7,7,0,0.995141
5,1,7,7,1,0.993129
5,1,7,7,2,0.990024
5,1,8,0,0,0.994152
5,1,8,0,1,0.993621
5,1,8,0,2,0.993198
5,1,8,1,0,0.994938
5,1,8,1,1,0.994197
5,1,8,1,2,0.993508
5,1,8,2,0,0.995643
5,1,8,2,1,0.99467
5,1,8,2,2,0.993828
5,1,8,4,0,0.99628
5,1,8,4,1,0.995488
5,1,8,4,2,0.993904
5,1,8,3,0,0.996078
5,1,8,3,1,0.995022
5,1,8,3,2,0.994011
5,1,8,5,0,0.996921
5,1,8,5,1,0.995785
5,1,8,5,2,0.994161
5,1,8,6,0,0.997189
5,1,8,6,1,0.996204
5,1,8,6,2,0.994266
5,1,8,7,0,0.997414
5,1,8,7,1,0.996311
5,1,8,7,2,0.994605
5,1,9,0,0,0.996886
5,1,9,0,1,0.996596
5,1,9,0,2,0.996365
5,1,9,1,0,0.997313
5,1,9,1,1,0.99691
5,1,9,1,2,0.996534
5,1,9,2,0,0.9977
5,1,9,2,1,0.99717
5,1,9,2,2,0.99671
5,1,9,4,0,0.998052
5,1,9,4,1,0.997621
5,1,9,4,2,0.996752
5,1,9,3,0,0.99793
5,1,9,3,1,0.997357
5,1,9,3,2,0.996807
5,1,9,5,0,0.998394
5,1,9,5,1,0.997778
5,1,9,5,2,0.996891
5,1,9,6,0,0.998536
5,1,9,6,1,0.998004
5,1,9,6,2,0.996947
5,1,9,7,0,0.998653
5,1,9,7,1,0.998057
5,1,9,7,2,0.997129
5,1,10,0,0,0.998387
5,1,10,0,1,0.998233
5,1,10,0,2,0.99811
5,1,10,1,0,0.998611
5,1,10,1,1,0.998398
5,1,10,1,2,0.998199
5,1,10,2,0,0.998819
5,1,10,2,1,0.998538
5,1,10,2,2,0.998294
5,1,10,4,0,0.999008
5,1,10,4,1,0.998781
5,1,10,4,2,0.998317
5,1,10,3,0,0.998936
5,1,10,3,1,0.998634
5,1,10,3,2,0.998344
5,1,10,5,0,0.999185
5,1,10,5,1,0.998861
5,1,10,5,2,0.998389
5,1,10,6,0,0.999257
5,1,10,6,1,0.998977
5,1,10,6,2,0.998417
5,1,10,7,0,0.999316
5,1,10,7,1,0.999004
5,1,10,7,2,0.998513
6,0,-10,0,0,0.001975
6,0,-10,0,1,0.00126
6,0,-10,0,2,0.000941
6,0,-10,1,0,0.003358
6,0,-10,1,1,0.001875
6,0,-10,1,2,0.001177
6,0,-10,2,0,0.003657
6,0,-10,2,1,0.00205
6,0,-10,2,2,0.001249
6,0,-10,4,0,0.003437
6,0,-10,4,1,0.002553
6,0,-10,4,2,0.001292
6,0,-10,3,0,0.006368
6,0,-10,3,1,0.00323
6,0,-10,3,2,0.001761
6,0,-10,5,0,0.007117
6,0,-10,5,1,0.003667
6,0,-10,5,2,0.001902
6,0,-10,6,0,0.006317
6,0,-10,6,1,0.003689
6,0,-10,6,2,0.001886
6,0,-10,7,0,0.012488
6,0,-10,7,1,0.005601
6,0,-10,7,2,0.00289
6,0,-9,0,0,0.003795
6,0,-9,0,1,0.002516
6,0,-9,0,2,0.001923
6,0,-9,1,0,0.006265
6,0,-9,1,1,0.00365
6,0,-9,1,2,0.002368
6,0,-9,2,0,0.006933
6,0,-9,2,1,0.003997
6,0,-9,2,2,0.002505
6,0,-9,4,0,0.006613
6,0,-9,4,1,0.004917
6,0,-9,4,2,0.002585
6,0,-9,3,0,0.011605
6,0,-9,3,1,0.006116
6,0,-9,3,2,0.003433
6,0,-9,5,0,0.013069
6,0,-9,5,1,0.006978
6,0,-9,5,2,0.003709
6,0,-9,6,0,0.011681
6,0,-9,6,1,0.007054
6,0,-9,6,2,0.003704
6,0,-9,7,0,0.02239
6,0,-9,7,1,0.010534
6,0,-9,7,2,0.005536
6,0,-8,0,0,0.007093
6,0,-8,0,1,0.004865
6,0,-8,0,2,0.003776
6,0,-8,1,0,0.011386
6,0,-8,1,1,0.006919
6,0,-8,1,2,0.004607
6,0,-8,2,0,0.012848
6,0,-8,2,1,0.007622
6,0,-8,2,2,0.004873
6,0,-8,4,0,0.012515
6,0,-8,4,1,0.009288
6,0,-8,4,2,0.00502
6,0,-8,3,0,0.02054
6,0,-8,3,1,0.011301
6,0,-8,3,2,0.006507
6,0,-8,5,0,0.023267
6,0,-8,5,1,0.013004
6,0,-8,5,2,0.00703
6,0,-8,6,0,0.021106
6,0,-8,6,1,0.01325
6,0,-8,6,2,0.007099
6,0,-8,7,0,0.038788
6,0,-8,7,1,0.01938
6,0,-8,7,2,0.010347
6,0,-7,0,0,0.013062
6,0,-7,0,1,0.00927
6,0,-7,0,2,0.00731
6,0,-7,1,0,0.02034
6,0,-7,1,1,0.012916
6,0,-7,1,2,0.008832
6,0,-7,2,0,0.023309
6,0,-7,2,1,0.01428
6,0,-7,2,2,0.009349
6,0,-7,4,0,0.023272
6,0,-7,4,1,0.017231
6,0,-7,4,2,0.009616
6,0,-7,3,0,0.035459
6,0,-7,3,1,0.020507
6,0,-7,3,2,0.01216
6,0,-7,5,0,0.040416
6,0,-7,5,1,0.023723
6,0,-7,5,2,0.013107
6,0,-7,6,0,0.037343
6,0,-7,6,1,0.024384
6,0,-7,6,2,0.013376
6,0,-7,7,0,0.06472
6,0,-7,7,1,0.034787
6,0,-7,7,2,0.018923
6,0,-6,0,0,0.023715
6,0,-6,0,1,0.017446
6,0,-6,0,2,0.014013
6,0,-6,1,0,0.035713
6,0,-6,1,1,0.023753
6,0,-6,1,2,0.016721
6,0,-6,2,0,0.041164
6,0,-6,2,1,0.026268
6,0,-6,2,2,0.017702
6,0,-6,4,0,0.04238
6,0,-6,4,1,0.031217
6,0,-6,4,2,0.018166
6,0,-6,3,0,0.059706
6,0,-6,3,1,0.036464
6,0,-6,3,2,0.022425
6,0,-6,5,0,0.068597
6,0,-6,5,1,0.042217
6,0,-6,5,2,0.024022
6,0,-6,6,0,0.064776
6,0,-6,6,1,0.043763
6,0,-6,6,2,0.024781
6,0,-6,7,0,0.103999
6,0,-6,7,1,0.060611
6,0,-6,7,2,0.033898
6,0,-5,0,0,0.042222
6,0,-5,0,1,0.032208
6,0,-5,0,2,0.0264
6,0,-5,1,0,0.061338
6,0,-5,1,1,0.042761
6,0,-5,1,2,0.031049
6,0,-5,2,0,0.070363
6,0,-5,2,1,0.047176
6,0,-5,2,2,0.032883
6,0,-5,4,0,0.074972
6,0,-5,4,1,0.055163
6,0,-5,4,2,0.033637
6,0,-5,3,0,0.097708
6,0,-5,3,1,0.063108
6,0,-5,3,2,0.040541
6,0,-5,5,0,0.113137
6,0,-5,5,1,0.073027
6,0,-5,5,2,0.043004
6,0,-5,6,0,0.109564
6,0,-5,6,1,0.076324
6,0,-5,6,2,0.044826
6,0,-5,7,0,0.160797
6,0,-5,7,1,0.101585
6,0,-5,7,2,0.059124
6,0,-4,0,0,0.073456
6,0,-4,0,1,0.058119
6,0,-4,0,2,0.04873
6,0,-4,1,0,0.102491
6,0,-4,1,1,0.074999
6,0,-4,1,2,0.056356
6,0,-4,2,0,0.116718
6,0,-4,2,1,0.082476
6,0,-4,2,2,0.059696
6,0,-4,4,0,0.12717
6,0,-4,4,1,0.095348
6,0,-4,4,2,0.060935
6,0,-4,3,0,0.154588
6,0,-4,3,1,0.105861
6,0,-4,3,2,0.071552
6,0,-4,5,0,0.179699
6,0,-4,5,1,0.122274
6,0,-4,5,2,0.074953
6,0,-4,6,0,0.17824
6,0,-4,6,1,0.128521
6,0,-4,6,2,0.078624
6,0,-4,7,0,0.23867
6,0,-4,7,1,0.16246
6,0,-4,7,2,0.09991
6,0,-3,0,0,0.124588
6,0,-3,0,1,0.102415
6,0,-3,0,2,0.088093
6,0,-3,1,0,0.165868
6,0,-3,1,1,0.127772
6,0,-3,1,2,0.099896
6,0,-3,2,0,0.187345
6,0,-3,2,1,0.139669
6,0,-3,2,2,0.105624
6,0,-3,4,0,0.206338
6,0,-3,4,1,0.160122
6,0,-3,4,2,0.107631
6,0,-3,3,0,0.235551
6,0,-3,3,1,0.171523
6,0,-3,3,2,0.122784
6,0,-3,5,0,0.272854
6,0,-3,5,1,0.196489
6,0,-3,5,2,0.12719
6,0,-3,6,0,0.275306
6,0,-3,6,1,0.207668
6,0,-3,6,2,0.133607
6,0,-3,7,0,0.338866
6,0,-3,7,1,0.245807
6,0,-3,7,2,0.161542
6,0,-2,0,0,0.204236
6,0,-2,0,1,0.174606
6,0,-2,0,2,0.154451
6,0,-2,1,0,0.257947
6,0,-2,1,1,0.209484
6,0,-2,1,2,0.171336
6,0,-2,2,0,0.288552
6,0,-2,2,1,0.227058
6,0,-2,2,2,0.180457
6,0,-2,4,0,0.318748
6,0,-2,4,1,0.257747
6,0,-2,4,2,0.183488
6,0,-2,3,0,0.341938
6,0,-2,3,1,0.264452
6,0,-2,3,2,0.201629
6,0,-2,5,0,0.392624
6,0,-2,5,1,0.299902
6,0,-2,5,2,0.207298
6,0,-2,6,0,0.401475
6,0,-2,6,1,0.319815
6,0,-2,6,2,0.217863
6,0,-2,7,0,0.458501
6,0,-2,7,1,0.352612
6,0,-2,7,2,0.249514
6,0,-1,0,0,0.320063
6,0,-1,0,1,0.284753
6,0,-1,0,2,0.259494
6,0,-1,1,0,0.380402
6,0,-1,1,1,0.325502
6,0,-1,1,2,0.279842
6,0,-1,2,0,0.422593
6,0,-1,2,1,0.35119
6,0,-1,2,2,0.294308
6,0,-1,4,0,0.467025
6,0,-1,4,1,0.396711
6,0,-1,4,2,0.299302
6,0,-1,3,0,0.469771
6,0,-1,3,1,0.385855
6,0,-1,3,2,0.315017
6,0,-1,5,0,0.534376
6,0,-1,5,1,0.4352
6,0,-1,5,2,0.322411
6,0,-1,6,0,0.544179
6,0,-1,6,1,0.45971
6,0,-1,6,2,0.333307
6,0,-1,7,0,0.58905
6,0,-1,7,1,0.482322
6,0,-1,7,2,0.366464
6,0,0,0,0,0.479331
6,0,0,0,1,0.44649
6,0,0,0,2,0.422324
6,0,0,1,0,0.532897
6,0,0,1,1,0.483273
6,0,0,1,2,0.440935
6,0,0,2,0,0.576267
6,0,0,2,1,0.510623
6,0,0,2,2,0.456924
6,0,0,4,0,0.623192
6,0,0,4,1,0.559432
6,0,0,4,2,0.462655
6,0,0,3,0,0.610979
6,0,0,3,1,0.537066
6,0,0,3,2,0.473455
6,0,0,5,0,0.674467
6,0,0,5,1,0.588147
6,0,0,5,2,0.480911
6,0,0,6,0,0.680148
6,0,0,6,1,0.608798
6,0,0,6,2,0.48838
6,0,0,7,0,0.712902
6,0,0,7,1,0.623515
6,0,0,7,2,0.517714
6,0,1,0,0,0.642065
6,0,1,0,1,0.617706
6,0,1,0,2,0.599647
6,0,1,1,0,0.681375
6,0,1,1,1,0.644869
6,0,1,1,2,0.613453
6,0,1,2,0,0.714206
6,0,1,2,1,0.665709
6,0,1,2,2,0.625729
6,0,1,4,0,0.749977
6,0,1,4,1,0.702955
6,0,1,4,2,0.630145
6,0,1,3,0,0.738188
6,0,1,3,1,0.68426
6,0,1,3,2,0.637507
6,0,1,5,0,0.785787
6,0,1,5,1,0.722971
6,0,1,5,2,0.643113
6,0,1,6,0,0.789763
6,0,1,6,1,0.738225
6,0,1,6,2,0.648377
6,0,1,7,0,0.811713
6,0,1,7,1,0.747502
6,0,1,7,2,0.669693
6,0,2,0,0,0.765202
6,0,2,0,1,0.748183
6,0,2,0,2,0.735481
6,0,2,1,0,0.792381
6,0,2,1,1,0.767058
6,0,2,1,2,0.745111
6,0,2,2,0,0.815778
6,0,2,2,1,0.782001
6,0,2,2,2,0.753971
6,0,2,4,0,0.841411
6,0,2,4,1,0.808744
6,0,2,4,2,0.757174
6,0,2,3,0,0.831417
6,0,2,3,1,0.794272
6,0,2,3,2,0.761881
6,0,2,5,0,0.865036
6,0,2,5,1,0.82189
6,0,2,5,2,0.765857
6,0,2,6,0,0.867539
6,0,2,6,1,0.832409
6,0,2,6,2,0.769292
6,0,2,7,0,0.881586
6,0,2,7,1,0.837975
6,0,2,7,2,0.783947
6,0,3,0,0,0.852887
6,0,3,0,1,0.8417
6,0,3,0,2,0.833311
6,0,3,1,0,0.870609
6,0,3,1,1,0.854054
6,0,3,1,2,0.839632
6,0,3,2,0,0.886214
6,0,3,2,1,0.864065
6,0,3,2,2,0.845595
6,0,3,4,0,0.903376
6,0,3,4,1,0.881997
6,0,3,4,2,0.847758
6,0,3,3,0,0.895944
6,0,3,3,1,0.871788
6,0,3,3,2,0.850634
6,0,3,5,0,0.918219
6,0,3,5,1,0.890223
6,0,3,5,2,0.853278
6,0,3,6,0,0.919727
6,0,3,6,1,0.89707
6,0,3,6,2,0.855415
6,0,3,7,0,0.928338
6,0,3,7,1,0.900281
6,0,3,7,2,0.864932
6,0,4,0,0,0.911332
6,0,4,0,1,0.904327
6,0,4,0,2,0.899052
6,0,4,1,0,0.922357
6,0,4,1,1,0.912034
6,0,4,1,2,0.903004
6,0,4,2,0,0.932249
6,0,4,2,1,0.918403
6,0,4,2,2,0.906813
6,0,4,4,0,0.943162
6,0,4,4,1,0.929821
6,0,4,4,2,0.908198
6,0,4,3,0,0.938061
6,0,4,3,1,0.923063
6,0,4,3,2,0.909885
6,0,4,5,0,0.952107
6,0,4,5,1,0.934758
6,0,4,5,2,0.911557
6,0,4,6,0,0.952967
6,0,4,6,1,0.939
6,0,4,6,2,0.912827
6,0,4,7,0,0.958062
6,0,4,7,1,0.940796
6,0,4,7,2,0.918733
6,0,5,0,0,0.948363
6,0,5,0,1,0.944158
6,0,5,0,2,0.940982
6,0,5,1,0,0.954945
6,0,5,1,1,0.94877
6,0,5,1,2,0.943351
6,0,5,2,0,0.960938
6,0,5,2,1,0.952639
6,0,5,2,2,0.945671
6,0,5,4,0,0.967564
6,0,5,4,1,0.959579
6,0,5,4,2,0.946517
6,0,5,3,0,0.964297
6,0,5,3,1,0.955354
6,0,5,3,2,0.947477
6,0,5,5,0,0.972773
6,0,5,5,1,0.962444
6,0,5,5,2,0.948488
6,0,5,6,0,0.97325
6,0,5,6,1,0.964968
6,0,5,6,2,0.949218
6,0,5,7,0,0.976172
6,0,5,7,1,0.965948
6,0,5,7,2,0.952739
6,0,6,0,0,0.970786
6,0,6,0,1,0.968347
6,0,6,0,2,0.9665
6,0,6,1,0,0.97459
6,0,6,1,1,0.971016
6,0,6,1,2,0.967873
6,0,6,2,0,0.978093
6,0,6,2,1,0.973283
6,0,6,2,2,0.969235
6,0,6,4,0,0.981973
6,0,6,4,1,0.97735
6,0,6,4,2,0.969732
6,0,6,3,0,0.979982
6,0,6,3,1,0.974821
6,0,6,3,2,0.970265
6,0,6,5,0,0.984921
6,0,6,5,1,0.978967
6,0,6,5,2,0.970855
6,0,6,6,0,0.985179
6,0,6,6,1,0.98042
6,0,6,6,2,0.971263
6,0,6,7,0,0.986811
6,0,6,7,1,0.980944
6,0,6,7,2,0.973295
6,0,7,0,0,0.983889
6,0,7,0,1,0.982513
6,0,7,0,2,0.981469
6,0,7,1,0,0.986028
6,0,7,1,1,0.984016
6,0,7,1,2,0.982243
6,0,7,2,0,0.988016
6,0,7,2,1,0.985305
6,0,7,2,2,0.983019
6,0,7,4,0,0.990221
6,0,7,4,1,0.987618
6,0,7,4,2,0.983302
6,0,7,3,0,0.989053
6,0,7,3,1,0.986155
6,0,7,3,2,0.983592
6,0,7,5,0,0.991849
6,0,7,5,1,0.988509
6,0,7,5,2,0.983926
6,0,7,6,0,0.991987
6,0,7,6,1,0.989325
6,0,7,6,2,0.98415
6,0,7,7,0,0.992876
6,0,7,7,1,0.989597
6,0,7,7,2,0.98529
6,0,8,0,0,0.991324
6,0,8,0,1,0.990565
6,0,8,0,2,0.989989
6,0,8,1,0,0.992498
6,0,8,1,1,0.991392
6,0,8,1,2,0.990415
6,0,8,2,0,0.993601
6,0,8,2,1,0.992108
6,0,8,2,2,0.990847
6,0,8,4,0,0.994825
6,0,8,4,1,0.993394
6,0,8,4,2,0.991005
6,0,8,3,0,0.994156
6,0,8,3,1,0.992566
6,0,8,3,2,0.991158
6,0,8,5,0,0.995702
6,0,8,5,1,0.993872
6,0,8,5,2,0.991343
6,0,8,6,0,0.995774
6,0,8,6,1,0.99432
6,0,8,6,2,0.991463
6,0,8,7,0,0.996244
6,0,8,7,1,0.994456
6,0,8,7,2,0.992088
6,0,9,0,0,0.995446
6,0,9,0,1,0.995038
6,0,9,0,2,0.994728
6,0,9,1,0,0.996074
6,0,9,1,1,0.995481
6,0,9,1,2,0.994956
6,0,9,2,0,0.996671
6,0,9,2,1,0.99587
6,0,9,2,2,0.995191
6,0,9,4,0,0.997336
6,0,9,4,1,0.996568
6,0,9,4,2,0.995277
6,0,9,3,0,0.996958
6,0,9,3,1,0.996109
6,0,9,3,2,0.995355
6,0,9,5,0,0.997793
6,0,9,5,1,0.996817
6,0,9,5,2,0.995455
6,0,9,6,0,0.997828
6,0,9,6,1,0.997055
6,0,9,6,2,0.995517
6,0,9,7,0,0.998071
6,0,9,7,1,0.997121
6,0,9,7,2,0.99585
6,0,10,0,0,0.997678
6,0,10,0,1,0.997466
6,0,10,0,2,0.997304
6,0,10,1,0,0.998003
6,0,10,1,1,0.997695
6,0,10,1,2,0.997423
6,0,10,2,0,0.998315
6,0,10,2,1,0.997899
6,0,10,2,2,0.997546
6,0,10,4,0,0.998662
6,0,10,4,1,0.998265
6,0,10,4,2,0.997592
6,0,10,3,0,0.99846
6,0,10,3,1,0.99802
6,0,10,3,2,0.99763
6,0,10,5,0,0.998895
6,0,10,5,1,0.99839
6,0,10,5,2,0.997682
6,0,10,6,0,0.998911
6,0,10,6,1,0.998513
6,0,10,6,2,0.997713
6,0,10,7,0,0.999033
6,0,10,7,1,0.998544
6,0,10,7,2,0.997886
6,1,-10,0,0,0.00281
6,1,-10,0,1,0.001828
6,1,-10,0,2,0.001307
6,1,-10,1,0,0.004727
6,1,-10,1,1,0.002771
6,1,-10,1,2,0.001681
6,1,-10,2,0,0.005228
6,1,-10,2,1,0.0031
6,1,-10,2,2,0.001808
6,1,-10,4,0,0.006019
6,1,-10,4,1,0.00327
6,1,-10,4,2,0.001832
6,1,-10,3,0,0.008675
6,1,-10,3,1,0.004732
6,1,-10,3,2,0.002487
6,1,-10,5,0,0.008731
6,1,-10,5,1,0.005203
6,1,-10,5,2,0.00242
6,1,-10,6,0,0.010187
6,1,-10,6,1,0.005934
6,1,-10,6,2,0.002593
6,1,-10,7,0,0.014361
6,1,-10,7,1,0.008348
6,1,-10,7,2,0.003828
6,1,-9,0,0,0.005491
6,1,-9,0,1,0.003718
6,1,-9,0,2,0.002741
6,1,-9,1,0,0.008931
6,1,-9,1,1,0.005471
6,1,-9,1,2,0.003448
6,1,-9,2,0,0.009888
6,1,-9,2,1,0.006092
6,1,-9,2,2,0.003702
6,1,-9,4,0,0.011069
6,1,-9,4,1,0.006455
6,1,-9,4,2,0.003748
6,1,-9,3,0,0.015932
6,1,-9,3,1,0.009074
6,1,-9,3,2,0.004959
6,1,-9,5,0,0.01602
6,1,-9,5,1,0.009921
6,1,-9,5,2,0.004854
6,1,-9,6,0,0.018669
6,1,-9,6,1,0.011339
6,1,-9,6,2,0.005185
6,1,-9,7,0,0.025787
6,1,-9,7,1,0.015603
6,1,-9,7,2,0.007441
6,1,-8,0,0,0.010416
6,1,-8,0,1,0.007316
6,1,-8,0,2,0.00553
6,1,-8,1,0,0.016379
6,1,-8,1,1,0.010498
6,1,-8,1,2,0.006839
6,1,-8,2,0,0.018178
6,1,-8,2,1,0.011633
6,1,-8,2,2,0.007334
6,1,-8,4,0,0.019833
6,1,-8,4,1,0.012405
6,1,-8,4,2,0.007418
6,1,-8,3,0,0.028334
6,1,-8,3,1,0.016925
6,1,-8,3,2,0.009603
6,1,-8,5,0,0.028483
6,1,-8,5,1,0.018379
6,1,-8,5,2,0.009444
6,1,-8,6,0,0.033163
6,1,-8,6,1,0.021076
6,1,-8,6,2,0.010072
6,1,-8,7,0,0.04467
6,1,-8,7,1,0.028318
6,1,-8,7,2,0.014074
6,1,-7,0,0,0.019261
6,1,-7,0,1,0.01402
6,1,-7,0,2,0.010843
6,1,-7,1,0,0.029235
6,1,-7,1,1,0.019615
6,1,-7,1,2,0.013195
6,1,-7,2,0,0.032524
6,1,-7,2,1,0.021641
6,1,-7,2,2,0.014153
6,1,-7,4,0,0.035157
6,1,-7,4,1,0.023241
6,1,-7,4,2,0.014306
6,1,-7,3,0,0.048708
6,1,-7,3,1,0.03067
6,1,-7,3,2,0.01809
6,1,-7,5,0,0.049675
6,1,-7,5,1,0.03307
6,1,-7,5,2,0.017904
6,1,-7,6,0,0.057283
6,1,-7,6,1,0.038081
6,1,-7,6,2,0.019067
6,1,-7,7,0,0.075004
6,1,-7,7,1,0.049708
6,1,-7,7,2,0.025862
6,1,-6,0,0,0.034787
6,1,-6,0,1,0.026212
6,1,-6,0,2,0.020781
6,1,-6,1,0,0.050891
6,1,-6,1,1,0.035643
6,1,-6,1,2,0.024861
6,1,-6,2,0,0.056566
6,1,-6,2,1,0.039207
6,1,-6,2,2,0.026658
6,1,-6,4,0,0.060812
6,1,-6,4,1,0.042345
6,1,-6,4,2,0.02693
6,1,-6,3,0,0.081402
6,1,-6,3,1,0.053836
6,1,-6,3,2,0.033192
6,1,-6,5,0,0.084454
6,1,-6,5,1,0.057815
6,1,-6,5,2,0.033058
6,1,-6,6,0,0.095915
6,1,-6,6,1,0.066768
6,1,-6,6,2,0.035125
6,1,-6,7,0,0.122152
6,1,-6,7,1,0.084344
6,1,-6,7,2,0.046073
6,1,-5,0,0,0.061223
6,1,-5,0,1,0.047732
6,1,-5,0,2,0.038881
6,1,-5,1,0,0.086191
6,1,-5,1,1,0.062881
6,1,-5,1,2,0.045656
6,1,-5,2,0,0.095663
6,1,-5,2,1,0.068972
6,1,-5,2,2,0.04889
6,1,-5,4,0,0.101918
6,1,-5,4,1,0.074961
6,1,-5,4,2,0.049351
6,1,-5,3,0,0.132116
6,1,-5,3,1,0.091351
6,1,-5,3,2,0.059228
6,1,-5,5,0,0.138859
6,1,-5,5,1,0.098165
6,1,-5,5,2,0.05934
6,1,-5,6,0,0.155384
6,1,-5,6,1,0.11304
6,1,-5,6,2,0.062807
6,1,-5,7,0,0.191636
6,1,-5,7,1,0.137761
6,1,-5,7,2,0.079675
6,1,-4,0,0,0.104594
6,1,-4,0,1,0.084446
6,1,-4,0,2,0.070777
6,1,-4,1,0,0.141205
6,1,-4,1,1,0.107543
6,1,-4,1,2,0.081484
6,1,-4,2,0,0.15634
6,1,-4,2,1,0.117262
6,1,-4,2,2,0.086983
6,1,-4,4,0,0.165958
6,1,-4,4,1,0.128399
6,1,-4,4,2,0.087688
6,1,-4,3,0,0.20613
6,1,-4,3,1,0.149533
6,1,-4,3,2,0.102455
6,1,-4,5,0,0.219291
6,1,-4,5,1,0.160737
6,1,-4,5,2,0.103033
6,1,-4,6,0,0.242253
6,1,-4,6,1,0.183818
6,1,-4,6,2,0.108817
6,1,-4,7,0,0.28768
6,1,-4,7,1,0.215542
6,1,-4,7,2,0.133487
6,1,-3,0,0,0.172455
6,1,-3,0,1,0.144343
6,1,-3,0,2,0.124542
6,1,-3,1,0,0.222185
6,1,-3,1,1,0.177164
6,1,-3,1,2,0.140379
6,1,-3,2,0,0.245648
6,1,-3,2,1,0.191877
6,1,-3,2,2,0.14924
6,1,-3,4,0,0.261493
6,1,-3,4,1,0.211814
6,1,-3,4,2,0.150471
6,1,-3,3,0,0.306177
6,1,-3,3,1,0.234004
6,1,-3,3,2,0.170312
6,1,-3,5,0,0.330389
6,1,-3,5,1,0.252088
6,1,-3,5,2,0.171956
6,1,-3,6,0,0.359342
6,1,-3,6,1,0.285063
6,1,-3,6,2,0.181207
6,1,-3,7,0,0.407426
6,1,-3,7,1,0.318304
6,1,-3,7,2,0.211744
6,1,-2,0,0,0.273186
6,1,-2,0,1,0.237366
6,1,-2,0,2,0.211051
6,1,-2,1,0,0.334317
6,1,-2,1,1,0.279691
6,1,-2,1,2,0.232481
6,1,-2,2,0,0.368232
6,1,-2,2,1,0.300804
6,1,-2,2,2,0.245758
6,1,-2,4,0,0.391929
6,1,-2,4,1,0.333253
6,1,-2,4,2,0.248043
6,1,-2,3,0,0.429859
6,1,-2,3,1,0.34634
6,1,-2,3,2,0.269211
6,1,-2,5,0,0.468204
6,1,-2,5,1,0.375173
6,1,-2,5,2,0.273485
6,1,-2,6,0,0.503984
6,1,-2,6,1,0.418387
6,1,-2,6,2,0.288066
6,1,-2,7,0,0.542616
6,1,-2,7,1,0.44352
6,1,-2,7,2,0.318163
6,1,-1,0,0,0.412557
6,1,-1,0,1,0.372593
6,1,-1,0,2,0.341896
6,1,-1,1,0,0.476007
6,1,-1,1,1,0.418102
6,1,-1,1,2,0.365783
6,1,-1,2,0,0.521734
6,1,-1,2,1,0.447795
6,1,-1,2,2,0.385332
6,1,-1,4,0,0.558722
6,1,-1,4,1,0.497263
6,1,-1,4,2,0.389533
6,1,-1,3,0,0.570044
6,1,-1,3,1,0.484973
6,1,-1,3,2,0.404616
6,1,-1,5,0,0.623732
6,1,-1,5,1,0.53032
6,1,-1,5,2,0.413018
6,1,-1,6,0,0.654964
6,1,-1,6,1,0.571191
6,1,-1,6,2,0.426238
6,1,-1,7,0,0.680963
6,1,-1,7,1,0.586246
6,1,-1,7,2,0.453954
6,1,0,0,0,0.593834
6,1,0,0,1,0.561166
6,1,0,0,2,0.535495
6,1,0,1,0,0.643046
6,1,0,1,1,0.596952
6,1,0,1,2,0.554529
6,1,0,2,0,0.684779
6,1,0,2,1,0.62478
6,1,0,2,2,0.573231
6,1,0,4,0,0.721734
6,1,0,4,1,0.672355
6,1,0,4,2,0.577582
6,1,0,3,0,0.715363
6,1,0,3,1,0.648926
6,1,0,3,2,0.585745
6,1,0,5,0,0.764944
6,1,0,5,1,0.693217
6,1,0,5,2,0.594305
6,1,0,6,0,0.783376
6,1,0,6,1,0.720556
6,1,0,6,2,0.601479
6,1,0,7,0,0.800334
6,1,0,7,1,0.729512
6,1,0,7,2,0.62329
6,1,1,0,0,0.756619
6,1,1,0,1,0.73645
6,1,1,0,2,0.720575
6,1,1,1,0,0.786946
6,1,1,1,1,0.758557
6,1,1,1,2,0.732358
6,1,1,2,0,0.812808
6,1,1,2,1,0.775797
6,1,1,2,2,0.743953
6,1,1,4,0,0.835697
6,1,1,4,1,0.805341
6,1,1,4,2,0.746658
6,1,1,3,0,0.831291
6,1,1,3,1,0.790478
6,1,1,3,2,0.751578
6,1,1,5,0,0.862072
6,1,1,5,1,0.817973
6,1,1,5,2,0.756922
6,1,1,6,0,0.873465
6,1,1,6,1,0.834894
6,1,1,6,2,0.761436
6,1,1,7,0,0.883367
6,1,1,7,1,0.839996
6,1,1,7,2,0.774673
6,1,2,0,0,0.857394
6,1,2,0,1,0.845086
6,1,2,0,2,0.835357
6,1,2,1,0,0.875739
6,1,2,1,1,0.858501
6,1,2,1,2,0.84253
6,1,2,2,0,0.891791
6,1,2,2,1,0.869238
6,1,2,2,2,0.849772
6,1,2,4,0,0.906152
6,1,2,4,1,0.887715
6,1,2,4,2,0.851479
6,1,2,3,0,0.902459
6,1,2,3,1,0.877779
6,1,2,3,2,0.85421
6,1,2,5,0,0.921605
6,1,2,5,1,0.895007
6,1,2,5,2,0.857585
6,1,2,6,0,0.928178
6,1,2,6,1,0.90501
6,1,2,6,2,0.860165
6,1,2,7,0,0.933821
6,1,2,7,1,0.907817
6,1,2,7,2,0.86813
6,1,3,0,0,0.919789
6,1,3,0,1,0.912683
6,1,3,0,2,0.907052
6,1,3,1,0,0.93032
6,1,3,1,1,0.920399
6,1,3,1,2,0.911185
6,1,3,2,0,0.939687
6,1,3,2,1,0.926678
6,1,3,2,2,0.915427
6,1,3,4,0,0.948127
6,1,3,4,1,0.93751
6,1,3,4,2,0.916434
6,1,3,3,0,0.945628
6,1,3,3,1,0.93146
6,1,3,3,2,0.917914
6,1,3,5,0,0.956816
6,1,3,5,1,0.941571
6,1,3,5,2,0.919902
6,1,3,6,0,0.960461
6,1,3,6,1,0.947221
6,1,3,6,2,0.921321
6,1,3,7,0,0.963587
6,1,3,7,1,0.948739
6,1,3,7,2,0.925885
6,1,4,0,0,0.956142
6,1,4,0,1,0.952189
6,1,4,0,2,0.949051
6,1,4,1,0,0.961985
6,1,4,1,1,0.956476
6,1,4,1,2,0.95135
6,1,4,2,0,0.967224
6,1,4,2,1,0.95999
6,1,4,2,2,0.953727
6,1,4,4,0,0.971958
6,1,4,4,1,0.966063
6,1,4,4,2,0.954293
6,1,4,3,0,0.970461
6,1,4,3,1,0.962606
6,1,4,3,2,0.955088
6,1,4,5,0,0.976724
6,1,4,5,1,0.968277
6,1,4,5,2,0.956206
6,1,4,6,0,0.978718
6,1,4,6,1,0.971392
6,1,4,6,2,0.956983
6,1,4,7,0,0.980402
6,1,4,7,1,0.972195
6,1,4,7,2,0.959504
6,1,5,0,0,0.976458
6,1,5,0,1,0.9743
6,1,5,0,2,0.972584
6,1,5,1,0,0.979637
6,1,5,1,1,0.976635
6,1,5,1,2,0.973838
6,1,5,2,0,0.982516
6,1,5,2,1,0.978569
6,1,5,2,2,0.975147
6,1,5,4,0,0.985126
6,1,5,4,1,0.981914
6,1,5,4,2,0.97546
6,1,5,3,0,0.984241
6,1,5,3,1,0.979967
6,1,5,3,2,0.975875
6,1,5,5,0,0.987684
6,1,5,5,1,0.983094
6,1,5,5,2,0.976493
6,1,5,6,0,0.988748
6,1,5,6,1,0.984773
6,1,5,6,2,0.976906
6,1,5,7,0,0.98964
6,1,5,7,1,0.98519
6,1,5,7,2,0.978273
6,1,6,0,0,0.98761
6,1,6,0,1,0.986459
6,1,6,0,2,0.985543
6,1,6,1,0,0.9893
6,1,6,1,1,0.987701
6,1,6,1,2,0.986211
6,1,6,2,0,0.990843
6,1,6,2,1,0.98874
6,1,6,2,2,0.986914
6,1,6,4,0,0.992249
6,1,6,4,1,0.990537
6,1,6,4,2,0.987083
6,1,6,3,0,0.991747
6,1,6,3,1,0.989474
6,1,6,3,2,0.987296
6,1,6,5,0,0.993594
6,1,6,5,1,0.991155
6,1,6,5,2,0.987629
6,1,6,6,0,0.994147
6,1,6,6,1,0.992038
6,1,6,6,2,0.987841
6,1,6,7,0,0.994616
6,1,6,7,1,0.992256
6,1,6,7,2,0.98857
6,1,7,0,0,0.993586
6,1,7,0,1,0.992985
6,1,7,0,2,0.992507
6,1,7,1,0,0.994468
6,1,7,1,1,0.993633
6,1,7,1,2,0.992855
6,1,7,2,0,0.995274
6,1,7,2,1,0.994175
6,1,7,2,2,0.993222
6,1,7,4,0,0.996007
6,1,7,4,1,0.995114
6,1,7,4,2,0.99331
6,1,7,3,0,0.995746
6,1,7,3,1,0.994559
6,1,7,3,2,0.993422
6,1,7,5,0,0.99671
6,1,7,5,1,0.995437
6,1,7,5,2,0.993596
6,1,7,6,0,0.996998
6,1,7,6,1,0.995897
6,1,7,6,2,0.993706
6,1,7,7,0,0.997243
6,1,7,7,1,0.996011
6,1,7,7,2,0.994088
6,1,8,0,0,0.996705
6,1,8,0,1,0.996391
6,1,8,0,2,0.996141
6,1,8,1,0,0.997166
6,1,8,1,1,0.99673
6,1,8,1,2,0.996324
6,1,8,2,0,0.997586
6,1,8,2,1,0.997013
6,1,8,2,2,0.996515
6,1,8,4,0,0.997968
6,1,8,4,1,0.997502
6,1,8,4,2,0.996561
6,1,8,3,0,0.997831
6,1,8,3,1,0.997213
6,1,8,3,2,0.99662
6,1,8,5,0,0.998335
6,1,8,5,1,0.99767
6,1,8,5,2,0.99671
6,1,8,6,0,0.998487
6,1,8,6,1,0.997913
6,1,8,6,2,0.99677
6,1,8,7,0,0.99861
6,1,8,7,1,0.997969
6,1,8,7,2,0.996967
6,1,9,0,0,0.998331
6,1,9,0,1,0.998167
6,1,9,0,2,0.998035
6,1,9,1,0,0.998571
6,1,9,1,1,0.998344
6,1,9,1,2,0.998131
6,1,9,2,0,0.998795
6,1,9,2,1,0.998494
6,1,9,2,2,0.998233
6,1,9,4,0,0.998999
6,1,9,4,1,0.998756
6,1,9,4,2,0.998257
6,1,9,3,0,0.998916
6,1,9,3,1,0.998594
6,1,9,3,2,0.998285
6,1,9,5,0,0.999184
6,1,9,5,1,0.998839
6,1,9,5,2,0.998334
6,1,9,6,0,0.999261
6,1,9,6,1,0.998964
6,1,9,6,2,0.998364
6,1,9,7,0,0.99932
6,1,9,7,1,0.998989
6,1,9,7,2,0.998466
6,1,10,0,0,0.999194
6,1,10,0,1,0.999112
6,1,10,0,2,0.999046
6,1,10,1,0,0.999312
6,1,10,1,1,0.999199
6,1,10,1,2,0.999093
6,1,10,2,0,0.999426
6,1,10,2,1,0.999276
6,1,10,2,2,0.999145
6,1,10,4,0,0.999531
6,1,10,4,1,0.99941
6,1,10,4,2,0.999158
6,1,10,3,0,0.999482
6,1,10,3,1,0.999323
6,1,10,3,2,0.99917
6,1,10,5,0,0.999619
6,1,10,5,1,0.999449
6,1,10,5,2,0.999195
6,1,10,6,0,0.999653
6,1,10,6,1,0.999508
6,1,10,6,2,0.999208
6,1,10,7,0,0.999681
6,1,10,7,1,0.999519
6,1,10,7,2,0.999258
7,0,-10,0,0,0.001001
7,0,-10,0,1,0.000549
7,0,-10,0,2,0.000375
7,0,-10,1,0,0.001879
7,0,-10,1,1,0.0009
7,0,-10,1,2,0.000497
7,0,-10,2,0,0.001927
7,0,-10,2,1,0.000966
7,0,-10,2,2,0.000529
7,0,-10,4,0,0.001681
7,0,-10,4,1,0.001257
7,0,-10,4,2,0.000553
7,0,-10,3,0,0.003852
7,0,-10,3,1,0.001714
7,0,-10,3,2,0.000842
7,0,-10,5,0,0.004209
7,0,-10,5,1,0.001897
7,0,-10,5,2,0.00091
7,0,-10,6,0,0.003611
7,0,-10,6,1,0.001861
7,0,-10,6,2,0.000866
7,0,-10,7,0,0.007986
7,0,-10,7,1,0.003036
7,0,-10,7,2,0.001473
7,0,-9,0,0,0.002057
7,0,-9,0,1,0.001195
7,0,-9,0,2,0.00085
7,0,-9,1,0,0.003734
7,0,-9,1,1,0.001884
7,0,-9,1,2,0.001096
7,0,-9,2,0,0.003941
7,0,-9,2,1,0.002029
7,0,-9,2,2,0.001157
7,0,-9,4,0,0.003463
7,0,-9,4,1,0.002592
7,0,-9,4,2,0.001204
7,0,-9,3,0,0.007531
7,0,-9,3,1,0.003478
7,0,-9,3,2,0.001766
7,0,-9,5,0,0.008361
7,0,-9,5,1,0.003888
7,0,-9,5,2,0.001924
7,0,-9,6,0,0.007125
7,0,-9,6,1,0.00382
7,0,-9,6,2,0.001842
7,0,-9,7,0,0.015566
7,0,-9,7,1,0.006176
7,0,-9,7,2,0.003053
7,0,-8,0,0,0.004032
7,0,-8,0,1,0.002445
7,0,-8,0,2,0.001762
7,0,-8,1,0,0.007109
7,0,-8,1,1,0.003775
7,0,-8,1,2,0.002261
7,0,-8,2,0,0.007851
7,0,-8,2,1,0.004145
7,0,-8,2,2,0.002388
7,0,-8,4,0,0.007053
7,0,-8,4,1,0.005261
7,0,-8,4,2,0.00248
7,0,-8,3,0,0.014107
7,0,-8,3,1,0.006817
7,0,-8,3,2,0.003522
7,0,-8,5,0,0.015757
7,0,-8,5,1,0.007797
7,0,-8,5,2,0.003873
7,0,-8,6,0,0.013618
7,0,-8,6,1,0.007751
7,0,-8,6,2,0.003776
7,0,-8,7,0,0.028994
7,0,-8,7,1,0.012307
7,0,-8,7,2,0.006121
7,0,-7,0,0,0.007826
7,0,-7,0,1,0.004958
7,0,-7,0,2,0.003627
7,0,-7,1,0,0.013365
7,0,-7,1,1,0.007497
7,0,-7,1,2,0.004629
7,0,-7,2,0,0.015369
7,0,-7,2,1,0.008334
7,0,-7,2,2,0.004898
7,0,-7,4,0,0.014209
7,0,-7,4,1,0.010507
7,0,-7,4,2,0.005085
7,0,-7,3,0,0.025711
7,0,-7,3,1,0.0132
7,0,-7,3,2,0.006973
7,0,-7,5,0,0.028909
7,0,-7,5,1,0.015314
7,0,-7,5,2,0.007716
7,0,-7,6,0,0.025487
7,0,-7,6,1,0.015437
7,0,-7,6,2,0.007654
7,0,-7,7,0,0.051405
7,0,-7,7,1,0.023999
7,0,-7,7,2,0.011974
7,0,-6,0,0,0.015093
7,0,-6,0,1,0.010039
7,0,-6,0,2,0.007495
7,0,-6,1,0,0.024855
7,0,-6,1,1,0.014802
7,0,-6,1,2,0.009453
7,0,-6,2,0,0.029146
7,0,-6,2,1,0.016534
7,0,-6,2,2,0.010012
7,0,-6,4,0,0.028346
7,0,-6,4,1,0.020322
7,0,-6,4,2,0.010362
7,0,-6,3,0,0.045768
7,0,-6,3,1,0.025177
7,0,-6,3,2,0.013775
7,0,-6,5,0,0.052195
7,0,-6,5,1,0.029305
7,0,-6,5,2,0.015196
7,0,-6,6,0,0.047315
7,0,-6,6,1,0.02996
7,0,-6,6,2,0.015392
7,0,-6,7,0,0.087131
7,0,-6,7,1,0.045527
7,0,-6,7,2,0.023091
7,0,-5,0,0,0.028605
7,0,-5,0,1,0.019962
7,0,-5,0,2,0.015253
7,0,-5,1,0,0.045381
7,0,-5,1,1,0.028675
7,0,-5,1,2,0.018952
7,0,-5,2,0,0.052877
7,0,-5,2,1,0.032002
7,0,-5,2,2,0.020142
7,0,-5,4,0,0.055109
7,0,-5,4,1,0.038175
7,0,-5,4,2,0.020704
7,0,-5,3,0,0.079243
7,0,-5,3,1,0.046679
7,0,-5,3,2,0.026791
7,0,-5,5,0,0.091961
7,0,-5,5,1,0.054543
7,0,-5,5,2,0.029174
7,0,-5,6,0,0.086682
7,0,-5,6,1,0.05655
7,0,-5,6,2,0.030254
7,0,-5,7,0,0.14141
7,0,-5,7,1,0.082622
7,0,-5,7,2,0.043444
7,0,-4,0,0,0.053117
7,0,-4,0,1,0.038857
7,0,-4,0,2,0.030522
7,0,-4,1,0,0.080717
7,0,-4,1,1,0.054197
7,0,-4,1,2,0.037225
7,0,-4,2,0,0.093186
7,0,-4,2,1,0.060447
7,0,-4,2,2,0.039725
7,0,-4,4,0,0.101168
7,0,-4,4,1,0.070908
7,0,-4,4,2,0.040699
7,0,-4,3,0,0.132453
7,0,-4,3,1,0.083896
7,0,-4,3,2,0.051164
7,0,-4,5,0,0.155569
7,0,-4,5,1,0.098421
7,0,-4,5,2,0.054489
7,0,-4,6,0,0.152486
7,0,-4,6,1,0.102841
7,0,-4,6,2,0.05742
7,0,-4,7,0,0.219391
7,0,-4,7,1,0.141557
7,0,-4,7,2,0.079403
7,0,-3,0,0,0.096831
7,0,-3,0,1,0.074513
7,0,-3,0,2,0.0605
7,0,-3,1,0,0.139395
7,0,-3,1,1,0.10004
7,0,-3,1,2,0.072096
7,0,-3,2,0,0.15955
7,0,-3,2,1,0.110889
7,0,-3,2,2,0.076935
7,0,-3,4,0,0.176585
7,0,-3,4,1,0.129122
7,0,-3,4,2,0.078652
7,0,-3,3,0,0.213473
7,0,-3,3,1,0.146231
7,0,-3,3,2,0.095744
7,0,-3,5,0,0.250429
7,0,-3,5,1,0.169777
7,0,-3,5,2,0.100001
7,0,-3,6,0,0.252114
7,0,-3,6,1,0.179308
7,0,-3,6,2,0.10619
7,0,-3,7,0,0.324029
7,0,-3,7,1,0.225154
7,0,-3,7,2,0.136803
7,0,-2,0,0,0.171319
7,0,-2,0,1,0.138902
7,0,-2,0,2,0.117087
7,0,-2,1,0,0.231519
7,0,-2,1,1,0.178003
7,0,-2,1,2,0.135947
7,0,-2,2,0,0.262602
7,0,-2,2,1,0.195304
7,0,-2,2,2,0.14455
7,0,-2,4,0,0.293111
7,0,-2,4,1,0.225286
7,0,-2,4,2,0.147237
7,0,-2,3,0,0.325296
7,0,-2,3,1,0.239527
7,0,-2,3,2,0.16953
7,0,-2,5,0,0.378806
7,0,-2,5,1,0.275256
7,0,-2,5,2,0.175243
7,0,-2,6,0,0.391613
7,0,-2,6,1,0.298837
7,0,-2,6,2,0.188691
7,0,-2,7,0,0.453825
7,0,-2,7,1,0.335873
7,0,-2,7,2,0.223421
7,0,-1,0,0,0.290237
7,0,-1,0,1,0.248297
7,0,-1,0,2,0.218013
7,0,-1,1,0,0.361507
7,0,-1,1,1,0.297001
7,0,-1,1,2,0.242529
7,0,-1,2,0,0.412143
7,0,-1,2,1,0.327949
7,0,-1,2,2,0.260101
7,0,-1,4,0,0.466162
7,0,-1,4,1,0.382875
7,0,-1,4,2,0.266109
7,0,-1,3,0,0.464868
7,0,-1,3,1,0.367436
7,0,-1,3,2,0.28404
7,0,-1,5,0,0.541785
7,0,-1,5,1,0.42665
7,0,-1,5,2,0.292776
7,0,-1,6,0,0.555303
7,0,-1,6,1,0.457522
7,0,-1,6,2,0.306473
7,0,-1,7,0,0.600717
7,0,-1,7,1,0.479033
7,0,-1,7,2,0.344213
7,0,0,0,0,0.481952
7,0,0,0,1,0.444138
7,0,0,0,2,0.41588
7,0,0,1,0,0.54212
7,0,0,1,1,0.485926
7,0,0,1,2,0.437203
7,0,0,2,0,0.594471
7,0,0,2,1,0.519438
7,0,0,2,2,0.457108
7,0,0,4,0,0.651877
7,0,0,4,1,0.579426
7,0,0,4,2,0.464328
7,0,0,3,0,0.628648
7,0,0,3,1,0.546301
7,0,0,3,2,0.474481
7,0,0,5,0,0.703684
7,0,0,5,1,0.608136
7,0,0,5,2,0.483379
7,0,0,6,0,0.708682
7,0,0,6,1,0.631074
7,0,0,6,2,0.490645
7,0,0,7,0,0.739806
7,0,0,7,1,0.643413
7,0,0,7,2,0.523248
7,0,1,0,0,0.677996
7,0,1,0,1,0.653646
7,0,1,0,2,0.635412
7,0,1,1,0,0.716687
7,0,1,1,1,0.680596
7,0,1,1,2,0.64919
7,0,1,2,0,0.750469
7,0,1,2,1,0.702234
7,0,1,2,2,0.66206
7,0,1,4,0,0.787596
7,0,1,4,1,0.74098
7,0,1,4,2,0.66672
7,0,1,3,0,0.772026
7,0,1,3,1,0.719299
7,0,1,3,2,0.673154
7,0,1,5,0,0.820365
7,0,1,5,1,0.759197
7,0,1,5,2,0.678878
7,0,1,6,0,0.823836
7,0,1,6,1,0.774213
7,0,1,6,2,0.683662
7,0,1,7,0,0.84283
7,0,1,7,1,0.781423
7,0,1,7,2,0.704429
7,0,2,0,0,0.804581
7,0,2,0,1,0.789063
7,0,2,0,2,0.777382
7,0,2,1,0,0.829021
7,0,2,1,1,0.806152
7,0,2,1,2,0.786144
7,0,2,2,0,0.850898
7,0,2,2,1,0.820231
7,0,2,2,2,0.79456
7,0,2,4,0,0.875035
7,0,2,4,1,0.845469
7,0,2,4,2,0.79762
7,0,2,3,0,0.863821
7,0,2,3,1,0.830595
7,0,2,3,2,0.801391
7,0,2,5,0,0.894905
7,0,2,5,1,0.856456
7,0,2,5,2,0.805086
7,0,2,6,0,0.896871
7,0,2,6,1,0.865892
7,0,2,6,2,0.807934
7,0,2,7,0,0.908113
7,0,2,7,1,0.869859
7,0,2,7,2,0.821009
7,0,3,0,0,0.886493
7,0,3,0,1,0.877132
7,0,3,0,2,0.870058
7,0,3,1,0,0.901138
7,0,3,1,1,0.887402
7,0,3,1,2,0.875336
7,0,3,2,0,0.914492
7,0,3,2,1,0.896026
7,0,3,2,2,0.88051
7,0,3,4,0,0.929267
7,0,3,4,1,0.911497
7,0,3,4,2,0.882396
7,0,3,3,0,0.921913
7,0,3,3,1,0.902042
7,0,3,3,2,0.884518
7,0,3,5,0,0.940787
7,0,3,5,1,0.917838
7,0,3,5,2,0.886769
7,0,3,6,0,0.941869
7,0,3,6,1,0.923478
7,0,3,6,2,0.888401
7,0,3,7,0,0.948252
7,0,3,7,1,0.925576
7,0,3,7,2,0.896212
7,0,4,0,0,0.936467
7,0,4,0,1,0.931059
7,0,4,0,2,0.92696
7,0,4,1,0,0.944873
7,0,4,1,1,0.936969
7,0,4,1,2,0.930002
7,0,4,2,0,0.952672
7,0,4,2,1,0.942021
7,0,4,2,2,0.933043
7,0,4,4,0,0.96132
7,0,4,4,1,0.951091
7,0,4,4,2,0.934155
7,0,4,3,0,0.956767
7,0,4,3,1,0.945373
7,0,4,3,2,0.9353
7,0,4,5,0,0.967739
7,0,4,5,1,0.954605
7,0,4,5,2,0.936612
7,0,4,6,0,0.968293
7,0,4,6,1,0.957821
7,0,4,6,2,0.9375
7,0,4,7,0,0.9718
7,0,4,7,1,0.9589
7,0,4,7,2,0.94198
7,0,5,0,0,0.965634
7,0,5,0,1,0.962639
7,0,5,0,2,0.960363
7,0,5,1,0,0.970269
7,0,5,1,1,0.965903
7,0,5,1,2,0.962046
7,0,5,2,0,0.974623
7,0,5,2,1,0.96873
7,0,5,2,2,0.96375
7,0,5,4,0,0.979458
7,0,5,4,1,0.973805
7,0,5,4,2,0.964375
7,0,5,3,0,0.976815
7,0,5,3,1,0.970538
7,0,5,3,2,0.964977
7,0,5,5,0,0.98292
7,0,5,5,1,0.975693
7,0,5,5,2,0.965709
7,0,5,6,0,0.983199
7,0,5,6,1,0.977458
7,0,5,6,2,0.96618
7,0,5,7,0,0.985071
7,0,5,7,1,0.978005
7,0,5,7,2,0.968649
7,0,6,0,0,0.981907
7,0,6,0,1,0.980299
7,0,6,0,2,0.979074
7,0,6,1,0,0.984388
7,0,6,1,1,0.982048
7,0,6,1,2,0.979977
7,0,6,2,0,0.98674
7,0,6,2,1,0.983578
7,0,6,2,2,0.980901
7,0,6,4,0,0.989356
7,0,6,4,1,0.986325
7,0,6,4,2,0.98124
7,0,6,3,0,0.987887
7,0,6,3,1,0.98453
7,0,6,3,2,0.981551
7,0,6,5,0,0.991177
7,0,6,5,1,0.987316
7,0,6,5,2,0.981946
7,0,6,6,0,0.991316
7,0,6,6,1,0.988256
7,0,6,6,2,0.98219
7,0,6,7,0,0.992291
7,0,6,7,1,0.988529
7,0,6,7,2,0.983511
7,0,7,0,0,0.990696
7,0,7,0,1,0.989853
7,0,7,0,2,0.98921
7,0,7,1,0,0.991994
7,0,7,1,1,0.990769
7,0,7,1,2,0.989683
7,0,7,2,0,0.993231
7,0,7,2,1,0.991575
7,0,7,2,2,0.99017
7,0,7,4,0,0.99461
7,0,7,4,1,0.993023
7,0,7,4,2,0.990349
7,0,7,3,0,0.99382
7,0,7,3,1,0.992067
7,0,7,3,2,0.990508
7,0,7,5,0,0.995549
7,0,7,5,1,0.993533
7,0,7,5,2,0.990715
7,0,7,6,0,0.995619
7,0,7,6,1,0.994025
7,0,7,6,2,0.990841
7,0,7,7,0,0.996114
7,0,7,7,1,0.994157
7,0,7,7,2,0.99153
7,0,8,0,0,0.995322
7,0,8,0,1,0.994887
7,0,8,0,2,0.994555
7,0,8,1,0,0.995988
7,0,8,1,1,0.995359
7,0,8,1,2,0.994799
7,0,8,2,0,0.996629
7,0,8,2,1,0.995777
7,0,8,2,2,0.995052
7,0,8,4,0,0.997344
7,0,8,4,1,0.996529
7,0,8,4,2,0.995145
7,0,8,3,0,0.996923
7,0,8,3,1,0.996024
7,0,8,3,2,0.995223
7,0,8,5,0,0.997816
7,0,8,5,1,0.996784
7,0,8,5,2,0.995331
7,0,8,6,0,0.997851
7,0,8,6,1,0.997038
7,0,8,6,2,0.995394
7,0,8,7,0,0.998094
7,0,8,7,1,0.997096
7,0,8,7,2,0.995747
7,0,9,0,0,0.997718
7,0,9,0,1,0.9975
7,0,9,0,2,0.997333
7,0,9,1,0,0.99805
7,0,9,1,1,0.997735
7,0,9,1,2,0.997455
7,0,9,2,0,0.998376
7,0,9,2,1,0.997949
7,0,9,2,2,0.997584
7,0,9,4,0,0.99874
7,0,9,4,1,0.998332
7,0,9,4,2,0.997632
7,0,9,3,0,0.998515
7,0,9,3,1,0.998067
7,0,9,3,2,0.997667
7,0,9,5,0,0.998967
7,0,9,5,1,0.998454
7,0,9,5,2,0.997722
7,0,9,6,0,0.99898
7,0,9,6,1,0.998579
7,0,9,6,2,0.997751
7,0,9,7,0,0.999096
7,0,9,7,1,0.998603
7,0,9,7,2,0.997927
7,0,10,0,0,0.998935
7,0,10,0,1,0.998832
7,0,10,0,2,0.998752
7,0,10,1,0,0.999092
7,0,10,1,1,0.998943
7,0,10,1,2,0.99881
7,0,10,2,0,0.999248
7,0,10,2,1,0.999045
7,0,10,2,2,0.998872
7,0,10,4,0,0.999422
7,0,10,4,1,0.999229
7,0,10,4,2,0.998895
7,0,10,3,0,0.999311
7,0,10,3,1,0.9991
7,0,10,3,2,0.998911
7,0,10,5,0,0.999527
7,0,10,5,1,0.999285
7,0,10,5,2,0.998937
7,0,10,6,0,0.999532
7,0,10,6,1,0.999343
7,0,10,6,2,0.99895
7,0,10,7,0,0.999585
7,0,10,7,1,0.999354
7,0,10,7,2,0.999033
7,1,-10,0,0,0.001305
7,1,-10,0,1,0.000728
7,1,-10,0,2,0.000458
7,1,-10,1,0,0.002455
7,1,-10,1,1,0.001229
7,1,-10,1,2,0.000645
7,1,-10,2,0,0.002695
7,1,-10,2,1,0.001397
7,1,-10,2,2,0.000695
7,1,-10,4,0,0.003377
7,1,-10,4,1,0.00144
7,1,-10,4,2,0.000708
7,1,-10,3,0,0.004911
7,1,-10,3,1,0.002321
7,1,-10,3,2,0.001062
7,1,-10,5,0,0.004938
7,1,-10,5,1,0.002608
7,1,-10,5,2,0.001009
7,1,-10,6,0,0.00578
7,1,-10,6,1,0.002933
7,1,-10,6,2,0.001089
7,1,-10,7,0,0.00866
7,1,-10,7,1,0.004452
7,1,-10,7,2,0.00179
7,1,-9,0,0,0.002786
7,1,-9,0,1,0.001653
7,1,-9,0,2,0.001103
7,1,-9,1,0,0.005032
7,1,-9,1,1,0.002667
7,1,-9,1,2,0.001487
7,1,-9,2,0,0.005529
7,1,-9,2,1,0.003014
7,1,-9,2,2,0.001596
7,1,-9,4,0,0.006519
7,1,-9,4,1,0.003112
7,1,-9,4,2,0.001621
7,1,-9,3,0,0.009813
7,1,-9,3,1,0.004864
7,1,-9,3,2,0.002341
7,1,-9,5,0,0.009707
7,1,-9,5,1,0.005432
7,1,-9,5,2,0.002241
7,1,-9,6,0,0.011458
7,1,-9,6,1,0.006124
7,1,-9,6,2,0.002407
7,1,-9,7,0,0.016857
7,1,-9,7,1,0.009099
7,1,-9,7,2,0.003812
7,1,-8,0,0,0.005679
7,1,-8,0,1,0.003551
7,1,-8,0,2,0.002449
7,1,-8,1,0,0.009877
7,1,-8,1,1,0.005577
7,1,-8,1,2,0.00323
7,1,-8,2,0,0.010928
7,1,-8,2,1,0.006248
7,1,-8,2,2,0.00346
7,1,-8,4,0,0.012087
7,1,-8,4,1,0.006516
7,1,-8,4,2,0.003508
7,1,-8,3,0,0.018758
7,1,-8,3,1,0.009889
7,1,-8,3,2,0.00495
7,1,-8,5,0,0.018112
7,1,-8,5,1,0.010897
7,1,-8,5,2,0.004761
7,1,-8,6,0,0.021739
7,1,-8,6,1,0.012374
7,1,-8,6,2,0.005107
7,1,-8,7,0,0.031098
7,1,-8,7,1,0.018007
7,1,-8,7,2,0.007883
7,1,-7,0,0,0.011243
7,1,-7,0,1,0.007393
7,1,-7,0,2,0.005223
7,1,-7,1,0,0.018755
7,1,-7,1,1,0.011325
7,1,-7,1,2,0.006768
7,1,-7,2,0,0.020938
7,1,-7,2,1,0.012596
7,1,-7,2,2,0.007276
7,1,-7,4,0,0.022895
7,1,-7,4,1,0.013285
7,1,-7,4,2,0.007373
7,1,-7,3,0,0.034156
7,1,-7,3,1,0.019482
7,1,-7,3,2,0.010128
7,1,-7,5,0,0.033714
7,1,-7,5,1,0.021075
7,1,-7,5,2,0.009844
7,1,-7,6,0,0.040139
7,1,-7,6,1,0.024258
7,1,-7,6,2,0.010563
7,1,-7,7,0,0.055497
7,1,-7,7,1,0.0342
7,1,-7,7,2,0.015758
7,1,-6,0,0,0.021787
7,1,-6,0,1,0.014999
7,1,-6,0,2,0.01091
7,1,-6,1,0,0.03485
7,1,-6,1,1,0.022268
7,1,-6,1,2,0.013869
7,1,-6,2,0,0.038862
7,1,-6,2,1,0.024729
7,1,-6,2,2,0.014965
7,1,-6,4,0,0.042303
7,1,-6,4,1,0.026224
7,1,-6,4,2,0.015153
7,1,-6,3,0,0.060685
7,1,-6,3,1,0.036977
7,1,-6,3,2,0.020165
7,1,-6,5,0,0.061661
7,1,-6,5,1,0.039539
7,1,-6,5,2,0.019814
7,1,-6,6,0,0.07172
7,1,-6,6,1,0.046209
7,1,-6,6,2,0.021219
7,1,-6,7,0,0.096619
7,1,-6,7,1,0.062717
7,1,-6,7,2,0.030321
7,1,-5,0,0,0.041232
7,1,-5,0,1,0.029629
7,1,-5,0,2,0.022324
7,1,-5,1,0,0.063285
7,1,-5,1,1,0.042403
7,1,-5,1,2,0.027757
7,1,-5,2,0,0.070506
7,1,-5,2,1,0.047145
7,1,-5,2,2,0.03001
7,1,-5,4,0,0.075065
7,1,-5,4,1,0.050399
7,1,-5,4,2,0.030336
7,1,-5,3,0,0.105647
7,1,-5,3,1,0.067658
7,1,-5,3,2,0.03914
7,1,-5,5,0,0.109133
7,1,-5,5,1,0.072443
7,1,-5,5,2,0.038883
7,1,-5,6,0,0.124402
7,1,-5,6,1,0.08491
7,1,-5,6,2,0.041344
7,1,-5,7,0,0.162106
7,1,-5,7,1,0.110521
7,1,-5,7,2,0.056943
7,1,-4,0,0,0.075904
7,1,-4,0,1,0.057006
7,1,-4,0,2,0.044625
7,1,-4,1,0,0.111231
7,1,-4,1,1,0.078499
7,1,-4,1,2,0.054203
7,1,-4,2,0,0.123642
7,1,-4,2,1,0.086662
7,1,-4,2,2,0.058497
7,1,-4,4,0,0.130534
7,1,-4,4,1,0.093983
7,1,-4,4,2,0.058875
7,1,-4,3,0,0.17652
7,1,-4,3,1,0.119728
7,1,-4,3,2,0.074011
7,1,-4,5,0,0.185305
7,1,-4,5,1,0.127973
7,1,-4,5,2,0.073814
7,1,-4,6,0,0.208376
7,1,-4,6,1,0.149618
7,1,-4,6,2,0.078516
7,1,-4,7,0,0.260138
7,1,-4,7,1,0.186483
7,1,-4,7,2,0.105003
7,1,-3,0,0,0.134858
7,1,-3,0,1,0.106085
7,1,-3,0,2,0.086298
7,1,-3,1,0,0.187118
7,1,-3,1,1,0.139907
7,1,-3,1,2,0.102214
7,1,-3,2,0,0.208736
7,1,-3,2,1,0.15327
7,1,-3,2,2,0.109999
7,1,-3,4,0,0.222355
7,1,-3,4,1,0.169686
7,1,-3,4,2,0.110729
7,1,-3,3,0,0.278366
7,1,-3,3,1,0.201501
7,1,-3,3,2,0.13413
7,1,-3,5,0,0.299804
7,1,-3,5,1,0.215977
7,1,-3,5,2,0.134475
7,1,-3,6,0,0.330235
7,1,-3,6,1,0.250561
7,1,-3,6,2,0.143429
7,1,-3,7,0,0.387905
7,1,-3,7,1,0.291334
7,1,-3,7,2,0.178735
7,1,-2,0,0,0.230688
7,1,-2,0,1,0.190609
7,1,-2,0,2,0.161422
7,1,-2,1,0,0.300755
7,1,-2,1,1,0.239172
7,1,-2,1,2,0.185981
7,1,-2,2,0,0.336059
7,1,-2,2,1,0.2604
7,1,-2,2,2,0.199075
7,1,-2,4,0,0.358213
7,1,-2,4,1,0.292427
7,1,-2,4,2,0.201011
7,1,-2,3,0,0.409587
7,1,-2,3,1,0.315471
7,1,-2,3,2,0.227744
7,1,-2,5,0,0.449783
7,1,-2,5,1,0.342872
7,1,-2,5,2,0.231434
7,1,-2,6,0,0.494076
7,1,-2,6,1,0.395888
7,1,-2,6,2,0.250673
7,1,-2,7,0,0.536724
7,1,-2,7,1,0.423646
7,1,-2,7,2,0.283883
7,1,-1,0,0,0.37709
7,1,-1,0,1,0.328244
7,1,-1,0,2,0.290342
7,1,-1,1,0,0.453718
7,1,-1,1,1,0.38388
7,1,-1,1,2,0.31988
7,1,-1,2,0,0.511195
7,1,-1,2,1,0.42125
7,1,-1,2,2,0.344634
7,1,-1,4,0,0.557945
7,1,-1,4,1,0.484499
7,1,-1,4,2,0.350083
7,1,-1,3,0,0.564555
7,1,-1,3,1,0.463305
7,1,-1,3,2,0.366622
7,1,-1,5,0,0.632748
7,1,-1,5,1,0.521287
7,1,-1,5,2,0.377786
7,1,-1,6,0,0.670476
7,1,-1,6,1,0.571169
7,1,-1,6,2,0.394631
7,1,-1,7,0,0.695052
7,1,-1,7,1,0.584155
7,1,-1,7,2,0.425701
7,1,0,0,0,0.603455
7,1,0,0,1,0.565906
7,1,0,0,2,0.535923
7,1,0,1,0,0.658022
7,1,0,1,1,0.606085
7,1,0,1,2,0.557543
7,1,0,2,0,0.709285
7,1,0,2,1,0.640714
7,1,0,2,2,0.581071
7,1,0,4,0,0.756638
7,1,0,4,1,0.700838
7,1,0,4,2,0.586763
7,1,0,3,0,0.737154
7,1,0,3,1,0.663483
7,1,0,3,2,0.592898
7,1,0,5,0,0.798552
7,1,0,5,1,0.719846
7,1,0,5,2,0.604082
7,1,0,6,0,0.814863
7,1,0,6,1,0.747155
7,1,0,6,2,0.610031
7,1,0,7,0,0.829862
7,1,0,7,1,0.75399
7,1,0,7,2,0.633903
7,1,1,0,0,0.8015
7,1,1,0,1,0.783263
7,1,1,0,2,0.76878
7,1,1,1,0,0.828421
7,1,1,1,1,0.803041
7,1,1,1,2,0.779398
7,1,1,2,0,0.852634
7,1,1,2,1,0.819281
7,1,1,2,2,0.790385
7,1,1,4,0,0.874509
7,1,1,4,1,0.847373
7,1,1,4,2,0.793003
7,1,1,3,0,0.867385
7,1,1,3,1,0.831248
7,1,1,3,2,0.796619
7,1,1,5,0,0.896356
7,1,1,5,1,0.857474
7,1,1,5,2,0.801804
7,1,1,6,0,0.90554
7,1,1,6,1,0.871854
7,1,1,6,2,0.805414
7,1,1,7,0,0.913056
7,1,1,7,1,0.875367
7,1,1,7,2,0.816947
7,1,2,0,0,0.895338
7,1,2,0,1,0.885451
7,1,2,0,2,0.877574
7,1,2,1,0,0.909828
7,1,2,1,1,0.89612
7,1,2,1,2,0.883314
7,1,2,2,0,0.92313
7,1,2,2,1,0.905068
7,1,2,2,2,0.889381
7,1,2,4,0,0.935252
7,1,2,4,1,0.920587
7,1,2,4,2,0.890837
7,1,2,3,0,0.930751
7,1,2,3,1,0.911289
7,1,2,3,2,0.892621
7,1,2,5,0,0.946685
7,1,2,5,1,0.925802
7,1,2,5,2,0.895504
7,1,2,6,0,0.951405
7,1,2,6,1,0.93337
7,1,2,6,2,0.897332
7,1,2,7,0,0.955274
7,1,2,7,1,0.935116
7,1,2,7,2,0.903532
7,1,3,0,0,0.946803
7,1,3,0,1,0.941706
7,1,3,0,2,0.93764
7,1,3,1,0,0.954241
7,1,3,1,1,0.947188
7,1,3,1,2,0.940592
7,1,3,2,0,0.961148
7,1,3,2,1,0.951841
7,1,3,2,2,0.94375
7,1,3,4,0,0.967475
7,1,3,4,1,0.959922
7,1,3,4,2,0.944511
7,1,3,3,0,0.964981
7,1,3,3,1,0.954981
7,1,3,3,2,0.945385
7,1,3,5,0,0.973259
7,1,3,5,1,0.962544
7,1,3,5,2,0.946889
7,1,3,6,0,0.975605
7,1,3,6,1,0.966371
7,1,3,6,2,0.947785
7,1,3,7,0,0.977562
7,1,3,7,1,0.967242
7,1,3,7,2,0.950978
7,1,4,0,0,0.973498
7,1,4,0,1,0.970945
7,1,4,0,2,0.968908
7,1,4,1,0,0.977225
7,1,4,1,1,0.973693
7,1,4,1,2,0.970388
7,1,4,2,0,0.980683
7,1,4,2,1,0.976022
7,1,4,2,2,0.971969
7,1,4,4,0,0.983848
7,1,4,4,1,0.980068
7,1,4,4,2,0.97235
7,1,4,3,0,0.982598
7,1,4,3,1,0.977594
7,1,4,3,2,0.972788
7,1,4,5,0,0.986745
7,1,4,5,1,0.981379
7,1,4,5,2,0.973542
7,1,4,6,0,0.987928
7,1,4,6,1,0.983304
7,1,4,6,2,0.973997
7,1,4,7,0,0.988893
7,1,4,7,1,0.983728
7,1,4,7,2,0.975589
7,1,5,0,0,0.986863
7,1,5,0,1,0.985582
7,1,5,0,2,0.984559
7,1,5,1,0,0.988728
7,1,5,1,1,0.986959
7,1,5,1,2,0.985301
7,1,5,2,0,0.990472
7,1,5,2,1,0.988134
7,1,5,2,2,0.986099
7,1,5,4,0,0.992073
7,1,5,4,1,0.990179
7,1,5,4,2,0.986293
7,1,5,3,0,0.991412
7,1,5,3,1,0.988908
7,1,5,3,2,0.986502
7,1,5,5,0,0.993504
7,1,5,5,1,0.990823
7,1,5,5,2,0.986885
7,1,5,6,0,0.994087
7,1,5,6,1,0.991778
7,1,5,6,2,0.987108
7,1,5,7,0,0.994558
7,1,5,7,1,0.991981
7,1,5,7,2,0.987902
7,1,6,0,0,0.9936
7,1,6,0,1,0.99297
7,1,6,0,2,0.992467
7,1,6,1,0,0.994512
7,1,6,1,1,0.993644
7,1,6,1,2,0.992831
7,1,6,2,0,0.995374
7,1,6,2,1,0.994226
7,1,6,2,2,0.993226
7,1,6,4,0,0.996169
7,1,6,4,1,0.995239
7,1,6,4,2,0.993322
7,1,6,3,0,0.995829
7,1,6,3,1,0.9946
7,1,6,3,2,0.993421
7,1,6,5,0,0.996862
7,1,6,5,1,0.995549
7,1,6,5,2,0.99361
7,1,6,6,0,0.997138
7,1,6,6,1,0.996009
7,1,6,6,2,0.993713
7,1,6,7,0,0.997371
7,1,6,7,1,0.996111
7,1,6,7,2,0.994106
7,1,7,0,0,0.996927
7,1,7,0,1,0.996625
7,1,7,0,2,0.996385
7,1,7,1,0,0.997365
7,1,7,1,1,0.996949
7,1,7,1,2,0.996559
7,1,7,2,0,0.997775
7,1,7,2,1,0.997225
7,1,7,2,2,0.996747
7,1,7,4,0,0.998152
7,1,7,4,1,0.997705
7,1,7,4,2,0.996792
7,1,7,3,0,0.998
7,1,7,3,1,0.99741
7,1,7,3,2,0.996843
7,1,7,5,0,0.998491
7,1,7,5,1,0.997859
7,1,7,5,2,0.996932
7,1,7,6,0,0.998626
7,1,7,6,1,0.998082
7,1,7,6,2,0.996983
7,1,7,7,0,0.998742
7,1,7,7,1,0.998134
7,1,7,7,2,0.997173
7,1,8,0,0,0.998509
7,1,8,0,1,0.998361
7,1,8,0,2,0.998242
7,1,8,1,0,0.998728
7,1,8,1,1,0.998522
7,1,8,1,2,0.998329
7,1,8,2,0,0.998928
7,1,8,2,1,0.998656
7,1,8,2,2,0.99842
7,1,8,4,0,0.999109
7,1,8,4,1,0.998889
7,1,8,4,2,0.998442
7,1,8,3,0,0.999041
7,1,8,3,1,0.998749
7,1,8,3,2,0.998469
7,1,8,5,0,0.999281
7,1,8,5,1,0.998967
7,1,8,5,2,0.998512
7,1,8,6,0,0.999353
7,1,8,6,1,0.999083
7,1,8,6,2,0.998541
7,1,8,7,0,0.999406
7,1,8,7,1,0.999105
7,1,8,7,2,0.998633
7,1,9,0,0,0.999283
7,1,9,0,1,0.999206
7,1,9,0,2,0.999144
7,1,9,1,0,0.999394
7,1,9,1,1,0.999288
7,1,9,1,2,0.999189
7,1,9,2,0,0.9995
7,1,9,2,1,0.99936
7,1,9,2,2,0.999238
7,1,9,4,0,0.999598
7,1,9,4,1,0.999486
7,1,9,4,2,0.999249
7,1,9,3,0,0.999551
7,1,9,3,1,0.999403
7,1,9,3,2,0.99926
7,1,9,5,0,0.999679
7,1,9,5,1,0.999521
7,1,9,5,2,0.999284
7,1,9,6,0,0.999713
7,1,9,6,1,0.999578
7,1,9,6,2,0.999298
7,1,9,7,0,0.999735
7,1,9,7,1,0.999585
7,1,9,7,2,0.999343
7,1,10,0,0,0.999693
7,1,10,0,1,0.999657
7,1,10,0,2,0.999629
7,1,10,1,0,0.999742
7,1,10,1,1,0.999694
7,1,10,1,2,0.999649
7,1,10,2,0,0.999793
7,1,10,2,1,0.999729
7,1,10,2,2,0.999673
7,1,10,4,0,0.999842
7,1,10,4,1,0.999791
7,1,10,4,2,0.999679
7,1,10,3,0,0.999812
7,1,10,3,1,0.999745
7,1,10,3,2,0.999681
7,1,10,5,0,0.999874
7,1,10,5,1,0.999804
7,1,10,5,2,0.999693
7,1,10,6,0,0.999884
7,1,10,6,1,0.999825
7,1,10,6,2,0.999696
7,1,10,7,0,0.999894
7,1,10,7,1,0.999828
7,1,10,7,2,0.999718
8,0,-10,0,0,0.000392
8,0,-10,0,1,0.000155
8,0,-10,0,2,8.6e-05
8,0,-10,1,0,0.000855
8,0,-10,1,1,0.000308
8,0,-10,1,2,0.000128
8,0,-10,2,0,0.000714
8,0,-10,2,1,0.000303
8,0,-10,2,2,0.000138
8,0,-10,4,0,0.000547
8,0,-10,4,1,0.000427
8,0,-10,4,2,0.000148
8,0,-10,3,0,0.001896
8,0,-10,3,1,0.000685
8,0,-10,3,2,0.000292
8,0,-10,5,0,0.001943
8,0,-10,5,1,0.000683
8,0,-10,5,2,0.000295
8,0,-10,6,0,0.001641
8,0,-10,6,1,0.000638
8,0,-10,6,2,0.000255
8,0,-10,7,0,0.004052
8,0,-10,7,1,0.001145
8,0,-10,7,2,0.000519
8,0,-9,0,0,0.0009
8,0,-9,0,1,0.000397
8,0,-9,0,2,0.000249
8,0,-9,1,0,0.00189
8,0,-9,1,1,0.000728
8,0,-9,1,2,0.00034
8,0,-9,2,0,0.001674
8,0,-9,2,1,0.000713
8,0,-9,2,2,0.000355
8,0,-9,4,0,0.001228
8,0,-9,4,1,0.00097
8,0,-9,4,2,0.000374
8,0,-9,3,0,0.004206
8,0,-9,3,1,0.001554
8,0,-9,3,2,0.000694
8,0,-9,5,0,0.004572
8,0,-9,5,1,0.001589
8,0,-9,5,2,0.000735
8,0,-9,6,0,0.003605
8,0,-9,6,1,0.001447
8,0,-9,6,2,0.00062
8,0,-9,7,0,0.009277
8,0,-9,7,1,0.002649
8,0,-9,7,2,0.001248
8,0,-8,0,0,0.00184
8,0,-8,0,1,0.000858
8,0,-8,0,2,0.000534
8,0,-8,1,0,0.00375
8,0,-8,1,1,0.001539
8,0,-8,1,2,0.000743
8,0,-8,2,0,0.003764
8,0,-8,2,1,0.00163
8,0,-8,2,2,0.000775
8,0,-8,4,0,0.002767
8,0,-8,4,1,0.002258
8,0,-8,4,2,0.000819
8,0,-8,3,0,0.008499
8,0,-8,3,1,0.003258
8,0,-8,3,2,0.001435
8,0,-8,5,0,0.009229
8,0,-8,5,1,0.00361
8,0,-8,5,2,0.001589
8,0,-8,6,0,0.007323
8,0,-8,6,1,0.003356
8,0,-8,6,2,0.001386
8,0,-8,7,0,0.019523
8,0,-8,7,1,0.006026
8,0,-8,7,2,0.002807
8,0,-7,0,0,0.003783
8,0,-7,0,1,0.001881
8,0,-7,0,2,0.001175
8,0,-7,1,0,0.007452
8,0,-7,1,1,0.003297
8,0,-7,1,2,0.001667
8,0,-7,2,0,0.008462
8,0,-7,2,1,0.003647
8,0,-7,2,2,0.001738
8,0,-7,4,0,0.006264
8,0,-7,4,1,0.005171
8,0,-7,4,2,0.001857
8,0,-7,3,0,0.016592
8,0,-7,3,1,0.006917
8,0,-7,3,2,0.003014
8,0,-7,5,0,0.017947
8,0,-7,5,1,0.007979
8,0,-7,5,2,0.003502
8,0,-7,6,0,0.014373
8,0,-7,6,1,0.007642
8,0,-7,6,2,0.003137
8,0,-7,7,0,0.037799
8,0,-7,7,1,0.013497
8,0,-7,7,2,0.006007
8,0,-6,0,0,0.007886
8,0,-6,0,1,0.004254
8,0,-6,0,2,0.002709
8,0,-6,1,0,0.014902
8,0,-6,1,1,0.007223
8,0,-6,1,2,0.003828
8,0,-6,2,0,0.018064
8,0,-6,2,1,0.008155
8,0,-6,2,2,0.003985
8,0,-6,4,0,0.014838
8,0,-6,4,1,0.01091
8,0,-6,4,2,0.004247
8,0,-6,3,0,0.031759
8,0,-6,3,1,0.014668
8,0,-6,3,2,0.006518
8,0,-6,5,0,0.035204
8,0,-6,5,1,0.016993
8,0,-6,5,2,0.007722
8,0,-6,6,0,0.029112
8,0,-6,6,1,0.016772
8,0,-6,6,2,0.007273
8,0,-6,7,0,0.068866
8,0,-6,7,1,0.029716
8,0,-6,7,2,0.012962
8,0,-5,0,0,0.016158
8,0,-5,0,1,0.009397
8,0,-5,0,2,0.006122
8,0,-5,1,0,0.029514
8,0,-5,1,1,0.015557
8,0,-5,1,2,0.008557
8,0,-5,2,0,0.03523
8,0,-5,2,1,0.017602
8,0,-5,2,2,0.00904
8,0,-5,4,0,0.03464
8,0,-5,4,1,0.021752
8,0,-5,4,2,0.009399
8,0,-5,3,0,0.059293
8,0,-5,3,1,0.029985
8,0,-5,3,2,0.01401
8,0,-5,5,0,0.068381
8,0,-5,5,1,0.035269
8,0,-5,5,2,0.016363
8,0,-5,6,0,0.060679
8,0,-5,6,1,0.035798
8,0,-5,6,2,0.016417
8,0,-5,7,0,0.119128
8,0,-5,7,1,0.061666
8,0,-5,7,2,0.027492
8,0,-4,0,0,0.032514
8,0,-4,0,1,0.020235
8,0,-4,0,2,0.013667
8,0,-4,1,0,0.057034
8,0,-4,1,1,0.032705
8,0,-4,1,2,0.01875
8,0,-4,2,0,0.066908
8,0,-4,2,1,0.037262
8,0,-4,2,2,0.020145
8,0,-4,4,0,0.07149
8,0,-4,4,1,0.044331
8,0,-4,4,2,0.020784
8,0,-4,3,0,0.106517
8,0,-4,3,1,0.059495
8,0,-4,3,2,0.030219
8,0,-4,5,0,0.126482
8,0,-4,5,1,0.071424
8,0,-4,5,2,0.033457
8,0,-4,6,0,0.120712
8,0,-4,6,1,0.072849
8,0,-4,6,2,0.034988
8,0,-4,7,0,0.195724
8,0,-4,7,1,0.117858
8,0,-4,7,2,0.057582
8,0,-3,0,0,0.065199
8,0,-3,0,1,0.043767
8,0,-3,0,2,0.031014
8,0,-3,1,0,0.107652
8,0,-3,1,1,0.06806
8,0,-3,1,2,0.041498
8,0,-3,2,0,0.124798
8,0,-3,2,1,0.076836
8,0,-3,2,2,0.044735
8,0,-3,4,0,0.137842
8,0,-3,4,1,0.090808
8,0,-3,4,2,0.045978
8,0,-3,3,0,0.185931
8,0,-3,3,1,0.116388
8,0,-3,3,2,0.065438
8,0,-3,5,0,0.220798
8,0,-3,5,1,0.13673
8,0,-3,5,2,0.069255
8,0,-3,6,0,0.220055
8,0,-3,6,1,0.141877
8,0,-3,6,2,0.074094
8,0,-3,7,0,0.303951
8,0,-3,7,1,0.199883
8,0,-3,7,2,0.108308
8,0,-2,0,0,0.127908
8,0,-2,0,1,0.092656
8,0,-2,0,2,0.069442
8,0,-2,1,0,0.196288
8,0,-2,1,1,0.137031
8,0,-2,1,2,0.090704
8,0,-2,2,0,0.225207
8,0,-2,2,1,0.151893
8,0,-2,2,2,0.097241
8,0,-2,4,0,0.253009
8,0,-2,4,1,0.17721
8,0,-2,4,2,0.098884
8,0,-2,3,0,0.302311
8,0,-2,3,1,0.206713
8,0,-2,3,2,0.128044
8,0,-2,5,0,0.356419
8,0,-2,5,1,0.239277
8,0,-2,5,2,0.133303
8,0,-2,6,0,0.376347
8,0,-2,6,1,0.268528
8,0,-2,6,2,0.151699
8,0,-2,7,0,0.445042
8,0,-2,7,1,0.311287
8,0,-2,7,2,0.189614
8,0,-1,0,0,0.24124
8,0,-1,0,1,0.188864
8,0,-1,0,2,0.150588
8,0,-1,1,0,0.329523
8,0,-1,1,1,0.250127
8,0,-1,1,2,0.181763
8,0,-1,2,0,0.393722
8,0,-1,2,1,0.289542
8,0,-1,2,2,0.204387
8,0,-1,4,0,0.463154
8,0,-1,4,1,0.359661
8,0,-1,4,2,0.21203
8,0,-1,3,0,0.453881
8,0,-1,3,1,0.33576
8,0,-1,3,2,0.232971
8,0,-1,5,0,0.550222
8,0,-1,5,1,0.410812
8,0,-1,5,2,0.243858
8,0,-1,6,0,0.570072
8,0,-1,6,1,0.452412
8,0,-1,6,2,0.262221
8,0,-1,7,0,0.614532
8,0,-1,7,1,0.470331
8,0,-1,7,2,0.306576
8,0,0,0,0,0.485067
8,0,0,0,1,0.439933
8,0,0,0,2,0.405505
8,0,0,1,0,0.554158
8,0,0,1,1,0.488579
8,0,0,1,2,0.430594
8,0,0,2,0,0.621054
8,0,0,2,1,0.53226
8,0,0,2,2,0.457047
8,0,0,4,0,0.695454
8,0,0,4,1,0.610756
8,0,0,4,2,0.466825
8,0,0,3,0,0.652185
8,0,0,3,1,0.558135
8,0,0,3,2,0.474837
8,0,0,5,0,0.745365
8,0,0,5,1,0.637478
8,0,0,5,2,0.486095
8,0,0,6,0,0.747508
8,0,0,6,1,0.662503
8,0,0,6,2,0.491879
8,0,0,7,0,0.775772
8,0,0,7,1,0.670774
8,0,0,7,2,0.529267
8,0,1,0,0,0.734573
8,0,1,0,1,0.712082
8,0,1,0,2,0.695049
8,0,1,1,0,0.769627
8,0,1,1,1,0.73671
8,0,1,1,2,0.707722
8,0,1,2,0,0.801922
8,0,1,2,1,0.757607
8,0,1,2,2,0.720282
8,0,1,4,0,0.837715
8,0,1,4,1,0.795106
8,0,1,4,2,0.724868
8,0,1,3,0,0.819237
8,0,1,3,1,0.771742
8,0,1,3,2,0.729767
8,0,1,5,0,0.864754
8,0,1,5,1,0.809959
8,0,1,5,2,0.735201
8,0,1,6,0,0.867228
8,0,1,6,1,0.823441
8,0,1,6,2,0.739008
8,0,1,7,0,0.881963
8,0,1,7,1,0.828069
8,0,1,7,2,0.757672
8,0,2,0,0,0.855396
8,0,2,0,1,0.842729
8,0,2,0,2,0.833102
8,0,2,1,0,0.875012
8,0,2,1,1,0.856545
8,0,2,1,2,0.840225
8,0,2,2,0,0.893405
8,0,2,2,1,0.868485
8,0,2,2,2,0.847425
8,0,2,4,0,0.913839
8,0,2,4,1,0.889926
8,0,2,4,2,0.850061
8,0,2,3,0,0.902698
8,0,2,3,1,0.876154
8,0,2,3,2,0.852629
8,0,2,5,0,0.928498
8,0,2,5,1,0.897934
8,0,2,5,2,0.855718
8,0,2,6,0,0.929724
8,0,2,6,1,0.905429
8,0,2,6,2,0.857734
8,0,2,7,0,0.937579
8,0,2,7,1,0.907706
8,0,2,7,2,0.868163
8,0,3,0,0,0.924169
8,0,3,0,1,0.917343
8,0,3,0,2,0.91214
8,0,3,1,0,0.934688
8,0,3,1,1,0.924768
8,0,3,1,2,0.915975
8,0,3,2,0,0.944684
8,0,3,2,1,0.931271
8,0,3,2,2,0.919906
8,0,3,4,0,0.955808
8,0,3,4,1,0.942956
8,0,3,4,2,0.921348
8,0,3,3,0,0.949493
8,0,3,3,1,0.935277
8,0,3,3,2,0.922649
8,0,3,5,0,0.963461
8,0,3,5,1,0.947118
8,0,3,5,2,0.924326
8,0,3,6,0,0.964068
8,0,3,6,1,0.951133
8,0,3,6,2,0.925369
8,0,3,7,0,0.968096
8,0,3,7,1,0.952202
8,0,3,7,2,0.930948
8,0,4,0,0,0.961527
8,0,4,0,1,0.957975
8,0,4,0,2,0.95526
8,0,4,1,0,0.966968
8,0,4,1,1,0.961823
8,0,4,1,2,0.95725
8,0,4,2,0,0.972225
8,0,4,2,1,0.965252
8,0,4,2,2,0.959328
8,0,4,4,0,0.978084
8,0,4,4,1,0.971418
8,0,4,4,2,0.960093
8,0,4,3,0,0.974613
8,0,4,3,1,0.967262
8,0,4,3,2,0.96072
8,0,4,5,0,0.981928
8,0,4,5,1,0.973493
8,0,4,5,2,0.961601
8,0,4,6,0,0.982189
8,0,4,6,1,0.975548
8,0,4,6,2,0.962105
8,0,4,7,0,0.984199
8,0,4,7,1,0.976038
8,0,4,7,2,0.964993
8,0,5,0,0,0.981158
8,0,5,0,1,0.97939
8,0,5,0,2,0.978036
8,0,5,1,0,0.983857
8,0,5,1,1,0.9813
8,0,5,1,2,0.979025
8,0,5,2,0,0.986489
8,0,5,2,1,0.983021
8,0,5,2,2,0.980069
8,0,5,4,0,0.989427
8,0,5,4,1,0.986114
8,0,5,4,2,0.980454
8,0,5,3,0,0.987647
8,0,5,3,1,0.984
8,0,5,3,2,0.980751
8,0,5,5,0,0.991301
8,0,5,5,1,0.987121
8,0,5,5,2,0.981192
8,0,5,6,0,0.991417
8,0,5,6,1,0.988135
8,0,5,6,2,0.981432
8,0,5,7,0,0.992392
8,0,5,7,1,0.988361
8,0,5,7,2,0.982867
8,0,6,0,0,0.990984
8,0,6,0,1,0.990126
8,0,6,0,2,0.989468
8,0,6,1,0,0.992291
8,0,6,1,1,0.991051
8,0,6,1,2,0.989948
8,0,6,2,0,0.993572
8,0,6,2,1,0.99189
8,0,6,2,2,0.990457
8,0,6,4,0,0.995004
8,0,6,4,1,0.993398
8,0,6,4,2,0.990645
8,0,6,3,0,0.994124
8,0,6,3,1,0.992359
8,0,6,3,2,0.990785
8,0,6,5,0,0.995902
8,0,6,5,1,0.99388
8,0,6,5,2,0.991
8,0,6,6,0,0.995953
8,0,6,6,1,0.994368
8,0,6,6,2,0.991113
8,0,6,7,0,0.996417
8,0,6,7,1,0.994473
8,0,6,7,2,0.991808
8,0,7,0,0,0.995768
8,0,7,0,1,0.995358
8,0,7,0,2,0.995044
8,0,7,1,0,0.996391
8,0,7,1,1,0.9958
8,0,7,1,2,0.995273
8,0,7,2,0,0.997002
8,0,7,2,1,0.9962
8,0,7,2,2,0.995517
8,0,7,4,0,0.997686
8,0,7,4,1,0.99692
8,0,7,4,2,0.995606
8,0,7,3,0,0.997264
8,0,7,3,1,0.996424
8,0,7,3,2,0.995673
8,0,7,5,0,0.998112
8,0,7,5,1,0.997149
8,0,7,5,2,0.995776
8,0,7,6,0,0.998138
8,0,7,6,1,0.997383
8,0,7,6,2,0.99583
8,0,7,7,0,0.998352
8,0,7,7,1,0.997429
8,0,7,7,2,0.99616
8,0,8,0,0,0.99805
8,0,8,0,1,0.997856
8,0,8,0,2,0.997706
8,0,8,1,0,0.998346
8,0,8,1,1,0.998066
8,0,8,1,2,0.997815
8,0,8,2,0,0.998639
8,0,8,2,1,0.998258
8,0,8,2,2,0.997932
8,0,8,4,0,0.998967
8,0,8,4,1,0.998603
8,0,8,4,2,0.997975
8,0,8,3,0,0.998758
8,0,8,3,1,0.998361
8,0,8,3,2,0.998005
8,0,8,5,0,0.999162
8,0,8,5,1,0.998708
8,0,8,5,2,0.998054
8,0,8,6,0,0.999176
8,0,8,6,1,0.998821
8,0,8,6,2,0.99808
8,0,8,7,0,0.999269
8,0,8,7,1,0.998835
8,0,8,7,2,0.998235
8,0,9,0,0,0.999144
8,0,9,0,1,0.999053
8,0,9,0,2,0.998984
8,0,9,1,0,0.999278
8,0,9,1,1,0.999149
8,0,9,1,2,0.999034
8,0,9,2,0,0.999417
8,0,9,2,1,0.999241
8,0,9,2,2,0.99909
8,0,9,4,0,0.999573
8,0,9,4,1,0.999407
8,0,9,4,2,0.999111
8,0,9,3,0,0.999465
8,0,9,3,1,0.999284
8,0,9,3,2,0.999121
8,0,9,5,0,0.999655
8,0,9,5,1,0.999449
8,0,9,5,2,0.999144
8,0,9,6,0,0.999657
8,0,9,6,1,0.999498
8,0,9,6,2,0.999153
8,0,9,7,0,0.999696
8,0,9,7,1,0.999502
8,0,9,7,2,0.999225
8,0,10,0,0,0.999662
8,0,10,0,1,0.999626
8,0,10,0,2,0.999598
8,0,10,1,0,0.999716
8,0,10,1,1,0.999664
8,0,10,1,2,0.999618
8,0,10,2,0,0.999772
8,0,10,2,1,0.999702
8,0,10,2,2,0.999641
8,0,10,4,0,0.999835
8,0,10,4,1,0.999769
8,0,10,4,2,0.99965
8,0,10,3,0,0.99979
8,0,10,3,1,0.999718
8,0,10,3,2,0.999653
8,0,10,5,0,0.999867
8,0,10,5,1,0.999785
8,0,10,5,2,0.999663
8,0,10,6,0,0.999866
8,0,10,6,1,0.999804
8,0,10,6,2,0.999665
8,0,10,7,0,0.999882
8,0,10,7,1,0.999805
8,0,10,7,2,0.999694
8,1,-10,0,0,0.000422
8,1,-10,0,1,0.000163
8,1,-10,0,2,7e-05
8,1,-10,1,0,0.000953
8,1,-10,1,1,0.000341
8,1,-10,1,2,0.00013
8,1,-10,2,0,0.001019
8,1,-10,2,1,0.000403
8,1,-10,2,2,0.00014
8,1,-10,4,0,0.00168
8,1,-10,4,1,0.000397
8,1,-10,4,2,0.000145
8,1,-10,3,0,0.002116
8,1,-10,3,1,0.000758
8,1,-10,3,2,0.000272
8,1,-10,5,0,0.002295
8,1,-10,5,1,0.000902
8,1,-10,5,2,0.000243
8,1,-10,6,0,0.002552
8,1,-10,6,1,0.000971
8,1,-10,6,2,0.000267
8,1,-10,7,0,0.004175
8,1,-10,7,1,0.001647
8,1,-10,7,2,0.000536
8,1,-9,0,0,0.001067
8,1,-9,0,1,0.00047
8,1,-9,0,2,0.000258
8,1,-9,1,0,0.002279
8,1,-9,1,1,0.000876
8,1,-9,1,2,0.000397
8,1,-9,2,0,0.00242
8,1,-9,2,1,0.001033
8,1,-9,2,2,0.000419
8,1,-9,4,0,0.003367
8,1,-9,4,1,0.000996
8,1,-9,4,2,0.00043
8,1,-9,3,0,0.004995
8,1,-9,3,1,0.001848
8,1,-9,3,2,0.000722
8,1,-9,5,0,0.005032
8,1,-9,5,1,0.002235
8,1,-9,5,2,0.000659
8,1,-9,6,0,0.005819
8,1,-9,6,1,0.002374
8,1,-9,6,2,0.00071
8,1,-9,7,0,0.009434
8,1,-9,7,1,0.003966
8,1,-9,7,2,0.00133
8,1,-8,0,0,0.002401
8,1,-8,0,1,0.001166
8,1,-8,0,2,0.00068
8,1,-8,1,0,0.004918
8,1,-8,1,1,0.002125
8,1,-8,1,2,0.001007
8,1,-8,2,0,0.005343
8,1,-8,2,1,0.002433
8,1,-8,2,2,0.001045
8,1,-8,4,0,0.005999
8,1,-8,4,1,0.002417
8,1,-8,4,2,0.001067
8,1,-8,3,0,0.010744
8,1,-8,3,1,0.004363
8,1,-8,3,2,0.00178
8,1,-8,5,0,0.00945
8,1,-8,5,1,0.005128
8,1,-8,5,2,0.001601
8,1,-8,6,0,0.011994
8,1,-8,6,1,0.005478
8,1,-8,6,2,0.001725
8,1,-8,7,0,0.018773
8,1,-8,7,1,0.009146
8,1,-8,7,2,0.003231
8,1,-7,0,0,0.005178
8,1,-7,0,1,0.002783
8,1,-7,0,2,0.001629
8,1,-7,1,0,0.010011
8,1,-7,1,1,0.004991
8,1,-7,1,2,0.00238
8,1,-7,2,0,0.011253
8,1,-7,2,1,0.00556
8,1,-7,2,2,0.002509
8,1,-7,4,0,0.01263
8,1,-7,4,1,0.005673
8,1,-7,4,2,0.002567
8,1,-7,3,0,0.020718
8,1,-7,3,1,0.009916
8,1,-7,3,2,0.004133
8,1,-7,5,0,0.019024
8,1,-7,5,1,0.010944
8,1,-7,5,2,0.003816
8,1,-7,6,0,0.024212
8,1,-7,6,1,0.01213
8,1,-7,6,2,0.00415
8,1,-7,7,0,0.035959
8,1,-7,7,1,0.019564
8,1,-7,7,2,0.007437
8,1,-6,0,0,0.010999
8,1,-6,0,1,0.006375
8,1,-6,0,2,0.003831
8,1,-6,1,0,0.020184
8,1,-6,1,1,0.011049
8,1,-6,1,2,0.005498
8,1,-6,2,0,0.022525
8,1,-6,2,1,0.012334
8,1,-6,2,2,0.005911
8,1,-6,4,0,0.025636
8,1,-6,4,1,0.012447
8,1,-6,4,2,0.006054
8,1,-6,3,0,0.039535
8,1,-6,3,1,0.021186
8,1,-6,3,2,0.009263
8,1,-6,5,0,0.038689
8,1,-6,5,1,0.022432
8,1,-6,5,2,0.008772
8,1,-6,6,0,0.046862
8,1,-6,6,1,0.026284
8,1,-6,6,2,0.009509
8,1,-6,7,0,0.068728
8,1,-6,7,1,0.040384
8,1,-6,7,2,0.015792
8,1,-5,0,0,0.022924
8,1,-5,0,1,0.014054
8,1,-5,0,2,0.008875
8,1,-5,1,0,0.040439
8,1,-5,1,1,0.023328
8,1,-5,1,2,0.012421
8,1,-5,2,0,0.044986
8,1,-5,2,1,0.026523
8,1,-5,2,2,0.013549
8,1,-5,4,0,0.047746
8,1,-5,4,1,0.026715
8,1,-5,4,2,0.013816
8,1,-5,3,0,0.076511
8,1,-5,3,1,0.043222
8,1,-5,3,2,0.020395
8,1,-5,5,0,0.076176
8,1,-5,5,1,0.045981
8,1,-5,5,2,0.019907
8,1,-5,6,0,0.089141
8,1,-5,6,1,0.054738
8,1,-5,6,2,0.020946
8,1,-5,7,0,0.127053
8,1,-5,7,1,0.079965
8,1,-5,7,2,0.033598
8,1,-4,0,0,0.04666
8,1,-4,0,1,0.030312
8,1,-4,0,2,0.020288
8,1,-4,1,0,0.078592
8,1,-4,1,1,0.048407
8,1,-4,1,2,0.027718
8,1,-4,2,0,0.086762
8,1,-4,2,1,0.054333
8,1,-4,2,2,0.030298
8,1,-4,4,0,0.089607
8,1,-4,4,1,0.056144
8,1,-4,4,2,0.030265
8,1,-4,3,0,0.14189
8,1,-4,3,1,0.086564
8,1,-4,3,2,0.044745
8,1,-4,5,0,0.143769
8,1,-4,5,1,0.090894
8,1,-4,5,2,0.043614
8,1,-4,6,0,0.166078
8,1,-4,6,1,0.108962
8,1,-4,6,2,0.046137
8,1,-4,7,0,0.226184
8,1,-4,7,1,0.152874
8,1,-4,7,2,0.074714
8,1,-3,0,0,0.09152
8,1,-3,0,1,0.063374
8,1,-3,0,2,0.044886
8,1,-3,1,0,0.144837
8,1,-3,1,1,0.096585
8,1,-3,1,2,0.059715
8,1,-3,2,0,0.162044
8,1,-3,2,1,0.106966
8,1,-3,2,2,0.065308
8,1,-3,4,0,0.171677
8,1,-3,4,1,0.116453
8,1,-3,4,2,0.065142
8,1,-3,3,0,0.244028
8,1,-3,3,1,0.163295
8,1,-3,3,2,0.093465
8,1,-3,5,0,0.259386
8,1,-3,5,1,0.170799
8,1,-3,5,2,0.091411
8,1,-3,6,0,0.289139
8,1,-3,6,1,0.204851
8,1,-3,6,2,0.098224
8,1,-3,7,0,0.362214
8,1,-3,7,1,0.258002
8,1,-3,7,2,0.140974
8,1,-2,0,0,0.173644
8,1,-2,0,1,0.128888
8,1,-2,0,2,0.096889
8,1,-2,1,0,0.255444
8,1,-2,1,1,0.185577
8,1,-2,1,2,0.125457
8,1,-2,2,0,0.289227
8,1,-2,2,1,0.204207
8,1,-2,2,2,0.136321
8,1,-2,4,0,0.304795
8,1,-2,4,1,0.230769
8,1,-2,4,2,0.137182
8,1,-2,3,0,0.381427
8,1,-2,3,1,0.274442
8,1,-2,3,2,0.1734
8,1,-2,5,0,0.420288
8,1,-2,5,1,0.294771
8,1,-2,5,2,0.175196
8,1,-2,6,0,0.47884
8,1,-2,6,1,0.363605
8,1,-2,6,2,0.202709
8,1,-2,7,0,0.526253
8,1,-2,7,1,0.394454
8,1,-2,7,2,0.238898
8,1,-1,0,0,0.316825
8,1,-1,0,1,0.253426
8,1,-1,0,2,0.203605
8,1,-1,1,0,0.414727
8,1,-1,1,1,0.325598
8,1,-1,1,2,0.242479
8,1,-1,2,0,0.491984
8,1,-1,2,1,0.375957
8,1,-1,2,2,0.276065
8,1,-1,4,0,0.555236
8,1,-1,4,1,0.462705
8,1,-1,4,2,0.283685
8,1,-1,3,0,0.551718
8,1,-1,3,1,0.4246
8,1,-1,3,2,0.301731
8,1,-1,5,0,0.644313
8,1,-1,5,1,0.504297
8,1,-1,5,2,0.317778
8,1,-1,6,0,0.692857
8,1,-1,6,1,0.568842
8,1,-1,6,2,0.340805
8,1,-1,7,0,0.713138
8,1,-1,7,1,0.576924
8,1,-1,7,2,0.376393
8,1,0,0,0,0.618807
8,1,0,0,1,0.574089
8,1,0,0,2,0.537602
8,1,0,1,0,0.680205
8,1,0,1,1,0.620024
8,1,0,1,2,0.562688
8,1,0,2,0,0.747133
8,1,0,2,1,0.666078
8,1,0,2,2,0.594385
8,1,0,4,0,0.812556
8,1,0,4,1,0.747318
8,1,0,4,2,0.602409
8,1,0,3,0,0.768218
8,1,0,3,1,0.684623
8,1,0,3,2,0.603984
8,1,0,5,0,0.848954
8,1,0,5,1,0.761556
8,1,0,5,2,0.61962
8,1,0,6,0,0.858992
8,1,0,6,1,0.785926
8,1,0,6,2,0.62187
8,1,0,7,0,0.871041
8,1,0,7,1,0.789526
8,1,0,7,2,0.649073
8,1,1,0,0,0.874412
8,1,1,0,1,0.861532
8,1,1,0,2,0.851201
8,1,1,1,0,0.893009
8,1,1,1,1,0.875309
8,1,1,1,2,0.858655
8,1,1,2,0,0.910797
8,1,1,2,1,0.887328
8,1,1,2,2,0.866836
8,1,1,4,0,0.927247
8,1,1,4,1,0.908305
8,1,1,4,2,0.86883
8,1,1,3,0,0.91965
8,1,1,3,1,0.894711
8,1,1,3,2,0.870693
8,1,1,5,0,0.941034
8,1,1,5,1,0.914374
8,1,1,5,2,0.874641
8,1,1,6,0,0.946552
8,1,1,6,1,0.92371
8,1,1,6,2,0.87675
8,1,1,7,0,0.950828
8,1,1,7,1,0.925396
8,1,1,7,2,0.884594
8,1,2,0,0,0.94296
8,1,2,0,1,0.937009
8,1,2,0,2,0.932224
8,1,2,1,0,0.951501
8,1,2,1,1,0.943345
8,1,2,1,2,0.935657
8,1,2,2,0,0.959806
8,1,2,2,1,0.94897
8,1,2,2,2,0.939492
8,1,2,4,0,0.96754
8,1,2,4,1,0.958805
8,1,2,4,2,0.940432
8,1,2,3,0,0.963724
8,1,2,3,1,0.952254
8,1,2,3,2,0.941205
8,1,2,5,0,0.973711
8,1,2,5,1,0.961486
8,1,2,5,2,0.943064
8,1,2,6,0,0.976126
8,1,2,6,1,0.965676
8,1,2,6,2,0.943965
8,1,2,7,0,0.978035
8,1,2,7,1,0.966403
8,1,2,7,2,0.947578
8,1,3,0,0,0.974929
8,1,3,0,1,0.97231
8,1,3,0,2,0.970203
8,1,3,1,0,0.978678
8,1,3,1,1,0.975091
8,1,3,1,2,0.971709
8,1,3,2,0,0.982348
8,1,3,2,1,0.977579
8,1,3,2,2,0.973407
8,1,3,4,0,0.985781
8,1,3,4,1,0.981931
8,1,3,4,2,0.973824
8,1,3,3,0,0.984056
8,1,3,3,1,0.979012
8,1,3,3,2,0.974154
8,1,3,5,0,0.98847
8,1,3,5,1,0.983099
8,1,3,5,2,0.974976
8,1,3,6,0,0.989493
8,1,3,6,1,0.984909
8,1,3,6,2,0.975347
8,1,3,7,0,0.990349
8,1,3,7,1,0.985241
8,1,3,7,2,0.97695
8,1,4,0,0,0.98905
8,1,4,0,1,0.98792
8,1,4,0,2,0.987012
8,1,4,1,0,0.990678
8,1,4,1,1,0.989127
8,1,4,1,2,0.987666
8,1,4,2,0,0.992246
8,1,4,2,1,0.990187
8,1,4,2,2,0.988388
8,1,4,4,0,0.993701
8,1,4,4,1,0.992038
8,1,4,4,2,0.988564
8,1,4,3,0,0.993011
8,1,4,3,1,0.990827
8,1,4,3,2,0.988722
8,1,4,5,0,0.994897
8,1,4,5,1,0.992563
8,1,4,5,2,0.989071
8,1,4,6,0,0.995369
8,1,4,6,1,0.993372
8,1,4,6,2,0.989249
8,1,4,7,0,0.99574
8,1,4,7,1,0.993516
8,1,4,7,2,0.989937
8,1,5,0,0,0.995088
8,1,5,0,1,0.994575
8,1,5,0,2,0.994163
8,1,5,1,0,0.995824
8,1,5,1,1,0.995122
8,1,5,1,2,0.994459
8,1,5,2,0,0.996539
8,1,5,2,1,0.995606
8,1,5,2,2,0.994789
8,1,5,4,0,0.997204
8,1,5,4,1,0.996452
8,1,5,4,2,0.99487
8,1,5,3,0,0.996876
8,1,5,3,1,0.995888
8,1,5,3,2,0.994936
8,1,5,5,0,0.997736
8,1,5,5,1,0.996683
8,1,5,5,2,0.995097
8,1,5,6,0,0.997947
8,1,5,6,1,0.997046
8,1,5,6,2,0.995176
8,1,5,7,0,0.998109
8,1,5,7,1,0.997107
8,1,5,7,2,0.995485
8,1,6,0,0,0.997841
8,1,6,0,1,0.997614
8,1,6,0,2,0.997432
8,1,6,1,0,0.998164
8,1,6,1,1,0.997854
8,1,6,1,2,0.997561
8,1,6,2,0,0.998483
8,1,6,2,1,0.998071
8,1,6,2,2,0.99771
8,1,6,4,0,0.998784
8,1,6,4,1,0.998451
8,1,6,4,2,0.997746
8,1,6,3,0,0.998628
8,1,6,3,1,0.998192
8,1,6,3,2,0.997772
8,1,6,5,0,0.999012
8,1,6,5,1,0.998549
8,1,6,5,2,0.997844
8,1,6,6,0,0.999096
8,1,6,6,1,0.998702
8,1,6,6,2,0.997874
8,1,6,7,0,0.999173
8,1,6,7,1,0.998732
8,1,6,7,2,0.998014
8,1,7,0,0,0.99907
8,1,7,0,1,0.998976
8,1,7,0,2,0.998901
8,1,7,1,0,0.999207
8,1,7,1,1,0.999077
8,1,7,1,2,0.998955
8,1,7,2,0,0.999336
8,1,7,2,1,0.999164
8,1,7,2,2,0.999014
8,1,7,4,0,0.999457
8,1,7,4,1,0.999316
8,1,7,4,2,0.999029
8,1,7,3,0,0.999406
8,1,7,3,1,0.999221
8,1,7,3,2,0.999044
8,1,7,5,0,0.999561
8,1,7,5,1,0.999364
8,1,7,5,2,0.999072
8,1,7,6,0,0.9996
8,1,7,6,1,0.999431
8,1,7,6,2,0.999086
8,1,7,7,0,0.999638
8,1,7,7,1,0.999448
8,1,7,7,2,0.999147
8,1,8,0,0,0.99957
8,1,8,0,1,0.999526
8,1,8,0,2,0.99949
8,1,8,1,0,0.999637
8,1,8,1,1,0.999575
8,1,8,1,2,0.999517
8,1,8,2,0,0.999695
8,1,8,2,1,0.999614
8,1,8,2,2,0.999543
8,1,8,4,0,0.999747
8,1,8,4,1,0.999681
8,1,8,4,2,0.999549
8,1,8,3,0,0.999731
8,1,8,3,1,0.999644
8,1,8,3,2,0.999559
8,1,8,5,0,0.999802
8,1,8,5,1,0.999707
8,1,8,5,2,0.999571
8,1,8,6,0,0.999827
8,1,8,6,1,0.999745
8,1,8,6,2,0.999582
8,1,8,7,0,0.999841
8,1,8,7,1,0.99975
8,1,8,7,2,0.999609
8,1,9,0,0,0.999797
8,1,9,0,1,0.999771
8,1,9,0,2,0.999751
8,1,9,1,0,0.999833
8,1,9,1,1,0.999799
8,1,9,1,2,0.999766
8,1,9,2,0,0.99987
8,1,9,2,1,0.999823
8,1,9,2,2,0.999783
8,1,9,4,0,0.999904
8,1,9,4,1,0.999867
8,1,9,4,2,0.999787
8,1,9,3,0,0.999883
8,1,9,3,1,0.999835
8,1,9,3,2,0.999789
8,1,9,5,0,0.999927
8,1,9,5,1,0.999876
8,1,9,5,2,0.999797
8,1,9,6,0,0.999938
8,1,9,6,1,0.999895
8,1,9,6,2,0.999802
8,1,9,7,0,0.999941
8,1,9,7,1,0.999894
8,1,9,7,2,0.999815
8,1,10,0,0,0.999937
8,1,10,0,1,0.999927
8,1,10,0,2,0.999919
8,1,10,1,0,0.99995
8,1,10,1,1,0.999937
8,1,10,1,2,0.999924
8,1,10,2,0,0.999966
8,1,10,2,1,0.999949
8,1,10,2,2,0.999932
8,1,10,4,0,0.999984
8,1,10,4,1,0.99997
8,1,10,4,2,0.999935
8,1,10,3,0,0.999967
8,1,10,3,1,0.99995
8,1,10,3,2,0.999933
8,1,10,5,0,0.999987
8,1,10,5,1,0.99997
8,1,10,5,2,0.999937
8,1,10,6,0,0.999986
8,1,10,6,1,0.999973
8,1,10,6,2,0.999936
8,1,10,7,0,0.999988
8,1,10,7,1,0.999972
8,1,10,7,2,0.999942
9,0,-10,0,0,8.7e-05
9,0,-10,0,1,8e-06
9,0,-10,0,2,0.0
9,0,-10,1,0,0.000249
9,0,-10,1,1,4e-05
9,0,-10,1,2,0.0
9,0,-10,2,0,0.0
9,0,-10,2,1,0.0
9,0,-10,2,2,0.0
9,0,-10,4,0,0.0
9,0,-10,4,1,0.0
9,0,-10,4,2,0.0
9,0,-10,3,0,0.000515
9,0,-10,3,1,0.000118
9,0,-10,3,2,4.8e-05
9,0,-10,5,0,0.000311
9,0,-10,5,1,0.0
9,0,-10,5,2,0.0
9,0,-10,6,0,0.00042
9,0,-10,6,1,-0.0
9,0,-10,6,2,0.0
9,0,-10,7,0,0.00079
9,0,-10,7,1,0.0
9,0,-10,7,2,0.0
9,0,-9,0,0,0.000264
9,0,-9,0,1,2.6e-05
9,0,-9,0,2,0.0
9,0,-9,1,0,0.000755
9,0,-9,1,1,0.000129
9,0,-9,1,2,0.0
9,0,-9,2,0,0.00017
9,0,-9,2,1,0.0
9,0,-9,2,2,0.0
9,0,-9,4,0,0.0
9,0,-9,4,1,0.0
9,0,-9,4,2,0.0
9,0,-9,3,0,0.001766
9,0,-9,3,1,0.00038
9,0,-9,3,2,0.000156
9,0,-9,5,0,0.001938
9,0,-9,5,1,0.000133
9,0,-9,5,2,9.3e-05
9,0,-9,6,0,0.001357
9,0,-9,6,1,-0.0
9,0,-9,6,2,0.0
9,0,-9,7,0,0.003736
9,0,-9,7,1,0.000184
9,0,-9,7,2,0.000142
9,0,-8,0,0,0.000534
9,0,-8,0,1,6.1e-05
9,0,-8,0,2,0.0
9,0,-8,1,0,0.001452
9,0,-8,1,1,0.000251
9,0,-8,1,2,0.0
9,0,-8,2,0,0.000719
9,0,-8,2,1,0.000152
9,0,-8,2,2,0.0
9,0,-8,4,0,0.0
9,0,-8,4,1,0.000348
9,0,-8,4,2,0.0
9,0,-8,3,0,0.004023
9,0,-8,3,1,0.000796
9,0,-8,3,2,0.000279
9,0,-8,5,0,0.004184
9,0,-8,5,1,0.000693
9,0,-8,5,2,0.000208
9,0,-8,6,0,0.002844
9,0,-8,6,1,0.000348
9,0,-8,6,2,0.0
9,0,-8,7,0,0.010753
9,0,-8,7,1,0.000959
9,0,-8,7,2,0.000602
9,0,-7,0,0,0.001152
9,0,-7,0,1,0.000173
9,0,-7,0,2,2e-05
9,0,-7,1,0,0.002983
9,0,-7,1,1,0.000583
9,0,-7,1,2,7.8e-05
9,0,-7,2,0,0.002976
9,0,-7,2,1,0.000541
9,0,-7,2,2,3.9e-05
9,0,-7,4,0,0.0
9,0,-7,4,1,0.001645
9,0,-7,4,2,0.000103
9,0,-7,3,0,0.008615
9,0,-7,3,1,0.00208
9,0,-7,3,2,0.000554
9,0,-7,5,0,0.008181
9,0,-7,5,1,0.002284
9,0,-7,5,2,0.000703
9,0,-7,6,0,0.00491
9,0,-7,6,1,0.001645
9,0,-7,6,2,0.000138
9,0,-7,7,0,0.024327
9,0,-7,7,1,0.003711
9,0,-7,7,2,0.001424
9,0,-6,0,0,0.002698
9,0,-6,0,1,0.000603
9,0,-6,0,2,7.3e-05
9,0,-6,1,0,0.00656
9,0,-6,1,1,0.001686
9,0,-6,1,2,0.000369
9,0,-6,2,0,0.008872
9,0,-6,2,1,0.001901
9,0,-6,2,2,0.000205
9,0,-6,4,0,0.002644
9,0,-6,4,1,0.004039
9,0,-6,4,2,0.000436
9,0,-6,3,0,0.018318
9,0,-6,3,1,0.005688
9,0,-6,3,2,0.001301
9,0,-6,5,0,0.018241
9,0,-6,5,1,0.006118
9,0,-6,5,2,0.002222
9,0,-6,6,0,0.010919
9,0,-6,6,1,0.005257
9,0,-6,6,2,0.001134
9,0,-6,7,0,0.049467
9,0,-6,7,1,0.01336
9,0,-6,7,2,0.004053
9,0,-5,0,0,0.006129
9,0,-5,0,1,0.001781
9,0,-5,0,2,0.000224
9,0,-5,1,0,0.014778
9,0,-5,1,1,0.004632
9,0,-5,1,2,0.001119
9,0,-5,2,0,0.018722
9,0,-5,2,1,0.00532
9,0,-5,2,2,0.00095
9,0,-5,4,0,0.015144
9,0,-5,4,1,0.007595
9,0,-5,4,2,0.001134
9,0,-5,3,0,0.038361
9,0,-5,3,1,0.013857
9,0,-5,3,2,0.003274
9,0,-5,5,0,0.042806
9,0,-5,5,1,0.016079
9,0,-5,5,2,0.005757
9,0,-5,6,0,0.031737
9,0,-5,6,1,0.015354
9,0,-5,6,2,0.004534
9,0,-5,7,0,0.093777
9,0,-5,7,1,0.038605
9,0,-5,7,2,0.011673
9,0,-4,0,0,0.013628
9,0,-4,0,1,0.004658
9,0,-4,0,2,0.000859
9,0,-4,1,0,0.032425
9,0,-4,1,1,0.012173
9,0,-4,1,2,0.00327
9,0,-4,2,0,0.038836
9,0,-4,2,1,0.014666
9,0,-4,2,2,0.0034
9,0,-4,4,0,0.039222
9,0,-4,4,1,0.017397
9,0,-4,4,2,0.00368
9,0,-4,3,0,0.076239
9,0,-4,3,1,0.032935
9,0,-4,3,2,0.010192
9,0,-4,5,0,0.091789
9,0,-4,5,1,0.041865
9,0,-4,5,2,0.013436
9,0,-4,6,0,0.081701
9,0,-4,6,1,0.038686
9,0,-4,6,2,0.012508
9,0,-4,7,0,0.166724
9,0,-4,7,1,0.091906
9,0,-4,7,2,0.035599
9,0,-3,0,0,0.03129
9,0,-3,0,1,0.012841
9,0,-3,0,2,0.003181
9,0,-3,1,0,0.070363
9,0,-3,1,1,0.03283
9,0,-3,1,2,0.010633
9,0,-3,2,0,0.081765
9,0,-3,2,1,0.038028
9,0,-3,2,2,0.011239
9,0,-3,4,0,0.087501
9,0,-3,4,1,0.044693
9,0,-3,4,2,0.011824
9,0,-3,3,0,0.151738
9,0,-3,3,1,0.082363
9,0,-3,3,2,0.033919
9,0,-3,5,0,0.181505
9,0,-3,5,1,0.096719
9,0,-3,5,2,0.036795
9,0,-3,6,0,0.174224
9,0,-3,6,1,0.091409
9,0,-3,6,2,0.037476
9,0,-3,7,0,0.276409
9,0,-3,7,1,0.16975
9,0,-3,7,2,0.076994
9,0,-2,0,0,0.071161
9,0,-2,0,1,0.033988
9,0,-2,0,2,0.01065
9,0,-2,1,0,0.149534
9,0,-2,1,1,0.084671
9,0,-2,1,2,0.034636
9,0,-2,2,0,0.16953
9,0,-2,2,1,0.091785
9,0,-2,2,2,0.035433
9,0,-2,4,0,0.18693
9,0,-2,4,1,0.102821
9,0,-2,4,2,0.034413
9,0,-2,3,0,0.270377
9,0,-2,3,1,0.164068
9,0,-2,3,2,0.075651
9,0,-2,5,0,0.318465
9,0,-2,5,1,0.184758
9,0,-2,5,2,0.079215
9,0,-2,6,0,0.351829
9,0,-2,6,1,0.223311
9,0,-2,6,2,0.106628
9,0,-2,7,0,0.428745
9,0,-2,7,1,0.274013
9,0,-2,7,2,0.146828
9,0,-1,0,0,0.156074
9,0,-1,0,1,0.086213
9,0,-1,0,2,0.034417
9,0,-1,1,0,0.272522
9,0,-1,1,1,0.168546
9,0,-1,1,2,0.0769
9,0,-1,2,0,0.359937
9,0,-1,2,1,0.22248
9,0,-1,2,2,0.108268
9,0,-1,4,0,0.45572
9,0,-1,4,1,0.318724
9,0,-1,4,2,0.118721
9,0,-1,3,0,0.430347
9,0,-1,3,1,0.27844
9,0,-1,3,2,0.143812
9,0,-1,5,0,0.559354
9,0,-1,5,1,0.380612
9,0,-1,5,2,0.158398
9,0,-1,6,0,0.59056
9,0,-1,6,1,0.441377
9,0,-1,6,2,0.18499
9,0,-1,7,0,0.630778
9,0,-1,7,1,0.450374
9,0,-1,7,2,0.239508
9,0,0,0,0,0.489003
9,0,0,0,1,0.432481
9,0,0,0,2,0.388212
9,0,0,1,0,0.570525
9,0,0,1,1,0.490795
9,0,0,1,2,0.418682
9,0,0,2,0,0.662489
9,0,0,2,1,0.552329
9,0,0,2,2,0.45676
9,0,0,4,0,0.766184
9,0,0,4,1,0.66339
9,0,0,4,2,0.4712
9,0,0,3,0,0.685077
9,0,0,3,1,0.573913
9,0,0,3,2,0.473777
9,0,0,5,0,0.808668
9,0,0,5,1,0.6836
9,0,0,5,2,0.489149
9,0,0,6,0,0.802616
9,0,0,6,1,0.709131
9,0,0,6,2,0.490257
9,0,0,7,0,0.826409
9,0,0,7,1,0.71081
9,0,0,7,2,0.535307
9,0,1,0,0,0.82974
9,0,1,0,1,0.813475
9,0,1,0,2,0.801006
9,0,1,1,0,0.854506
9,0,1,1,1,0.831032
9,0,1,1,2,0.810102
9,0,1,2,0,0.878801
9,0,1,2,1,0.846925
9,0,1,2,2,0.81976
9,0,1,4,0,0.905937
9,0,1,4,1,0.87551
9,0,1,4,2,0.823321
9,0,1,3,0,0.88921
9,0,1,3,1,0.855794
9,0,1,3,2,0.825972
9,0,1,5,0,0.922884
9,0,1,5,1,0.884608
9,0,1,5,2,0.830038
9,0,1,6,0,0.923912
9,0,1,6,1,0.893918
9,0,1,6,2,0.832207
9,0,1,7,0,0.932574
9,0,1,7,1,0.895779
9,0,1,7,2,0.84534
9,0,2,0,0,0.920427
9,0,2,0,1,0.912676
9,0,2,0,2,0.906722
9,0,2,1,0,0.932183
9,0,2,1,1,0.921021
9,0,2,1,2,0.91105
9,0,2,2,0,0.943837
9,0,2,2,1,0.928659
9,0,2,2,2,0.915699
9,0,2,4,0,0.956871
9,0,2,4,1,0.942403
9,0,2,4,2,0.917416
9,0,2,3,0,0.948636
9,0,2,3,1,0.932782
9,0,2,3,2,0.918611
9,0,2,5,0,0.964746
9,0,2,5,1,0.946609
9,0,2,5,2,0.92056
9,0,2,6,0,0.965162
9,0,2,6,1,0.950999
9,0,2,6,2,0.921539
9,0,2,7,0,0.969148
9,0,2,7,1,0.951779
9,0,2,7,2,0.927772
9,0,3,0,0,0.963915
9,0,3,0,1,0.960334
9,0,3,0,2,0.957579
9,0,3,1,0,0.969329
9,0,3,1,1,0.964184
9,0,3,1,2,0.959579
9,0,3,2,0,0.974737
9,0,3,2,1,0.967732
9,0,3,2,2,0.961741
9,0,3,4,0,0.980789
9,0,3,4,1,0.974117
9,0,3,4,2,0.96254
9,0,3,3,0,0.976887
9,0,3,3,1,0.969594
9,0,3,3,2,0.963066
9,0,3,5,0,0.984346
9,0,3,5,1,0.976011
9,0,3,5,2,0.963969
9,0,3,6,0,0.984531
9,0,3,6,1,0.978042
9,0,3,6,2,0.964414
9,0,3,7,0,0.986296
9,0,3,7,1,0.978339
9,0,3,7,2,0.967275
9,0,4,0,0,0.984089
9,0,4,0,1,0.982473
9,0,4,0,2,0.981225
9,0,4,1,0,0.986514
9,0,4,1,1,0.9842
9,0,4,1,2,0.982124
9,0,4,2,0,0.988985
9,0,4,2,1,0.985826
9,0,4,2,2,0.983118
9,0,4,4,0,0.991754
9,0,4,4,1,0.988755
9,0,4,4,2,0.983486
9,0,4,3,0,0.989899
9,0,4,3,1,0.986629
9,0,4,3,2,0.983697
9,0,4,5,0,0.993291
9,0,4,5,1,0.989562
9,0,4,5,2,0.984109
9,0,4,6,0,0.993339
9,0,4,6,1,0.990455
9,0,4,6,2,0.984286
9,0,4,7,0,0.994105
9,0,4,7,1,0.990565
9,0,4,7,2,0.985573
9,0,5,0,0,0.993296
9,0,5,0,1,0.99261
9,0,5,0,2,0.992079
9,0,5,1,0,0.994324
9,0,5,1,1,0.993342
9,0,5,1,2,0.99246
9,0,5,2,0,0.995378
9,0,5,2,1,0.994036
9,0,5,2,2,0.992885
9,0,5,4,0,0.996559
9,0,5,4,1,0.995286
9,0,5,4,2,0.993043
9,0,5,3,0,0.995759
9,0,5,3,1,0.994372
9,0,5,3,2,0.993128
9,0,5,5,0,0.997204
9,0,5,5,1,0.995623
9,0,5,5,2,0.993304
9,0,5,6,0,0.997219
9,0,5,6,1,0.995999
9,0,5,6,2,0.993376
9,0,5,7,0,0.997542
9,0,5,7,1,0.996045
9,0,5,7,2,0.993923
9,0,6,0,0,0.997221
9,0,6,0,1,0.996934
9,0,6,0,2,0.996713
9,0,6,1,0,0.997649
9,0,6,1,1,0.997239
9,0,6,1,2,0.996872
9,0,6,2,0,0.998089
9,0,6,2,1,0.997529
9,0,6,2,2,0.997049
9,0,6,4,0,0.998581
9,0,6,4,1,0.998051
9,0,6,4,2,0.997115
9,0,6,3,0,0.998248
9,0,6,3,1,0.99767
9,0,6,3,2,0.997151
9,0,6,5,0,0.998851
9,0,6,5,1,0.998192
9,0,6,5,2,0.997224
9,0,6,6,0,0.998856
9,0,6,6,1,0.998347
9,0,6,6,2,0.997253
9,0,6,7,0,0.998992
9,0,6,7,1,0.998369
9,0,6,7,2,0.997483
9,0,7,0,0,0.998857
9,0,7,0,1,0.998738
9,0,7,0,2,0.998646
9,0,7,1,0,0.999037
9,0,7,1,1,0.998866
9,0,7,1,2,0.998713
9,0,7,2,0,0.999218
9,0,7,2,1,0.998985
9,0,7,2,2,0.998785
9,0,7,4,0,0.999421
9,0,7,4,1,0.999199
9,0,7,4,2,0.998812
9,0,7,3,0,0.999288
9,0,7,3,1,0.999047
9,0,7,3,2,0.99883
9,0,7,5,0,0.999537
9,0,7,5,1,0.999261
9,0,7,5,2,0.99886
9,0,7,6,0,0.999542
9,0,7,6,1,0.999328
9,0,7,6,2,0.998874
9,0,7,7,0,0.999597
9,0,7,7,1,0.999336
9,0,7,7,2,0.998968
9,0,8,0,0,0.999532
9,0,8,0,1,0.99948
9,0,8,0,2,0.999439
9,0,8,1,0,0.999611
9,0,8,1,1,0.999536
9,0,8,1,2,0.999469
9,0,8,2,0,0.999691
9,0,8,2,1,0.999589
9,0,8,2,2,0.999501
9,0,8,4,0,0.999781
9,0,8,4,1,0.999684
9,0,8,4,2,0.999513
9,0,8,3,0,0.999719
9,0,8,3,1,0.999614
9,0,8,3,2,0.999519
9,0,8,5,0,0.999828
9,0,8,5,1,0.999709
9,0,8,5,2,0.999532
9,0,8,6,0,0.999833
9,0,8,6,1,0.999741
9,0,8,6,2,0.99954
9,0,8,7,0,0.999851
9,0,8,7,1,0.999739
9,0,8,7,2,0.99958
9,0,9,0,0,0.999831
9,0,9,0,1,0.999809
9,0,9,0,2,0.999791
9,0,9,1,0,0.999862
9,0,9,1,1,0.999832
9,0,9,1,2,0.999803
9,0,9,2,0,0.9999
9,0,9,2,1,0.999857
9,0,9,2,2,0.999819
9,0,9,4,0,0.999942
9,0,9,4,1,0.999902
9,0,9,4,2,0.999825
9,0,9,3,0,0.999905
9,0,9,3,1,0.999863
9,0,9,3,2,0.999825
9,0,9,5,0,0.999955
9,0,9,5,1,0.999908
9,0,9,5,2,0.999831
9,0,9,6,0,0.999952
9,0,9,6,1,0.999918
9,0,9,6,2,0.999831
9,0,9,7,0,0.999958
9,0,9,7,1,0.999916
9,0,9,7,2,0.999848
9,0,10,0,0,0.99997
9,0,10,0,1,0.999965
9,0,10,0,2,0.999962
9,0,10,1,0,0.999976
9,0,10,1,1,0.99997
9,0,10,1,2,0.999964
9,0,10,2,0,0.999984
9,0,10,2,1,0.999975
9,0,10,2,2,0.999967
9,0,10,4,0,0.999993
9,0,10,4,1,0.999985
9,0,10,4,2,0.999969
9,0,10,3,0,0.999984
9,0,10,3,1,0.999976
9,0,10,3,2,0.999968
9,0,10,5,0,0.999995
9,0,10,5,1,0.999986
9,0,10,5,2,0.99997
9,0,10,6,0,0.999993
9,0,10,6,1,0.999987
9,0,10,6,2,0.999969
9,0,10,7,0,0.999994
9,0,10,7,1,0.999986
9,0,10,7,2,0.999972
9,1,-10,0,0,4.1e-05
9,1,-10,0,1,0.0
9,1,-10,0,2,0.0
9,1,-10,1,0,0.000136
9,1,-10,1,1,0.0
9,1,-10,1,2,0.0
9,1,-10,2,0,0.000114
9,1,-10,2,1,0.0
9,1,-10,2,2,0.0
9,1,-10,4,0,0.000867
9,1,-10,4,1,0.0
9,1,-10,4,2,0.0
9,1,-10,3,0,0.000279
9,1,-10,3,1,0.0
9,1,-10,3,2,0.0
9,1,-10,5,0,0.000797
9,1,-10,5,1,0.0
9,1,-10,5,2,0.0
9,1,-10,6,0,0.000523
9,1,-10,6,1,0.0
9,1,-10,6,2,0.0
9,1,-10,7,0,0.001031
9,1,-10,7,1,0.0
9,1,-10,7,2,0.0
9,1,-9,0,0,0.000222
9,1,-9,0,1,0.0
9,1,-9,0,2,0.0
9,1,-9,1,0,0.000676
9,1,-9,1,1,0.0
9,1,-9,1,2,0.0
9,1,-9,2,0,0.000569
9,1,-9,2,1,6.9e-05
9,1,-9,2,2,0.0
9,1,-9,4,0,0.001715
9,1,-9,4,1,0.0
9,1,-9,4,2,0.0
9,1,-9,3,0,0.001666
9,1,-9,3,1,8e-05
9,1,-9,3,2,0.0
9,1,-9,5,0,0.002373
9,1,-9,5,1,0.00036
9,1,-9,5,2,0.0
9,1,-9,6,0,0.002082
9,1,-9,6,1,0.000233
9,1,-9,6,2,0.0
9,1,-9,7,0,0.0041
9,1,-9,7,1,0.000485
9,1,-9,7,2,0.0
9,1,-8,0,0,0.00059
9,1,-8,0,1,4.6e-05
9,1,-8,0,2,2.8e-05
9,1,-8,1,0,0.001752
9,1,-8,1,1,0.000167
9,1,-8,1,2,5.5e-05
9,1,-8,2,0,0.001706
9,1,-8,2,1,0.000276
9,1,-8,2,2,0.0
9,1,-8,4,0,0.001715
9,1,-8,4,1,0.000232
9,1,-8,4,2,0.0
9,1,-8,3,0,0.004987
9,1,-8,3,1,0.000637
9,1,-8,3,2,0.000133
9,1,-8,5,0,0.003152
9,1,-8,5,1,0.001432
9,1,-8,5,2,0.0
9,1,-8,6,0,0.004676
9,1,-8,6,1,0.000928
9,1,-8,6,2,0.0
9,1,-8,7,0,0.008693
9,1,-8,7,1,0.002416
9,1,-8,7,2,0.000372
9,1,-7,0,0,0.001419
9,1,-7,0,1,0.000375
9,1,-7,0,2,0.000113
9,1,-7,1,0,0.003637
9,1,-7,1,1,0.001026
9,1,-7,1,2,0.000217
9,1,-7,2,0,0.004319
9,1,-7,2,1,0.001035
9,1,-7,2,2,0.000106
9,1,-7,4,0,0.005184
9,1,-7,4,1,0.001154
9,1,-7,4,2,0.000139
9,1,-7,3,0,0.009399
9,1,-7,3,1,0.002702
9,1,-7,3,2,0.000529
9,1,-7,5,0,0.006738
9,1,-7,5,1,0.003577
9,1,-7,5,2,0.000256
9,1,-7,6,0,0.010921
9,1,-7,6,1,0.002785
9,1,-7,6,2,0.000383
9,1,-7,7,0,0.017397
9,1,-7,7,1,0.006753
9,1,-7,7,2,0.001665
9,1,-6,0,0,0.003445
9,1,-6,0,1,0.001245
9,1,-6,0,2,0.000297
9,1,-6,1,0,0.007987
9,1,-6,1,1,0.003099
9,1,-6,1,2,0.000651
9,1,-6,2,0,0.008968
9,1,-6,2,1,0.003238
9,1,-6,2,2,0.000527
9,1,-6,4,0,0.012912
9,1,-6,4,1,0.002762
9,1,-6,4,2,0.000693
9,1,-6,3,0,0.018688
9,1,-6,3,1,0.007616
9,1,-6,3,2,0.001521
9,1,-6,5,0,0.017017
9,1,-6,5,1,0.007866
9,1,-6,5,2,0.00102
9,1,-6,6,0,0.022855
9,1,-6,6,1,0.00859
9,1,-6,6,2,0.001334
9,1,-6,7,0,0.038906
9,1,-6,7,1,0.018096
9,1,-6,7,2,0.003503
9,1,-5,0,0,0.008302
9,1,-5,0,1,0.003145
9,1,-5,0,2,0.000679
9,1,-5,1,0,0.01918
9,1,-5,1,1,0.007579
9,1,-5,1,2,0.001762
9,1,-5,2,0,0.021029
9,1,-5,2,1,0.0093
9,1,-5,2,2,0.00179
9,1,-5,4,0,0.022356
9,1,-5,4,1,0.006684
9,1,-5,4,2,0.002217
9,1,-5,3,0,0.044876
9,1,-5,3,1,0.018958
9,1,-5,3,2,0.004632
9,1,-5,5,0,0.040771
9,1,-5,5,1,0.020406
9,1,-5,5,2,0.004343
9,1,-5,6,0,0.049908
9,1,-5,6,1,0.023897
9,1,-5,6,2,0.003622
9,1,-5,7,0,0.084947
9,1,-5,7,1,0.045578
9,1,-5,7,2,0.009988
9,1,-4,0,0,0.01967
9,1,-4,0,1,0.007841
9,1,-4,0,2,0.001726
9,1,-4,1,0,0.044717
9,1,-4,1,1,0.019648
9,1,-4,1,2,0.005425
9,1,-4,2,0,0.04679
9,1,-4,2,1,0.02278
9,1,-4,2,2,0.005845
9,1,-4,4,0,0.04392
9,1,-4,4,1,0.017286
9,1,-4,4,2,0.005396
9,1,-4,3,0,0.101601
9,1,-4,3,1,0.050393
9,1,-4,3,2,0.016754
9,1,-4,5,0,0.092982
9,1,-4,5,1,0.050439
9,1,-4,5,2,0.014798
9,1,-4,6,0,0.113319
9,1,-4,6,1,0.061234
9,1,-4,6,2,0.013361
9,1,-4,7,0,0.184244
9,1,-4,7,1,0.114812
9,1,-4,7,2,0.04425
9,1,-3,0,0,0.044388
9,1,-3,0,1,0.019652
9,1,-3,0,2,0.005082
9,1,-3,1,0,0.094879
9,1,-3,1,1,0.048432
9,1,-3,1,2,0.016215
9,1,-3,2,0,0.103268
9,1,-3,2,1,0.053203
9,1,-3,2,2,0.017896
9,1,-3,4,0,0.10686
9,1,-3,4,1,0.05028
9,1,-3,4,2,0.016216
9,1,-3,3,0,0.202102
9,1,-3,3,1,0.120204
9,1,-3,3,2,0.051267
9,1,-3,5,0,0.205742
9,1,-3,5,1,0.115342
9,1,-3,5,2,0.044895
9,1,-3,6,0,0.228536
9,1,-3,6,1,0.142807
9,1,-3,6,2,0.044817
9,1,-3,7,0,0.328054
9,1,-3,7,1,0.21758
9,1,-3,7,2,0.100306
9,1,-2,0,0,0.097519
9,1,-2,0,1,0.048885
9,1,-2,0,2,0.015501
9,1,-2,1,0,0.19437
9,1,-2,1,1,0.115812
9,1,-2,1,2,0.048952
9,1,-2,2,0,0.21848
9,1,-2,2,1,0.124783
9,1,-2,2,2,0.052365
9,1,-2,4,0,0.215093
9,1,-2,4,1,0.132973
9,1,-2,4,2,0.050433
9,1,-2,3,0,0.341767
9,1,-2,3,1,0.220558
9,1,-2,3,2,0.103809
9,1,-2,5,0,0.370154
9,1,-2,5,1,0.219861
9,1,-2,5,2,0.100572
9,1,-2,6,0,0.45408
9,1,-2,6,1,0.315705
9,1,-2,6,2,0.143607
9,1,-2,7,0,0.506749
9,1,-2,7,1,0.349894
9,1,-2,7,2,0.181102
9,1,-1,0,0,0.207848
9,1,-1,0,1,0.119105
9,1,-1,0,2,0.048348
9,1,-1,1,0,0.342298
9,1,-1,1,1,0.219969
9,1,-1,1,2,0.103595
9,1,-1,2,0,0.454832
9,1,-1,2,1,0.293622
9,1,-1,2,2,0.153049
9,1,-1,4,0,0.547574
9,1,-1,4,1,0.422743
9,1,-1,4,2,0.16466
9,1,-1,3,0,0.522657
9,1,-1,3,1,0.351394
9,1,-1,3,2,0.183824
9,1,-1,5,0,0.658643
9,1,-1,5,1,0.470582
9,1,-1,5,2,0.208972
9,1,-1,6,0,0.726481
9,1,-1,6,1,0.560508
9,1,-1,6,2,0.243169
9,1,-1,7,0,0.736366
9,1,-1,7,1,0.557831
9,1,-1,7,2,0.285126
9,1,0,0,0,0.644361
9,1,0,0,1,0.588493
9,1,0,0,2,0.541601
9,1,0,1,0,0.714516
9,1,0,1,1,0.642046
9,1,0,1,2,0.571393
9,1,0,2,0,0.808819
9,1,0,2,1,0.708491
9,1,0,2,2,0.617771
9,1,0,4,0,0.907555
9,1,0,4,1,0.827395
9,1,0,4,2,0.630079
9,1,0,3,0,0.814733
9,1,0,3,1,0.716741
9,1,0,3,2,0.621823
9,1,0,5,0,0.929085
9,1,0,5,1,0.83078
9,1,0,5,2,0.645403
9,1,0,6,0,0.923221
9,1,0,6,1,0.844998
9,1,0,6,2,0.638113
9,1,0,7,0,0.931452
9,1,0,7,1,0.844044
9,1,0,7,2,0.671515
9,1,1,0,0,1.0
9,1,1,0,1,1.0
9,1,1,0,2,1.0
9,1,1,1,0,1.0
9,1,1,1,1,1.0
9,1,1,1,2,1.0
9,1,1,2,0,1.0
9,1,1,2,1,1.0
9,1,1,2,2,1.0
9,1,1,4,0,1.0
9,1,1,4,1,1.0
9,1,1,4,2,1.0
9,1,1,3,0,1.0
9,1,1,3,1,1.0
9,1,1,3,2,1.0
9,1,1,5,0,1.0
9,1,1,5,1,1.0
9,1,1,5,2,1.0
9,1,1,6,0,1.0
9,1,1,6,1,1.0
9,1,1,6,2,1.0
9,1,1,7,0,1.0
9,1,1,7,1,1.0
9,1,1,7,2,1.0
9,1,2,0,0,1.0
9,1,2,0,1,1.0
9,1,2,0,2,1.0
9,1,2,1,0,1.0
9,1,2,1,1,1.0
9,1,2,1,2,1.0
9,1,2,2,0,1.0
9,1,2,2,1,1.0
9,1,2,2,2,1.0
9,1,2,4,0,1.0
9,1,2,4,1,1.0
9,1,2,4,2,1.0
9,1,2,3,0,1.0
9,1,2,3,1,1.0
9,1,2,3,2,1.0
9,1,2,5,0,1.0
9,1,2,5,1,1.0
9,1,2,5,2,1.0
9,1,2,6,0,1.0
9,1,2,6,1,1.0
9,1,2,6,2,1.0
9,1,2,7,0,1.0
9,1,2,7,1,1.0
9,1,2,7,2,1.0
9,1,3,0,0,1.0
9,1,3,0,1,1.0
9,1,3,0,2,1.0
9,1,3,1,0,1.0
9,1,3,1,1,1.0
9,1,3,1,2,1.0
9,1,3,2,0,1.0
9,1,3,2,1,1.0
9,1,3,2,2,1.0
9,1,3,4,0,1.0
9,1,3,4,1,1.0
9,1,3,4,2,1.0
9,1,3,3,0,1.0
9,1,3,3,1,1.0
9,1,3,3,2,1.0
9,1,3,5,0,1.0
9,1,3,5,1,1.0
9,1,3,5,2,1.0
9,1,3,6,0,1.0
9,1,3,6,1,1.0
9,1,3,6,2,1.0
9,1,3,7,0,1.0
9,1,3,7,1,1.0
9,1,3,7,2,1.0
9,1,4,0,0,1.0
9,1,4,0,1,1.0
9,1,4,0,2,1.0
9,1,4,1,0,1.0
9,1,4,1,1,1.0
9,1,4,1,2,1.0
9,1,4,2,0,1.0
9,1,4,2,1,1.0
9,1,4,2,2,1.0
9,1,4,4,0,1.0
9,1,4,4,1,1.0
9,1,4,4,2,1.0
9,1,4,3,0,1.0
9,1,4,3,1,1.0
9,1,4,3,2,1.0
9,1,4,5,0,1.0
9,1,4,5,1,1.0
9,1,4,5,2,1.0
9,1,4,6,0,1.0
9,1,4,6,1,1.0
9,1,4,6,2,1.0
9,1,4,7,0,1.0
9,1,4,7,1,1.0
9,1,4,7,2,1.0
9,1,5,0,0,1.0
9,1,5,0,1,1.0
9,1,5,0,2,1.0
9,1,5,1,0,1.0
9,1,5,1,1,1.0
9,1,5,1,2,1.0
9,1,5,2,0,1.0
9,1,5,2,1,1.0
9,1,5,2,2,1.0
9,1,5,4,0,1.0
9,1,5,4,1,1.0
9,1,5,4,2,1.0
9,1,5,3,0,1.0
9,1,5,3,1,1.0
9,1,5,3,2,1.0
9,1,5,5,0,1.0
9,1,5,5,1,1.0
9,1,5,5,2,1.0
9,1,5,6,0,1.0
9,1,5,6,1,1.0
9,1,5,6,2,1.0
9,1,5,7,0,1.0
9,1,5,7,1,1.0
9,1,5,7,2,1.0
9,1,6,0,0,1.0
9,1,6,0,1,1.0
9,1,6,0,2,1.0
9,1,6,1,0,1.0
9,1,6,1,1,1.0
9,1,6,1,2,1.0
9,1,6,2,0,1.0
9,1,6,2,1,1.0
9,1,6,2,2,1.0
9,1,6,4,0,1.0
9,1,6,4,1,1.0
9,1,6,4,2,1.0
9,1,6,3,0,1.0
9,1,6,3,1,1.0
9,1,6,3,2,1.0
9,1,6,5,0,1.0
9,1,6,5,1,1.0
9,1,6,5,2,1.0
9,1,6,6,0,1.0
9,1,6,6,1,1.0
9,1,6,6,2,1.0
9,1,6,7,0,1.0
9,1,6,7,1,1.0
9,1,6,7,2,1.0
9,1,7,0,0,1.0
9,1,7,0,1,1.0
9,1,7,0,2,1.0
9,1,7,1,0,1.0
9,1,7,1,1,1.0
9,1,7,1,2,1.0
9,1,7,2,0,1.0
9,1,7,2,1,1.0
9,1,7,2,2,1.0
9,1,7,4,0,1.0
9,1,7,4,1,1.0
9,1,7,4,2,1.0
9,1,7,3,0,1.0
9,1,7,3,1,1.0
9,1,7,3,2,1.0
9,1,7,5,0,1.0
9,1,7,5,1,1.0
9,1,7,5,2,1.0
9,1,7,6,0,1.0
9,1,7,6,1,1.0
9,1,7,6,2,1.0
9,1,7,7,0,1.0
9,1,7,7,1,1.0
9,1,7,7,2,1.0
9,1,8,0,0,1.0
9,1,8,0,1,1.0
9,1,8,0,2,1.0
9,1,8,1,0,1.0
9,1,8,1,1,1.0
9,1,8,1,2,1.0
9,1,8,2,0,1.0
9,1,8,2,1,1.0
9,1,8,2,2,1.0
9,1,8,4,0,1.0
9,1,8,4,1,1.0
9,1,8,4,2,1.0
9,1,8,3,0,1.0
9,1,8,3,1,1.0
9,1,8,3,2,1.0
9,1,8,5,0,1.0
9,1,8,5,1,1.0
9,1,8,5,2,1.0
9,1,8,6,0,1.0
9,1,8,6,1,1.0
9,1,8,6,2,1.0
9,1,8,7,0,1.0
9,1,8,7,1,1.0
9,1,8,7,2,1.0
9,1,9,0,0,1.0
9,1,9,0,1,1.0
9,1,9,0,2,1.0
9,1,9,1,0,1.0
9,1,9,1,1,1.0
9,1,9,1,2,1.0
9,1,9,2,0,1.0
9,1,9,2,1,1.0
9,1,9,2,2,1.0
9,1,9,4,0,1.0
9,1,9,4,1,1.0
9,1,9,4,2,1.0
9,1,9,3,0,1.0
9,1,9,3,1,1.0
9,1,9,3,2,1.0
9,1,9,5,0,1.0
9,1,9,5,1,1.0
9,1,9,5,2,1.0
9,1,9,6,0,1.0
9,1,9,6,1,1.0
9,1,9,6,2,1.0
9,1,9,7,0,1.0
9,1,9,7,1,1.0
9,1,9,7,2,1.0
9,1,10,0,0,1.0
9,1,10,0,1,1.0
9,1,10,0,2,1.0
9,1,10,1,0,1.0
9,1,10,1,1,1.0
9,1,10,1,2,1.0
9,1,10,2,0,1.0
9,1,10,2,1,1.0
9,1,10,2,2,1.0
9,1,10,4,0,1.0
9,1,10,4,1,1.0
9,1,10,4,2,1.0
9,1,10,3,0,1.0
9,1,10,3,1,1.0
9,1,10,3,2,1.0
9,1,10,5,0,1.0
9,1,10,5,1,1.0
9,1,10,5,2,1.0
9,1,10,6,0,1.0
9,1,10,6,1,1.0
9,1,10,6,2,1.0
9,1,10,7,0,1.0
9,1,10,7,1,1.0
9,1,10,7,2,1.0
10,0,-10,0,0,4.7e-05
10,0,-10,0,1,4e-06
10,0,-10,0,2,0.0
10,0,-10,1,0,0.000134
10,0,-10,1,1,2.2e-05
10,0,-10,1,2,0.0
10,0,-10,2,0,0.0
10,0,-10,2,1,0.0
10,0,-10,2,2,0.0
10,0,-10,4,0,0.0
10,0,-10,4,1,0.0
10,0,-10,4,2,0.0
10,0,-10,3,0,0.000277
10,0,-10,3,1,6.3e-05
10,0,-10,3,2,2.6e-05
10,0,-10,5,0,0.000167
10,0,-10,5,1,0.0
10,0,-10,5,2,0.0
10,0,-10,6,0,0.000226
10,0,-10,6,1,-0.0
10,0,-10,6,2,0.0
10,0,-10,7,0,0.000425
10,0,-10,7,1,0.0
10,0,-10,7,2,0.0
10,0,-9,0,0,0.000171
10,0,-9,0,1,1.6e-05
10,0,-9,0,2,0.0
10,0,-9,1,0,0.00049
10,0,-9,1,1,8.3e-05
10,0,-9,1,2,0.0
10,0,-9,2,0,9.1e-05
10,0,-9,2,1,0.0
10,0,-9,2,2,0.0
10,0,-9,4,0,0.0
10,0,-9,4,1,0.0
10,0,-9,4,2,0.0
10,0,-9,3,0,0.001122
10,0,-9,3,1,0.000244
10,0,-9,3,2,0.0001
10,0,-9,5,0,0.001146
10,0,-9,5,1,7.1e-05
10,0,-9,5,2,5e-05
10,0,-9,6,0,0.00087
10,0,-9,6,1,-0.0
10,0,-9,6,2,0.0
10,0,-9,7,0,0.002274
10,0,-9,7,1,9.9e-05
10,0,-9,7,2,7.7e-05
10,0,-8,0,0,0.000384
10,0,-8,0,1,4.2e-05
10,0,-8,0,2,0.0
10,0,-8,1,0,0.001055
10,0,-8,1,1,0.000182
10,0,-8,1,2,0.0
10,0,-8,2,0,0.000444
10,0,-8,2,1,8.2e-05
10,0,-8,2,2,0.0
10,0,-8,4,0,0.0
10,0,-8,4,1,0.000187
10,0,-8,4,2,0.0
10,0,-8,3,0,0.0028
10,0,-8,3,1,0.000565
10,0,-8,3,2,0.000207
10,0,-8,5,0,0.002926
10,0,-8,5,1,0.000417
10,0,-8,5,2,0.000143
10,0,-8,6,0,0.00202
10,0,-8,6,1,0.000187
10,0,-8,6,2,0.0
10,0,-8,7,0,0.007102
10,0,-8,7,1,0.000577
10,0,-8,7,2,0.000372
10,0,-7,0,0,0.000824
10,0,-7,0,1,0.000116
10,0,-7,0,2,1.1e-05
10,0,-7,1,0,0.002164
10,0,-7,1,1,0.00041
10,0,-7,1,2,4.2e-05
10,0,-7,2,0,0.001856
10,0,-7,2,1,0.000342
10,0,-7,2,2,2.1e-05
10,0,-7,4,0,0.0
10,0,-7,4,1,0.001001
10,0,-7,4,2,5.5e-05
10,0,-7,3,0,0.00615
10,0,-7,3,1,0.001422
10,0,-7,3,2,0.000407
10,0,-7,5,0,0.005979
10,0,-7,5,1,0.001472
10,0,-7,5,2,0.000456
10,0,-7,6,0,0.003725
10,0,-7,6,1,0.001001
10,0,-7,6,2,7.4e-05
10,0,-7,7,0,0.017034
10,0,-7,7,1,0.002332
10,0,-7,7,2,0.00098
10,0,-6,0,0,0.001892
10,0,-6,0,1,0.000389
10,0,-6,0,2,4.6e-05
10,0,-6,1,0,0.004678
10,0,-6,1,1,0.001128
10,0,-6,1,2,0.000224
10,0,-6,2,0,0.005835
10,0,-6,2,1,0.001217
10,0,-6,2,2,0.000123
10,0,-6,4,0,0.001421
10,0,-6,4,1,0.002753
10,0,-6,4,2,0.000269
10,0,-6,3,0,0.013145
10,0,-6,3,1,0.003837
10,0,-6,3,2,0.000915
10,0,-6,5,0,0.012978
10,0,-6,5,1,0.004119
10,0,-6,5,2,0.001451
10,0,-6,6,0,0.007809
10,0,-6,6,1,0.003408
10,0,-6,6,2,0.000656
10,0,-6,7,0,0.035808
10,0,-6,7,1,0.008515
10,0,-6,7,2,0.002713
10,0,-5,0,0,0.004318
10,0,-5,0,1,0.001177
10,0,-5,0,2,0.000146
10,0,-5,1,0,0.010454
10,0,-5,1,1,0.003115
10,0,-5,1,2,0.000732
10,0,-5,2,0,0.013322
10,0,-5,2,1,0.00355
10,0,-5,2,2,0.000583
10,0,-5,4,0,0.009028
10,0,-5,4,1,0.005592
10,0,-5,4,2,0.000765
10,0,-5,3,0,0.027654
10,0,-5,3,1,0.009565
10,0,-5,3,2,0.002255
10,0,-5,5,0,0.029985
10,0,-5,5,1,0.010917
10,0,-5,5,2,0.003908
10,0,-5,6,0,0.021249
10,0,-5,6,1,0.010171
10,0,-5,6,2,0.002829
10,0,-5,7,0,0.069482
10,0,-5,7,1,0.025588
10,0,-5,7,2,0.007778
10,0,-4,0,0,0.009656
10,0,-4,0,1,0.003159
10,0,-4,0,2,0.000544
10,0,-4,1,0,0.023062
10,0,-4,1,1,0.008264
10,0,-4,1,2,0.002168
10,0,-4,2,0,0.028026
10,0,-4,2,1,0.009851
10,0,-4,2,2,0.002165
10,0,-4,4,0,0.026393
10,0,-4,4,1,0.012305
10,0,-4,4,2,0.0024
10,0,-4,3,0,0.055743
10,0,-4,3,1,0.022918
10,0,-4,3,2,0.00671
10,0,-4,5,0,0.065574
10,0,-4,5,1,0.028507
10,0,-4,5,2,0.009371
10,0,-4,6,0,0.055689
10,0,-4,6,1,0.026457
10,0,-4,6,2,0.008348
10,0,-4,7,0,0.12622
10,0,-4,7,1,0.063638
10,0,-4,7,2,0.023453
10,0,-3,0,0,0.022017
10,0,-3,0,1,0.00864
10,0,-3,0,2,0.00202
10,0,-3,1,0,0.050213
10,0,-3,1,1,0.022191
10,0,-3,1,2,0.006922
10,0,-3,2,0,0.058909
10,0,-3,2,1,0.025888
10,0,-3,2,2,0.007271
10,0,-3,4,0,0.06159
10,0,-3,4,1,0.03066
10,0,-3,4,2,0.007704
10,0,-3,3,0,0.111114
10,0,-3,3,1,0.056721
10,0,-3,3,2,0.021982
10,0,-3,5,0,0.132712
10,0,-3,5,1,0.067641
10,0,-3,5,2,0.024862
10,0,-3,6,0,0.124197
10,0,-3,6,1,0.063625
10,0,-3,6,2,0.024772
10,0,-3,7,0,0.214393
10,0,-3,7,1,0.12588
10,0,-3,7,2,0.054483
10,0,-2,0,0,0.050146
10,0,-2,0,1,0.023043
10,0,-2,0,2,0.006874
10,0,-2,1,0,0.107316
10,0,-2,1,1,0.057744
10,0,-2,1,2,0.022508
10,0,-2,2,0,0.122585
10,0,-2,2,1,0.063551
10,0,-2,2,2,0.023144
10,0,-2,4,0,0.133743
10,0,-2,4,1,0.072043
10,0,-2,4,2,0.022824
10,0,-2,3,0,0.204209
10,0,-2,3,1,0.119163
10,0,-2,3,2,0.053043
10,0,-2,5,0,0.241534
10,0,-2,5,1,0.135948
10,0,-2,5,2,0.05629
10,0,-2,6,0,0.255747
10,0,-2,6,1,0.154588
10,0,-2,6,2,0.071129
10,0,-2,7,0,0.340996
10,0,-2,7,1,0.213529
10,0,-2,7,2,0.108241
10,0,-1,0,0,0.110961
10,0,-1,0,1,0.05902
10,0,-1,0,2,0.022379
10,0,-1,1,0,0.203897
10,0,-1,1,1,0.122273
10,0,-1,1,2,0.053991
10,0,-1,2,0,0.258819
10,0,-1,2,1,0.154189
10,0,-1,2,2,0.071177
10,0,-1,4,0,0.316618
10,0,-1,4,1,0.21031
10,0,-1,4,2,0.076515
10,0,-1,3,0,0.337891
10,0,-1,3,1,0.212999
10,0,-1,3,2,0.105971
10,0,-1,5,0,0.426479
10,0,-1,5,1,0.276412
10,0,-1,5,2,0.115377
10,0,-1,6,0,0.453417
10,0,-1,6,1,0.321443
10,0,-1,6,2,0.138889
10,0,-1,7,0,0.512861
10,0,-1,7,1,0.351942
10,0,-1,7,2,0.185901
10,0,0,0,0,0.322491
10,0,0,0,1,0.264797
10,0,0,0,2,0.221268
10,0,0,1,0,0.413546
10,0,0,1,1,0.328843
10,0,0,1,2,0.254229
10,0,0,2,0,0.494454
10,0,0,2,1,0.380817
10,0,0,2,2,0.285312
10,0,0,4,0,0.584021
10,0,0,4,1,0.474005
10,0,0,4,2,0.296516
10,0,0,3,0,0.541465
10,0,0,3,1,0.419008
10,0,0,3,2,0.310645
10,0,0,5,0,0.656404
10,0,0,5,1,0.514559
10,0,0,5,2,0.324227
10,0,0,6,0,0.66617
10,0,0,6,1,0.551794
10,0,0,6,2,0.336118
10,0,0,7,0,0.703037
10,0,0,7,1,0.562995
10,0,0,7,2,0.383527
10,0,1,0,0,0.62611
10,0,1,0,1,0.59104
10,0,1,0,2,0.564191
10,0,1,1,0,0.679648
10,0,1,1,1,0.628937
10,0,1,1,2,0.583806
10,0,1,2,0,0.73182
10,0,1,2,1,0.663033
10,0,1,2,2,0.604501
10,0,1,4,0,0.790046
10,0,1,4,1,0.724346
10,0,1,4,2,0.612127
10,0,1,3,0,0.754836
10,0,1,3,1,0.682518
10,0,1,3,2,0.61807
10,0,1,5,0,0.827289
10,0,1,5,1,0.744382
10,0,1,5,2,0.626809
10,0,1,6,0,0.829573
10,0,1,6,1,0.764459
10,0,1,6,2,0.631564
10,0,1,7,0,0.848916
10,0,1,7,1,0.76897
10,0,1,7,2,0.660012
10,0,2,0,0,0.820894
10,0,2,0,1,0.803849
10,0,2,0,2,0.790787
10,0,2,1,0,0.846885
10,0,2,1,1,0.822273
10,0,2,1,2,0.800333
10,0,2,2,0,0.872288
10,0,2,2,1,0.83888
10,0,2,2,2,0.810419
10,0,2,4,0,0.900646
10,0,2,4,1,0.868745
10,0,2,4,2,0.814133
10,0,2,3,0,0.883279
10,0,2,3,1,0.848231
10,0,2,3,2,0.816958
10,0,2,5,0,0.918511
10,0,2,5,1,0.878353
10,0,2,5,2,0.821208
10,0,2,6,0,0.919688
10,0,2,6,1,0.88819
10,0,2,6,2,0.823545
10,0,2,7,0,0.928773
10,0,2,7,1,0.890131
10,0,2,7,2,0.837301
10,0,3,0,0,0.915738
10,0,3,0,1,0.907534
10,0,3,0,2,0.901228
10,0,3,1,0,0.928159
10,0,3,1,1,0.916352
10,0,3,1,2,0.905802
10,0,3,2,0,0.940529
10,0,3,2,1,0.924464
10,0,3,2,2,0.910743
10,0,3,4,0,0.954367
10,0,3,4,1,0.939066
10,0,3,4,2,0.912571
10,0,3,3,0,0.945555
10,0,3,3,1,0.928792
10,0,3,3,2,0.913806
10,0,3,5,0,0.962635
10,0,3,5,1,0.943466
10,0,3,5,2,0.915876
10,0,3,6,0,0.963014
10,0,3,6,1,0.948076
10,0,3,6,2,0.916879
10,0,3,7,0,0.967238
10,0,3,7,1,0.948884
10,0,3,7,2,0.923467
10,0,4,0,0,0.961881
10,0,4,0,1,0.95814
10,0,4,0,2,0.955263
10,0,4,1,0,0.967545
10,0,4,1,1,0.962165
10,0,4,1,2,0.957354
10,0,4,2,0,0.973188
10,0,4,2,1,0.965864
10,0,4,2,2,0.959607
10,0,4,4,0,0.979496
10,0,4,4,1,0.972519
10,0,4,4,2,0.960439
10,0,4,3,0,0.975446
10,0,4,3,1,0.967811
10,0,4,3,2,0.960988
10,0,4,5,0,0.983233
10,0,4,5,1,0.974509
10,0,4,5,2,0.961932
10,0,4,6,0,0.983445
10,0,4,6,1,0.976648
10,0,4,6,2,0.96241
10,0,4,7,0,0.98532
10,0,4,7,1,0.976977
10,0,4,7,2,0.965407
10,0,5,0,0,0.982928
10,0,5,0,1,0.981226
10,0,5,0,2,0.979913
10,0,5,1,0,0.985476
10,0,5,1,1,0.983034
10,0,5,1,2,0.98085
10,0,5,2,0,0.988092
10,0,5,2,1,0.984759
10,0,5,2,2,0.981905
10,0,5,4,0,0.991024
10,0,5,4,1,0.987866
10,0,5,4,2,0.982299
10,0,5,3,0,0.989068
10,0,5,3,1,0.98561
10,0,5,3,2,0.982518
10,0,5,5,0,0.992661
10,0,5,5,1,0.98872
10,0,5,5,2,0.982956
10,0,5,6,0,0.992653
10,0,5,6,1,0.989603
10,0,5,6,2,0.983107
10,0,5,7,0,0.993536
10,0,5,7,1,0.989791
10,0,5,7,2,0.984489
10,0,6,0,0,0.992665
10,0,6,0,1,0.991956
10,0,6,0,2,0.991414
10,0,6,1,0,0.99376
10,0,6,1,1,0.992732
10,0,6,1,2,0.991816
10,0,6,2,0,0.994796
10,0,6,2,1,0.993406
10,0,6,2,2,0.992223
10,0,6,4,0,0.995953
10,0,6,4,1,0.994616
10,0,6,4,2,0.992372
10,0,6,3,0,0.995285
10,0,6,3,1,0.993819
10,0,6,3,2,0.992508
10,0,6,5,0,0.996732
10,0,6,5,1,0.995045
10,0,6,5,2,0.992681
10,0,6,6,0,0.996818
10,0,6,6,1,0.995481
10,0,6,6,2,0.9928
10,0,6,7,0,0.997185
10,0,6,7,1,0.995558
10,0,6,7,2,0.993369
10,0,7,0,0,0.996544
10,0,7,0,1,0.996174
10,0,7,0,2,0.995887
10,0,7,1,0,0.9971
10,0,7,1,1,0.996571
10,0,7,1,2,0.996094
10,0,7,2,0,0.997667
10,0,7,2,1,0.996944
10,0,7,2,2,0.996322
10,0,7,4,0,0.998304
10,0,7,4,1,0.997617
10,0,7,4,2,0.996407
10,0,7,3,0,0.99787
10,0,7,3,1,0.997125
10,0,7,3,2,0.996455
10,0,7,5,0,0.998647
10,0,7,5,1,0.997798
10,0,7,5,2,0.996549
10,0,7,6,0,0.998663
10,0,7,6,1,0.998007
10,0,7,6,2,0.996591
10,0,7,7,0,0.99882
10,0,7,7,1,0.99802
10,0,7,7,2,0.996882
10,0,8,0,0,0.998659
10,0,8,0,1,0.998504
10,0,8,0,2,0.998382
10,0,8,1,0,0.998889
10,0,8,1,1,0.998669
10,0,8,1,2,0.998469
10,0,8,2,0,0.999132
10,0,8,2,1,0.99883
10,0,8,2,2,0.998568
10,0,8,4,0,0.999406
10,0,8,4,1,0.999121
10,0,8,4,2,0.998605
10,0,8,3,0,0.999203
10,0,8,3,1,0.998897
10,0,8,3,2,0.998619
10,0,8,5,0,0.999533
10,0,8,5,1,0.999186
10,0,8,5,2,0.99866
10,0,8,6,0,0.999537
10,0,8,6,1,0.999273
10,0,8,6,2,0.998675
10,0,8,7,0,0.999589
10,0,8,7,1,0.999267
10,0,8,7,2,0.998794
10,0,9,0,0,0.999566
10,0,9,0,1,0.999509
10,0,9,0,2,0.999464
10,0,9,1,0,0.999646
10,0,9,1,1,0.999567
10,0,9,1,2,0.999495
10,0,9,2,0,0.999741
10,0,9,2,1,0.999631
10,0,9,2,2,0.999535
10,0,9,4,0,0.999848
10,0,9,4,1,0.999746
10,0,9,4,2,0.99955
10,0,9,3,0,0.999756
10,0,9,3,1,0.999648
10,0,9,3,2,0.999549
10,0,9,5,0,0.999881
10,0,9,5,1,0.999761
10,0,9,5,2,0.999565
10,0,9,6,0,0.999876
10,0,9,6,1,0.999788
10,0,9,6,2,0.999566
10,0,9,7,0,0.99989
10,0,9,7,1,0.999781
10,0,9,7,2,0.999609
10,0,10,0,0,0.999916
10,0,10,0,1,0.999904
10,0,10,0,2,0.999893
10,0,10,1,0,0.999933
10,0,10,1,1,0.999916
10,0,10,1,2,0.9999
10,0,10,2,0,0.999955
10,0,10,2,1,0.999931
10,0,10,2,2,0.99991
10,0,10,4,0,0.999982
10,0,10,4,1,0.99996
10,0,10,4,2,0.999914
10,0,10,3,0,0.999956
10,0,10,3,1,0.999933
10,0,10,3,2,0.999912
10,0,10,5,0,0.999985
10,0,10,5,1,0.99996
10,0,10,5,2,0.999916
10,0,10,6,0,0.999981
10,0,10,6,1,0.999964
10,0,10,6,2,0.999914
10,0,10,7,0,0.999984
10,0,10,7,1,0.999962
10,0,10,7,2,0.999924
10,1,-10,0,0,4.1e-05
10,1,-10,0,1,0.0
10,1,-10,0,2,0.0
10,1,-10,1,0,0.000136
10,1,-10,1,1,0.0
10,1,-10,1,2,0.0
10,1,-10,2,0,0.000114
10,1,-10,2,1,0.0
10,1,-10,2,2,0.0
10,1,-10,4,0,0.000867
10,1,-10,4,1,0.0
10,1,-10,4,2,0.0
10,1,-10,3,0,0.000279
10,1,-10,3,1,0.0
10,1,-10,3,2,0.0
10,1,-10,5,0,0.000797
10,1,-10,5,1,0.0
10,1,-10,5,2,0.0
10,1,-10,6,0,0.000523
10,1,-10,6,1,0.0
10,1,-10,6,2,0.0
10,1,-10,7,0,0.001031
10,1,-10,7,1,0.0
10,1,-10,7,2,0.0
10,1,-9,0,0,0.000222
10,1,-9,0,1,0.0
10,1,-9,0,2,0.0
10,1,-9,1,0,0.000676
10,1,-9,1,1,0.0
10,1,-9,1,2,0.0
10,1,-9,2,0,0.000569
10,1,-9,2,1,6.9e-05
10,1,-9,2,2,0.0
10,1,-9,4,0,0.001715
10,1,-9,4,1,0.0
10,1,-9,4,2,0.0
10,1,-9,3,0,0.001666
10,1,-9,3,1,8e-05
10,1,-9,3,2,0.0
10,1,-9,5,0,0.002373
10,1,-9,5,1,0.00036
10,1,-9,5,2,0.0
10,1,-9,6,0,0.002082
10,1,-9,6,1,0.000233
10,1,-9,6,2,0.0
10,1,-9,7,0,0.0041
10,1,-9,7,1,0.000485
10,1,-9,7,2,0.0
10,1,-8,0,0,0.00059
10,1,-8,0,1,4.6e-05
10,1,-8,0,2,2.8e-05
10,1,-8,1,0,0.001752
10,1,-8,1,1,0.000167
10,1,-8,1,2,5.5e-05
10,1,-8,2,0,0.001706
10,1,-8,2,1,0.000276
10,1,-8,2,2,0.0
10,1,-8,4,0,0.001715
10,1,-8,4,1,0.000232
10,1,-8,4,2,0.0
10,1,-8,3,0,0.004987
10,1,-8,3,1,0.000637
10,1,-8,3,2,0.000133
10,1,-8,5,0,0.003152
10,1,-8,5,1,0.001432
10,1,-8,5,2,0.0
10,1,-8,6,0,0.004676
10,1,-8,6,1,0.000928
10,1,-8,6,2,0.0
10,1,-8,7,0,0.008693
10,1,-8,7,1,0.002416
10,1,-8,7,2,0.000372
10,1,-7,0,0,0.001419
10,1,-7,0,1,0.000375
10,1,-7,0,2,0.000113
10,1,-7,1,0,0.003637
10,1,-7,1,1,0.001026
10,1,-7,1,2,0.000217
10,1,-7,2,0,0.004319
10,1,-7,2,1,0.001035
10,1,-7,2,2,0.000106
10,1,-7,4,0,0.005184
10,1,-7,4,1,0.001154
10,1,-7,4,2,0.000139
10,1,-7,3,0,0.009399
10,1,-7,3,1,0.002702
10,1,-7,3,2,0.000529
10,1,-7,5,0,0.006738
10,1,-7,5,1,0.003577
10,1,-7,5,2,0.000256
10,1,-7,6,0,0.010921
10,1,-7,6,1,0.002785
10,1,-7,6,2,0.000383
10,1,-7,7,0,0.017397
10,1,-7,7,1,0.006753
10,1,-7,7,2,0.001665
10,1,-6,0,0,0.003445
10,1,-6,0,1,0.001245
10,1,-6,0,2,0.000297
10,1,-6,1,0,0.007987
10,1,-6,1,1,0.003099
10,1,-6,1,2,0.000651
10,1,-6,2,0,0.008968
10,1,-6,2,1,0.003238
10,1,-6,2,2,0.000527
10,1,-6,4,0,0.012912
10,1,-6,4,1,0.002762
10,1,-6,4,2,0.000693
10,1,-6,3,0,0.018688
10,1,-6,3,1,0.007616
10,1,-6,3,2,0.001521
10,1,-6,5,0,0.017017
10,1,-6,5,1,0.007866
10,1,-6,5,2,0.00102
10,1,-6,6,0,0.022855
10,1,-6,6,1,0.00859
10,1,-6,6,2,0.001334
10,1,-6,7,0,0.038906
10,1,-6,7,1,0.018096
10,1,-6,7,2,0.003503
10,1,-5,0,0,0.008302
10,1,-5,0,1,0.003145
10,1,-5,0,2,0.000679
10,1,-5,1,0,0.01918
10,1,-5,1,1,0.007579
10,1,-5,1,2,0.001762
10,1,-5,2,0,0.021029
10,1,-5,2,1,0.0093
10,1,-5,2,2,0.00179
10,1,-5,4,0,0.022356
10,1,-5,4,1,0.006684
10,1,-5,4,2,0.002217
10,1,-5,3,0,0.044876
10,1,-5,3,1,0.018958
10,1,-5,3,2,0.004632
10,1,-5,5,0,0.040771
10,1,-5,5,1,0.020406
10,1,-5,5,2,0.004343
10,1,-5,6,0,0.049908
10,1,-5,6,1,0.023897
10,1,-5,6,2,0.003622
10,1,-5,7,0,0.084947
10,1,-5,7,1,0.045578
10,1,-5,7,2,0.009988
10,1,-4,0,0,0.01967
10,1,-4,0,1,0.007841
10,1,-4,0,2,0.001726
10,1,-4,1,0,0.044717
10,1,-4,1,1,0.019648
10,1,-4,1,2,0.005425
10,1,-4,2,0,0.04679
10,1,-4,2,1,0.02278
10,1,-4,2,2,0.005845
10,1,-4,4,0,0.04392
10,1,-4,4,1,0.017286
10,1,-4,4,2,0.005396
10,1,-4,3,0,0.101601
10,1,-4,3,1,0.050393
10,1,-4,3,2,0.016754
10,1,-4,5,0,0.092982
10,1,-4,5,1,0.050439
10,1,-4,5,2,0.014798
10,1,-4,6,0,0.113319
10,1,-4,6,1,0.061234
10,1,-4,6,2,0.013361
10,1,-4,7,0,0.184244
10,1,-4,7,1,0.114812
10,1,-4,7,2,0.04425
10,1,-3,0,0,0.044388
10,1,-3,0,1,0.019652
10,1,-3,0,2,0.005082
10,1,-3,1,0,0.094879
10,1,-3,1,1,0.048432
10,1,-3,1,2,0.016215
10,1,-3,2,0,0.103268
10,1,-3,2,1,0.053203
10,1,-3,2,2,0.017896
10,1,-3,4,0,0.10686
10,1,-3,4,1,0.05028
10,1,-3,4,2,0.016216
10,1,-3,3,0,0.202102
10,1,-3,3,1,0.120204
10,1,-3,3,2,0.051267
10,1,-3,5,0,0.205742
10,1,-3,5,1,0.115342
10,1,-3,5,2,0.044895
10,1,-3,6,0,0.228536
10,1,-3,6,1,0.142807
10,1,-3,6,2,0.044817
10,1,-3,7,0,0.328054
10,1,-3,7,1,0.21758
10,1,-3,7,2,0.100306
10,1,-2,0,0,0.097519
10,1,-2,0,1,0.048885
10,1,-2,0,2,0.015501
10,1,-2,1,0,0.19437
10,1,-2,1,1,0.115812
10,1,-2,1,2,0.048952
10,1,-2,2,0,0.21848
10,1,-2,2,1,0.124783
10,1,-2,2,2,0.052365
10,1,-2,4,0,0.215093
10,1,-2,4,1,0.132973
10,1,-2,4,2,0.050433
10,1,-2,3,0,0.341767
10,1,-2,3,1,0.220558
10,1,-2,3,2,0.103809
10,1,-2,5,0,0.370154
10,1,-2,5,1,0.219861
10,1,-2,5,2,0.100572
10,1,-2,6,0,0.45408
10,1,-2,6,1,0.315705
10,1,-2,6,2,0.143607
10,1,-2,7,0,0.506749
10,1,-2,7,1,0.349894
10,1,-2,7,2,0.181102
10,1,-1,0,0,0.207848
10,1,-1,0,1,0.119105
10,1,-1,0,2,0.048348
10,1,-1,1,0,0.342298
10,1,-1,1,1,0.219969
10,1,-1,1,2,0.103595
10,1,-1,2,0,0.454832
10,1,-1,2,1,0.293622
10,1,-1,2,2,0.153049
10,1,-1,4,0,0.547574
10,1,-1,4,1,0.422743
10,1,-1,4,2,0.16466
10,1,-1,3,0,0.522657
10,1,-1,3,1,0.351394
10,1,-1,3,2,0.183824
10,1,-1,5,0,0.658643
10,1,-1,5,1,0.470582
10,1,-1,5,2,0.208972
10,1,-1,6,0,0.726481
10,1,-1,6,1,0.560508
10,1,-1,6,2,0.243169
10,1,-1,7,0,0.736366
10,1,-1,7,1,0.557831
10,1,-1,7,2,0.285126
10,1,0,0,0,0.644361
10,1,0,0,1,0.588493
10,1,0,0,2,0.541601
10,1,0,1,0,0.714516
10,1,0,1,1,0.642046
10,1,0,1,2,0.571393
10,1,0,2,0,0.808819
10,1,0,2,1,0.708491
10,1,0,2,2,0.617771
10,1,0,4,0,0.907555
10,1,0,4,1,0.827395
10,1,0,4,2,0.630079
10,1,0,3,0,0.814733
10,1,0,3,1,0.716741
10,1,0,3,2,0.621823
10,1,0,5,0,0.929085
10,1,0,5,1,0.83078
10,1,0,5,2,0.645403
10,1,0,6,0,0.923221
10,1,0,6,1,0.844998
10,1,0,6,2,0.638113
10,1,0,7,0,0.931452
10,1,0,7,1,0.844044
10,1,0,7,2,0.671515
10,1,1,0,0,1.0
10,1,1,0,1,1.0
10,1,1,0,2,1.0
10,1,1,1,0,1.0
10,1,1,1,1,1.0
10,1,1,1,2,1.0
10,1,1,2,0,1.0
10,1,1,2,1,1.0
10,1,1,2,2,1.0
10,1,1,4,0,1.0
10,1,1,4,1,1.0
10,1,1,4,2,1.0
10,1,1,3,0,1.0
10,1,1,3,1,1.0
10,1,1,3,2,1.0
10,1,1,5,0,1.0
10,1,1,5,1,1.0
10,1,1,5,2,1.0
10,1,1,6,0,1.0
10,1,1,6,1,1.0
10,1,1,6,2,1.0
10,1,1,7,0,1.0
10,1,1,7,1,1.0
10,1,1,7,2,1.0
10,1,2,0,0,1.0
10,1,2,0,1,1.0
10,1,2,0,2,1.0
10,1,2,1,0,1.0
10,1,2,1,1,1.0
10,1,2,1,2,1.0
10,1,2,2,0,1.0
10,1,2,2,1,1.0
10,1,2,2,2,1.0
10,1,2,4,0,1.0
10,1,2,4,1,1.0
10,1,2,4,2,1.0
10,1,2,3,0,1.0
10,1,2,3,1,1.0
10,1,2,3,2,1.0
10,1,2,5,0,1.0
10,1,2,5,1,1.0
10,1,2,5,2,1.0
10,1,2,6,0,1.0
10,1,2,6,1,1.0
10,1,2,6,2,1.0
10,1,2,7,0,1.0
10,1,2,7,1,1.0
10,1,2,7,2,1.0
10,1,3,0,0,1.0
10,1,3,0,1,1.0
10,1,3,0,2,1.0
10,1,3,1,0,1.0
10,1,3,1,1,1.0
10,1,3,1,2,1.0
10,1,3,2,0,1.0
10,1,3,2,1,1.0
10,1,3,2,2,1.0
10,1,3,4,0,1.0
10,1,3,4,1,1.0
10,1,3,4,2,1.0
10,1,3,3,0,1.0
10,1,3,3,1,1.0
10,1,3,3,2,1.0
10,1,3,5,0,1.0
10,1,3,5,1,1.0
10,1,3,5,2,1.0
10,1,3,6,0,1.0
10,1,3,6,1,1.0
10,1,3,6,2,1.0
10,1,3,7,0,1.0
10,1,3,7,1,1.0
10,1,3,7,2,1.0
10,1,4,0,0,1.0
10,1,4,0,1,1.0
10,1,4,0,2,1.0
10,1,4,1,0,1.0
10,1,4,1,1,1.0
10,1,4,1,2,1.0
10,1,4,2,0,1.0
10,1,4,2,1,1.0
10,1,4,2,2,1.0
10,1,4,4,0,1.0
10,1,4,4,1,1.0
10,1,4,4,2,1.0
10,1,4,3,0,1.0
10,1,4,3,1,1.0
10,1,4,3,2,1.0
10,1,4,5,0,1.0
10,1,4,5,1,1.0
10,1,4,5,2,1.0
10,1,4,6,0,1.0
10,1,4,6,1,1.0
10,1,4,6,2,1.0
10,1,4,7,0,1.0
10,1,4,7,1,1.0
10,1,4,7,2,1.0
10,1,5,0,0,1.0
10,1,5,0,1,1.0
10,1,5,0,2,1.0
10,1,5,1,0,1.0
10,1,5,1,1,1.0
10,1,5,1,2,1.0
10,1,5,2,0,1.0
10,1,5,2,1,1.0
10,1,5,2,2,1.0
10,1,5,4,0,1.0
10,1,5,4,1,1.0
10,1,5,4,2,1.0
10,1,5,3,0,1.0
10,1,5,3,1,1.0
10,1,5,3,2,1.0
10,1,5,5,0,1.0
10,1,5,5,1,1.0
10,1,5,5,2,1.0
10,1,5,6,0,1.0
10,1,5,6,1,1.0
10,1,5,6,2,1.0
10,1,5,7,0,1.0
10,1,5,7,1,1.0
10,1,5,7,2,1.0
10,1,6,0,0,1.0
10,1,6,0,1,1.0
10,1,6,0,2,1.0
10,1,6,1,0,1.0
10,1,6,1,1,1.0
10,1,6,1,2,1.0
10,1,6,2,0,1.0
10,1,6,2,1,1.0
10,1,6,2,2,1.0
10,1,6,4,0,1.0
10,1,6,4,1,1.0
10,1,6,4,2,1.0
10,1,6,3,0,1.0
10,1,6,3,1,1.0
10,1,6,3,2,1.0
10,1,6,5,0,1.0
10,1,6,5,1,1.0
10,1,6,5,2,1.0
10,1,6,6,0,1.0
10,1,6,6,1,1.0
10,1,6,6,2,1.0
10,1,6,7,0,1.0
10,1,6,7,1,1.0
10,1,6,7,2,1.0
10,1,7,0,0,1.0
10,1,7,0,1,1.0
10,1,7,0,2,1.0
10,1,7,1,0,1.0
10,1,7,1,1,1.0
10,1,7,1,2,1.0
10,1,7,2,0,1.0
10,1,7,2,1,1.0
10,1,7,2,2,1.0
10,1,7,4,0,1.0
10,1,7,4,1,1.0
10,1,7,4,2,1.0
10,1,7,3,0,1.0
10,1,7,3,1,1.0
10,1,7,3,2,1.0
10,1,7,5,0,1.0
10,1,7,5,1,1.0
10,1,7,5,2,1.0
10,1,7,6,0,1.0
10,1,7,6,1,1.0
10,1,7,6,2,1.0
10,1,7,7,0,1.0
10,1,7,7,1,1.0
10,1,7,7,2,1.0
10,1,8,0,0,1.0
10,1,8,0,1,1.0
10,1,8,0,2,1.0
10,1,8,1,0,1.0
10,1,8,1,1,1.0
10,1,8,1,2,1.0
10,1,8,2,0,1.0
10,1,8,2,1,1.0
10,1,8,2,2,1.0
10,1,8,4,0,1.0
10,1,8,4,1,1.0
10,1,8,4,2,1.0
10,1,8,3,0,1.0
10,1,8,3,1,1.0
10,1,8,3,2,1.0
10,1,8,5,0,1.0
10,1,8,5,1,1.0
10,1,8,5,2,1.0
10,1,8,6,0,1.0
10,1,8,6,1,1.0
10,1,8,6,2,1.0
10,1,8,7,0,1.0
10,1,8,7,1,1.0
10,1,8,7,2,1.0
10,1,9,0,0,1.0
10,1,9,0,1,1.0
10,1,9,0,2,1.0
10,1,9,1,0,1.0
10,1,9,1,1,1.0
10,1,9,1,2,1.0
10,1,9,2,0,1.0
10,1,9,2,1,1.0
10,1,9,2,2,1.0
10,1,9,4,0,1.0
10,1,9,4,1,1.0
10,1,9,4,2,1.0
10,1,9,3,0,1.0
10,1,9,3,1,1.0
10,1,9,3,2,1.0
10,1,9,5,0,1.0
10,1,9,5,1,1.0
10,1,9,5,2,1.0
10,1,9,6,0,1.0
10,1,9,6,1,1.0
10,1,9,6,2,1.0
10,1,9,7,0,1.0
10,1,9,7,1,1.0
10,1,9,7,2,1.0
10,1,10,0,0,1.0
10,1,10,0,1,1.0
10,1,10,0,2,1.0
10,1,10,1,0,1.0
10,1,10,1,1,1.0
10,1,10,1,2,1.0
10,1,10,2,0,1.0
10,1,10,2,1,1.0
10,1,10,2,2,1.0
10,1,10,4,0,1.0
10,1,10,4,1,1.0
10,1,10,4,2,1.0
10,1,10,3,0,1.0
10,1,10,3,1,1.0
10,1,10,3,2,1.0
10,1,10,5,0,1.0
10,1,10,5,1,1.0
10,1,10,5,2,1.0
10,1,10,6,0,1.0
10,1,10,6,1,1.0
10,1,10,6,2,1.0
10,1,10,7,0,1.0
10,1,10,7,1,1.0
10,1,10,7,2,1.0
11,0,-10,0,0,4.7e-05
11,0,-10,0,1,4e-06
11,0,-10,0,2,0.0
11,0,-10,1,0,0.000134
11,0,-10,1,1,2.2e-05
11,0,-10,1,2,0.0
11,0,-10,2,0,0.0
11,0,-10,2,1,0.0
11,0,-10,2,2,0.0
11,0,-10,4,0,0.0
11,0,-10,4,1,0.0
11,0,-10,4,2,0.0
11,0,-10,3,0,0.000277
11,0,-10,3,1,6.3e-05
11,0,-10,3,2,2.6e-05
11,0,-10,5,0,0.000167
11,0,-10,5,1,0.0
11,0,-10,5,2,0.0
11,0,-10,6,0,0.000226
11,0,-10,6,1,-0.0
11,0,-10,6,2,0.0
11,0,-10,7,0,0.000425
11,0,-10,7,1,0.0
11,0,-10,7,2,0.0
11,0,-9,0,0,0.000171
11,0,-9,0,1,1.6e-05
11,0,-9,0,2,0.0
11,0,-9,1,0,0.00049
11,0,-9,1,1,8.3e-05
11,0,-9,1,2,0.0
11,0,-9,2,0,9.1e-05
11,0,-9,2,1,0.0
11,0,-9,2,2,0.0
11,0,-9,4,0,0.0
11,0,-9,4,1,0.0
11,0,-9,4,2,0.0
11,0,-9,3,0,0.001122
11,0,-9,3,1,0.000244
11,0,-9,3,2,0.0001
11,0,-9,5,0,0.001146
11,0,-9,5,1,7.1e-05
11,0,-9,5,2,5e-05
11,0,-9,6,0,0.00087
11,0,-9,6,1,-0.0
11,0,-9,6,2,0.0
11,0,-9,7,0,0.002274
11,0,-9,7,1,9.9e-05
11,0,-9,7,2,7.7e-05
11,0,-8,0,0,0.000384
11,0,-8,0,1,4.2e-05
11,0,-8,0,2,0.0
11,0,-8,1,0,0.001055
11,0,-8,1,1,0.000182
11,0,-8,1,2,0.0
11,0,-8,2,0,0.000444
11,0,-8,2,1,8.2e-05
11,0,-8,2,2,0.0
11,0,-8,4,0,0.0
11,0,-8,4,1,0.000187
11,0,-8,4,2,0.0
11,0,-8,3,0,0.0028
11,0,-8,3,1,0.000565
11,0,-8,3,2,0.000207
11,0,-8,5,0,0.002926
11,0,-8,5,1,0.000417
11,0,-8,5,2,0.000143
11,0,-8,6,0,0.00202
11,0,-8,6,1,0.000187
11,0,-8,6,2,0.0
11,0,-8,7,0,0.007102
11,0,-8,7,1,0.000577
11,0,-8,7,2,0.000372
11,0,-7,0,0,0.000824
11,0,-7,0,1,0.000116
11,0,-7,0,2,1.1e-05
11,0,-7,1,0,0.002164
11,0,-7,1,1,0.00041
11,0,-7,1,2,4.2e-05
11,0,-7,2,0,0.001856
11,0,-7,2,1,0.000342
11,0,-7,2,2,2.1e-05
11,0,-7,4,0,0.0
11,0,-7,4,1,0.001001
11,0,-7,4,2,5.5e-05
11,0,-7,3,0,0.00615
11,0,-7,3,1,0.001422
11,0,-7,3,2,0.000407
11,0,-7,5,0,0.005979
11,0,-7,5,1,0.001472
11,0,-7,5,2,0.000456
11,0,-7,6,0,0.003725
11,0,-7,6,1,0.001001
11,0,-7,6,2,7.4e-05
11,0,-7,7,0,0.017034
11,0,-7,7,1,0.002332
11,0,-7,7,2,0.00098
11,0,-6,0,0,0.001892
11,0,-6,0,1,0.000389
11,0,-6,0,2,4.6e-05
11,0,-6,1,0,0.004678
11,0,-6,1,1,0.001128
11,0,-6,1,2,0.000224
11,0,-6,2,0,0.005835
11,0,-6,2,1,0.001217
11,0,-6,2,2,0.000123
11,0,-6,4,0,0.001421
11,0,-6,4,1,0.002753
11,0,-6,4,2,0.000269
11,0,-6,3,0,0.013145
11,0,-6,3,1,0.003837
11,0,-6,3,2,0.000915
11,0,-6,5,0,0.012978
11,0,-6,5,1,0.004119
11,0,-6,5,2,0.001451
11,0,-6,6,0,0.007809
11,0,-6,6,1,0.003408
11,0,-6,6,2,0.000656
11,0,-6,7,0,0.035808
11,0,-6,7,1,0.008515
11,0,-6,7,2,0.002713
11,0,-5,0,0,0.004318
11,0,-5,0,1,0.001177
11,0,-5,0,2,0.000146
11,0,-5,1,0,0.010454
11,0,-5,1,1,0.003115
11,0,-5,1,2,0.000732
11,0,-5,2,0,0.013322
11,0,-5,2,1,0.00355
11,0,-5,2,2,0.000583
11,0,-5,4,0,0.009028
11,0,-5,4,1,0.005592
11,0,-5,4,2,0.000765
11,0,-5,3,0,0.027654
11,0,-5,3,1,0.009565
11,0,-5,3,2,0.002255
11,0,-5,5,0,0.029985
11,0,-5,5,1,0.010917
11,0,-5,5,2,0.003908
11,0,-5,6,0,0.021249
11,0,-5,6,1,0.010171
11,0,-5,6,2,0.002829
11,0,-5,7,0,0.069482
11,0,-5,7,1,0.025588
11,0,-5,7,2,0.007778
11,0,-4,0,0,0.009656
11,0,-4,0,1,0.003159
11,0,-4,0,2,0.000544
11,0,-4,1,0,0.023062
11,0,-4,1,1,0.008264
11,0,-4,1,2,0.002168
11,0,-4,2,0,0.028026
11,0,-4,2,1,0.009851
11,0,-4,2,2,0.002165
11,0,-4,4,0,0.026393
11,0,-4,4,1,0.012305
11,0,-4,4,2,0.0024
11,0,-4,3,0,0.055743
11,0,-4,3,1,0.022918
11,0,-4,3,2,0.00671
11,0,-4,5,0,0.065574
11,0,-4,5,1,0.028507
11,0,-4,5,2,0.009371
11,0,-4,6,0,0.055689
11,0,-4,6,1,0.026457
11,0,-4,6,2,0.008348
11,0,-4,7,0,0.12622
11,0,-4,7,1,0.063638
11,0,-4,7,2,0.023453
11,0,-3,0,0,0.022017
11,0,-3,0,1,0.00864
11,0,-3,0,2,0.00202
11,0,-3,1,0,0.050213
11,0,-3,1,1,0.022191
11,0,-3,1,2,0.006922
11,0,-3,2,0,0.058909
11,0,-3,2,1,0.025888
11,0,-3,2,2,0.007271
11,0,-3,4,0,0.06159
11,0,-3,4,1,0.03066
11,0,-3,4,2,0.007704
11,0,-3,3,0,0.111114
11,0,-3,3,1,0.056721
11,0,-3,3,2,0.021982
11,0,-3,5,0,0.132712
11,0,-3,5,1,0.067641
11,0,-3,5,2,0.024862
11,0,-3,6,0,0.124197
11,0,-3,6,1,0.063625
11,0,-3,6,2,0.024772
11,0,-3,7,0,0.214393
11,0,-3,7,1,0.12588
11,0,-3,7,2,0.054483
11,0,-2,0,0,0.050146
11,0,-2,0,1,0.023043
11,0,-2,0,2,0.006874
11,0,-2,1,0,0.107316
11,0,-2,1,1,0.057744
11,0,-2,1,2,0.022508
11,0,-2,2,0,0.122585
11,0,-2,2,1,0.063551
11,0,-2,2,2,0.023144
11,0,-2,4,0,0.133743
11,0,-2,4,1,0.072043
11,0,-2,4,2,0.022824
11,0,-2,3,0,0.204209
11,0,-2,3,1,0.119163
11,0,-2,3,2,0.053043
11,0,-2,5,0,0.241534
11,0,-2,5,1,0.135948
11,0,-2,5,2,0.05629
11,0,-2,6,0,0.255747
11,0,-2,6,1,0.154588
11,0,-2,6,2,0.071129
11,0,-2,7,0,0.340996
11,0,-2,7,1,0.213529
11,0,-2,7,2,0.108241
11,0,-1,0,0,0.110961
11,0,-1,0,1,0.05902
11,0,-1,0,2,0.022379
11,0,-1,1,0,0.203897
11,0,-1,1,1,0.122273
11,0,-1,1,2,0.053991
11,0,-1,2,0,0.258819
11,0,-1,2,1,0.154189
11,0,-1,2,2,0.071177
11,0,-1,4,0,0.316618
11,0,-1,4,1,0.21031
11,0,-1,4,2,0.076515
11,0,-1,3,0,0.337891
11,0,-1,3,1,0.212999
11,0,-1,3,2,0.105971
11,0,-1,5,0,0.426479
11,0,-1,5,1,0.276412
11,0,-1,5,2,0.115377
11,0,-1,6,0,0.453417
11,0,-1,6,1,0.321443
11,0,-1,6,2,0.138889
11,0,-1,7,0,0.512861
11,0,-1,7,1,0.351942
11,0,-1,7,2,0.185901
11,0,0,0,0,0.322491
11,0,0,0,1,0.264797
11,0,0,0,2,0.221268
11,0,0,1,0,0.413546
11,0,0,1,1,0.328843
11,0,0,1,2,0.254229
11,0,0,2,0,0.494454
11,0,0,2,1,0.380817
11,0,0,2,2,0.285312
11,0,0,4,0,0.584021
11,0,0,4,1,0.474005
11,0,0,4,2,0.296516
11,0,0,3,0,0.541465
11,0,0,3,1,0.419008
11,0,0,3,2,0.310645
11,0,0,5,0,0.656404
11,0,0,5,1,0.514559
11,0,0,5,2,0.324227
11,0,0,6,0,0.66617
11,0,0,6,1,0.551794
11,0,0,6,2,0.336118
11,0,0,7,0,0.703037
11,0,0,7,1,0.562995
11,0,0,7,2,0.383527
11,0,1,0,0,0.62611
11,0,1,0,1,0.59104
11,0,1,0,2,0.564191
11,0,1,1,0,0.679648
11,0,1,1,1,0.628937
11,0,1,1,2,0.583806
11,0,1,2,0,0.73182
11,0,1,2,1,0.663033
11,0,1,2,2,0.604501
11,0,1,4,0,0.790046
11,0,1,4,1,0.724346
11,0,1,4,2,0.612127
11,0,1,3,0,0.754836
11,0,1,3,1,0.682518
11,0,1,3,2,0.61807
11,0,1,5,0,0.827289
11,0,1,5,1,0.744382
11,0,1,5,2,0.626809
11,0,1,6,0,0.829573
11,0,1,6,1,0.764459
11,0,1,6,2,0.631564
11,0,1,7,0,0.848916
11,0,1,7,1,0.76897
11,0,1,7,2,0.660012
11,0,2,0,0,0.820894
11,0,2,0,1,0.803849
11,0,2,0,2,0.790787
11,0,2,1,0,0.846885
11,0,2,1,1,0.822273
11,0,2,1,2,0.800333
11,0,2,2,0,0.872288
11,0,2,2,1,0.83888
11,0,2,2,2,0.810419
11,0,2,4,0,0.900646
11,0,2,4,1,0.868745
11,0,2,4,2,0.814133
11,0,2,3,0,0.883279
11,0,2,3,1,0.848231
11,0,2,3,2,0.816958
11,0,2,5,0,0.918511
11,0,2,5,1,0.878353
11,0,2,5,2,0.821208
11,0,2,6,0,0.919688
11,0,2,6,1,0.88819
11,0,2,6,2,0.823545
11,0,2,7,0,0.928773
11,0,2,7,1,0.890131
11,0,2,7,2,0.837301
11,0,3,0,0,0.915738
11,0,3,0,1,0.907534
11,0,3,0,2,0.901228
11,0,3,1,0,0.928159
11,0,3,1,1,0.916352
11,0,3,1,2,0.905802
11,0,3,2,0,0.940529
11,0,3,2,1,0.924464
11,0,3,2,2,0.910743
11,0,3,4,0,0.954367
11,0,3,4,1,0.939066
11,0,3,4,2,0.912571
11,0,3,3,0,0.945555
11,0,3,3,1,0.928792
11,0,3,3,2,0.913806
11,0,3,5,0,0.962635
11,0,3,5,1,0.943466
11,0,3,5,2,0.915876
11,0,3,6,0,0.963014
11,0,3,6,1,0.948076
11,0,3,6,2,0.916879
11,0,3,7,0,0.967238
11,0,3,7,1,0.948884
11,0,3,7,2,0.923467
11,0,4,0,0,0.961881
11,0,4,0,1,0.95814
11,0,4,0,2,0.955263
11,0,4,1,0,0.967545
11,0,4,1,1,0.962165
11,0,4,1,2,0.957354
11,0,4,2,0,0.973188
11,0,4,2,1,0.965864
11,0,4,2,2,0.959607
11,0,4,4,0,0.979496
11,0,4,4,1,0.972519
11,0,4,4,2,0.960439
11,0,4,3,0,0.975446
11,0,4,3,1,0.967811
11,0,4,3,2,0.960988
11,0,4,5,0,0.983233
11,0,4,5,1,0.974509
11,0,4,5,2,0.961932
11,0,4,6,0,0.983445
11,0,4,6,1,0.976648
11,0,4,6,2,0.96241
11,0,4,7,0,0.98532
11,0,4,7,1,0.976977
11,0,4,7,2,0.965407
11,0,5,0,0,0.982928
11,0,5,0,1,0.981226
11,0,5,0,2,0.979913
11,0,5,1,0,0.985476
11,0,5,1,1,0.983034
11,0,5,1,2,0.98085
11,0,5,2,0,0.988092
11,0,5,2,1,0.984759
11,0,5,2,2,0.981905
11,0,5,4,0,0.991024
11,0,5,4,1,0.987866
11,0,5,4,2,0.982299
11,0,5,3,0,0.989068
11,0,5,3,1,0.98561
11,0,5,3,2,0.982518
11,0,5,5,0,0.992661
11,0,5,5,1,0.98872
11,0,5,5,2,0.982956
11,0,5,6,0,0.992653
11,0,5,6,1,0.989603
11,0,5,6,2,0.983107
11,0,5,7,0,0.993536
11,0,5,7,1,0.989791
11,0,5,7,2,0.984489
11,0,6,0,0,0.992665
11,0,6,0,1,0.991956
11,0,6,0,2,0.991414
11,0,6,1,0,0.99376
11,0,6,1,1,0.992732
11,0,6,1,2,0.991816
11,0,6,2,0,0.994796
11,0,6,2,1,0.993406
11,0,6,2,2,0.992223
11,0,6,4,0,0.995953
11,0,6,4,1,0.994616
11,0,6,4,2,0.992372
11,0,6,3,0,0.995285
11,0,6,3,1,0.993819
11,0,6,3,2,0.992508
11,0,6,5,0,0.996732
11,0,6,5,1,0.995045
11,0,6,5,2,0.992681
11,0,6,6,0,0.996818
11,0,6,6,1,0.995481
11,0,6,6,2,0.9928
11,0,6,7,0,0.997185
11,0,6,7,1,0.995558
11,0,6,7,2,0.993369
11,0,7,0,0,0.996544
11,0,7,0,1,0.996174
11,0,7,0,2,0.995887
11,0,7,1,0,0.9971
11,0,7,1,1,0.996571
11,0,7,1,2,0.996094
11,0,7,2,0,0.997667
11,0,7,2,1,0.996944
11,0,7,2,2,0.996322
11,0,7,4,0,0.998304
11,0,7,4,1,0.997617
11,0,7,4,2,0.996407
11,0,7,3,0,0.99787
11,0,7,3,1,0.997125
11,0,7,3,2,0.996455
11,0,7,5,0,0.998647
11,0,7,5,1,0.997798
11,0,7,5,2,0.996549
11,0,7,6,0,0.998663
11,0,7,6,1,0.998007
11,0,7,6,2,0.996591
11,0,7,7,0,0.99882
11,0,7,7,1,0.99802
11,0,7,7,2,0.996882
11,0,8,0,0,0.998659
11,0,8,0,1,0.998504
11,0,8,0,2,0.998382
11,0,8,1,0,0.998889
11,0,8,1,1,0.998669
11,0,8,1,2,0.998469
11,0,8,2,0,0.999132
11,0,8,2,1,0.99883
11,0,8,2,2,0.998568
11,0,8,4,0,0.999406
11,0,8,4,1,0.999121
11,0,8,4,2,0.998605
11,0,8,3,0,0.999203
11,0,8,3,1,0.998897
11,0,8,3,2,0.998619
11,0,8,5,0,0.999533
11,0,8,5,1,0.999186
11,0,8,5,2,0.99866
11,0,8,6,0,0.999537
11,0,8,6,1,0.999273
11,0,8,6,2,0.998675
11,0,8,7,0,0.999589
11,0,8,7,1,0.999267
11,0,8,7,2,0.998794
11,0,9,0,0,0.999566
11,0,9,0,1,0.999509
11,0,9,0,2,0.999464
11,0,9,1,0,0.999646
11,0,9,1,1,0.999567
11,0,9,1,2,0.999495
11,0,9,2,0,0.999741
11,0,9,2,1,0.999631
11,0,9,2,2,0.999535
11,0,9,4,0,0.999848
11,0,9,4,1,0.999746
11,0,9,4,2,0.99955
11,0,9,3,0,0.999756
11,0,9,3,1,0.999648
11,0,9,3,2,0.999549
11,0,9,5,0,0.999881
11,0,9,5,1,0.999761
11,0,9,5,2,0.999565
11,0,9,6,0,0.999876
11,0,9,6,1,0.999788
11,0,9,6,2,0.999566
11,0,9,7,0,0.99989
11,0,9,7,1,0.999781
11,0,9,7,2,0.999609
11,0,10,0,0,0.999916
11,0,10,0,1,0.999904
11,0,10,0,2,0.999893
11,0,10,1,0,0.999933
11,0,10,1,1,0.999916
11,0,10,1,2,0.9999
11,0,10,2,0,0.999955
11,0,10,2,1,0.999931
11,0,10,2,2,0.99991
11,0,10,4,0,0.999982
11,0,10,4,1,0.99996
11,0,10,4,2,0.999914
11,0,10,3,0,0.999956
11,0,10,3,1,0.999933
11,0,10,3,2,0.999912
11,0,10,5,0,0.999985
11,0,10,5,1,0.99996
11,0,10,5,2,0.999916
11,0,10,6,0,0.999981
11,0,10,6,1,0.999964
11,0,10,6,2,0.999914
11,0,10,7,0,0.999984
11,0,10,7,1,0.999962
11,0,10,7,2,0.999924
11,1,-10,0,0,4.1e-05
11,1,-10,0,1,0.0
11,1,-10,0,2,0.0
11,1,-10,1,0,0.000136
11,1,-10,1,1,0.0
11,1,-10,1,2,0.0
11,1,-10,2,0,0.000114
11,1,-10,2,1,0.0
11,1,-10,2,2,0.0
11,1,-10,4,0,0.000867
11,1,-10,4,1,0.0
11,1,-10,4,2,0.0
11,1,-10,3,0,0.000279
11,1,-10,3,1,0.0
11,1,-10,3,2,0.0
11,1,-10,5,0,0.000797
11,1,-10,5,1,0.0
11,1,-10,5,2,0.0
11,1,-10,6,0,0.000523
11,1,-10,6,1,0.0
11,1,-10,6,2,0.0
11,1,-10,7,0,0.001031
11,1,-10,7,1,0.0
11,1,-10,7,2,0.0
11,1,-9,0,0,0.000222
11,1,-9,0,1,0.0
11,1,-9,0,2,0.0
11,1,-9,1,0,0.000676
11,1,-9,1,1,0.0
11,1,-9,1,2,0.0
11,1,-9,2,0,0.000569
11,1,-9,2,1,6.9e-05
11,1,-9,2,2,0.0
11,1,-9,4,0,0.001715
11,1,-9,4,1,0.0
11,1,-9,4,2,0.0
11,1,-9,3,0,0.001666
11,1,-9,3,1,8e-05
11,1,-9,3,2,0.0
11,1,-9,5,0,0.002373
11,1,-9,5,1,0.00036
11,1,-9,5,2,0.0
11,1,-9,6,0,0.002082
11,1,-9,6,1,0.000233
11,1,-9,6,2,0.0
11,1,-9,7,0,0.0041
11,1,-9,7,1,0.000485
11,1,-9,7,2,0.0
11,1,-8,0,0,0.00059
11,1,-8,0,1,4.6e-05
11,1,-8,0,2,2.8e-05
11,1,-8,1,0,0.001752
11,1,-8,1,1,0.000167
11,1,-8,1,2,5.5e-05
11,1,-8,2,0,0.001706
11,1,-8,2,1,0.000276
11,1,-8,2,2,0.0
11,1,-8,4,0,0.001715
11,1,-8,4,1,0.000232
11,1,-8,4,2,0.0
11,1,-8,3,0,0.004987
11,1,-8,3,1,0.000637
11,1,-8,3,2,0.000133
11,1,-8,5,0,0.003152
11,1,-8,5,1,0.001432
11,1,-8,5,2,0.0
11,1,-8,6,0,0.004676
11,1,-8,6,1,0.000928
11,1,-8,6,2,0.0
11,1,-8,7,0,0.008693
11,1,-8,7,1,0.002416
11,1,-8,7,2,0.000372
11,1,-7,0,0,0.001419
11,1,-7,0,1,0.000375
11,1,-7,0,2,0.000113
11,1,-7,1,0,0.003637
11,1,-7,1,1,0.001026
11,1,-7,1,2,0.000217
11,1,-7,2,0,0.004319
11,1,-7,2,1,0.001035
11,1,-7,2,2,0.000106
11,1,-7,4,0,0.005184
11,1,-7,4,1,0.001154
11,1,-7,4,2,0.000139
11,1,-7,3,0,0.009399
11,1,-7,3,1,0.002702
11,1,-7,3,2,0.000529
11,1,-7,5,0,0.006738
11,1,-7,5,1,0.003577
11,1,-7,5,2,0.000256
11,1,-7,6,0,0.010921
11,1,-7,6,1,0.002785
11,1,-7,6,2,0.000383
11,1,-7,7,0,0.017397
11,1,-7,7,1,0.006753
11,1,-7,7,2,0.001665
11,1,-6,0,0,0.003445
11,1,-6,0,1,0.001245
11,1,-6,0,2,0.000297
11,1,-6,1,0,0.007987
11,1,-6,1,1,0.003099
11,1,-6,1,2,0.000651
11,1,-6,2,0,0.008968
11,1,-6,2,1,0.003238
11,1,-6,2,2,0.000527
11,1,-6,4,0,0.012912
11,1,-6,4,1,0.002762
11,1,-6,4,2,0.000693
11,1,-6,3,0,0.018688
11,1,-6,3,1,0.007616
11,1,-6,3,2,0.001521
11,1,-6,5,0,0.017017
11,1,-6,5,1,0.007866
11,1,-6,5,2,0.00102
11,1,-6,6,0,0.022855
11,1,-6,6,1,0.00859
11,1,-6,6,2,0.001334
11,1,-6,7,0,0.038906
11,1,-6,7,1,0.018096
11,1,-6,7,2,0.003503
11,1,-5,0,0,0.008302
11,1,-5,0,1,0.003145
11,1,-5,0,2,0.000679
11,1,-5,1,0,0.01918
11,1,-5,1,1,0.007579
11,1,-5,1,2,0.001762
11,1,-5,2,0,0.021029
11,1,-5,2,1,0.0093
11,1,-5,2,2,0.00179
11,1,-5,4,0,0.022356
11,1,-5,4,1,0.006684
11,1,-5,4,2,0.002217
11,1,-5,3,0,0.044876
11,1,-5,3,1,0.018958
11,1,-5,3,2,0.004632
11,1,-5,5,0,0.040771
11,1,-5,5,1,0.020406
11,1,-5,5,2,0.004343
11,1,-5,6,0,0.049908
11,1,-5,6,1,0.023897
11,1,-5,6,2,0.003622
11,1,-5,7,0,0.084947
11,1,-5,7,1,0.045578
11,1,-5,7,2,0.009988
11,1,-4,0,0,0.01967
11,1,-4,0,1,0.007841
11,1,-4,0,2,0.001726
11,1,-4,1,0,0.044717
11,1,-4,1,1,0.019648
11,1,-4,1,2,0.005425
11,1,-4,2,0,0.04679
11,1,-4,2,1,0.02278
11,1,-4,2,2,0.005845
11,1,-4,4,0,0.04392
11,1,-4,4,1,0.017286
11,1,-4,4,2,0.005396
11,1,-4,3,0,0.101601
11,1,-4,3,1,0.050393
11,1,-4,3,2,0.016754
11,1,-4,5,0,0.092982
11,1,-4,5,1,0.050439
11,1,-4,5,2,0.014798
11,1,-4,6,0,0.113319
11,1,-4,6,1,0.061234
11,1,-4,6,2,0.013361
11,1,-4,7,0,0.184244
11,1,-4,7,1,0.114812
11,1,-4,7,2,0.04425
11,1,-3,0,0,0.044388
11,1,-3,0,1,0.019652
11,1,-3,0,2,0.005082
11,1,-3,1,0,0.094879
11,1,-3,1,1,0.048432
11,1,-3,1,2,0.016215
11,1,-3,2,0,0.103268
11,1,-3,2,1,0.053203
11,1,-3,2,2,0.017896
11,1,-3,4,0,0.10686
11,1,-3,4,1,0.05028
11,1,-3,4,2,0.016216
11,1,-3,3,0,0.202102
11,1,-3,3,1,0.120204
11,1,-3,3,2,0.051267
11,1,-3,5,0,0.205742
11,1,-3,5,1,0.115342
11,1,-3,5,2,0.044895
11,1,-3,6,0,0.228536
11,1,-3,6,1,0.142807
11,1,-3,6,2,0.044817
11,1,-3,7,0,0.328054
11,1,-3,7,1,0.21758
11,1,-3,7,2,0.100306
11,1,-2,0,0,0.097519
11,1,-2,0,1,0.048885
11,1,-2,0,2,0.015501
11,1,-2,1,0,0.19437
11,1,-2,1,1,0.115812
11,1,-2,1,2,0.048952
11,1,-2,2,0,0.21848
11,1,-2,2,1,0.124783
11,1,-2,2,2,0.052365
11,1,-2,4,0,0.215093
11,1,-2,4,1,0.132973
11,1,-2,4,2,0.050433
11,1,-2,3,0,0.341767
11,1,-2,3,1,0.220558
11,1,-2,3,2,0.103809
11,1,-2,5,0,0.370154
11,1,-2,5,1,0.219861
11,1,-2,5,2,0.100572
11,1,-2,6,0,0.45408
11,1,-2,6,1,0.315705
11,1,-2,6,2,0.143607
11,1,-2,7,0,0.506749
11,1,-2,7,1,0.349894
11,1,-2,7,2,0.181102
11,1,-1,0,0,0.207848
11,1,-1,0,1,0.119105
11,1,-1,0,2,0.048348
11,1,-1,1,0,0.342298
11,1,-1,1,1,0.219969
11,1,-1,1,2,0.103595
11,1,-1,2,0,0.454832
11,1,-1,2,1,0.293622
11,1,-1,2,2,0.153049
11,1,-1,4,0,0.547574
11,1,-1,4,1,0.422743
11,1,-1,4,2,0.16466
11,1,-1,3,0,0.522657
11,1,-1,3,1,0.351394
11,1,-1,3,2,0.183824
11,1,-1,5,0,0.658643
11,1,-1,5,1,0.470582
11,1,-1,5,2,0.208972
11,1,-1,6,0,0.726481
11,1,-1,6,1,0.560508
11,1,-1,6,2,0.243169
11,1,-1,7,0,0.736366
11,1,-1,7,1,0.557831
11,1,-1,7,2,0.285126
11,1,0,0,0,0.644361
11,1,0,0,1,0.588493
11,1,0,0,2,0.541601
11,1,0,1,0,0.714516
11,1,0,1,1,0.642046
11,1,0,1,2,0.571393
11,1,0,2,0,0.808819
11,1,0,2,1,0.708491
11,1,0,2,2,0.617771
11,1,0,4,0,0.907555
11,1,0,4,1,0.827395
11,1,0,4,2,0.630079
11,1,0,3,0,0.814733
11,1,0,3,1,0.716741
11,1,0,3,2,0.621823
11,1,0,5,0,0.929085
11,1,0,5,1,0.83078
11,1,0,5,2,0.645403
11,1,0,6,0,0.923221
11,1,0,6,1,0.844998
11,1,0,6,2,0.638113
11,1,0,7,0,0.931452
11,1,0,7,1,0.844044
11,1,0,7,2,0.671515
11,1,1,0,0,1.0
11,1,1,0,1,1.0
11,1,1,0,2,1.0
11,1,1,1,0,1.0
11,1,1,1,1,1.0
11,1,1,1,2,1.0
11,1,1,2,0,1.0
11,1,1,2,1,1.0
11,1,1,2,2,1.0
11,1,1,4,0,1.0
11,1,1,4,1,1.0
11,1,1,4,2,1.0
11,1,1,3,0,1.0
11,1,1,3,1,1.0
11,1,1,3,2,1.0
11,1,1,5,0,1.0
11,1,1,5,1,1.0
11,1,1,5,2,1.0
11,1,1,6,0,1.0
11,1,1,6,1,1.0
11,1,1,6,2,1.0
11,1,1,7,0,1.0
11,1,1,7,1,1.0
11,1,1,7,2,1.0
11,1,2,0,0,1.0
11,1,2,0,1,1.0
11,1,2,0,2,1.0
11,1,2,1,0,1.0
11,1,2,1,1,1.0
11,1,2,1,2,1.0
11,1,2,2,0,1.0
11,1,2,2,1,1.0
11,1,2,2,2,1.0
11,1,2,4,0,1.0
11,1,2,4,1,1.0
11,1,2,4,2,1.0
11,1,2,3,0,1.0
11,1,2,3,1,1.0
11,1,2,3,2,1.0
11,1,2,5,0,1.0
11,1,2,5,1,1.0
11,1,2,5,2,1.0
11,1,2,6,0,1.0
11,1,2,6,1,1.0
11,1,2,6,2,1.0
11,1,2,7,0,1.0
11,1,2,7,1,1.0
11,1,2,7,2,1.0
11,1,3,0,0,1.0
11,1,3,0,1,1.0
11,1,3,0,2,1.0
11,1,3,1,0,1.0
11,1,3,1,1,1.0
11,1,3,1,2,1.0
11,1,3,2,0,1.0
11,1,3,2,1,1.0
11,1,3,2,2,1.0
11,1,3,4,0,1.0
11,1,3,4,1,1.0
11,1,3,4,2,1.0
11,1,3,3,0,1.0
11,1,3,3,1,1.0
11,1,3,3,2,1.0
11,1,3,5,0,1.0
11,1,3,5,1,1.0
11,1,3,5,2,1.0
11,1,3,6,0,1.0
11,1,3,6,1,1.0
11,1,3,6,2,1.0
11,1,3,7,0,1.0
11,1,3,7,1,1.0
11,1,3,7,2,1.0
11,1,4,0,0,1.0
11,1,4,0,1,1.0
11,1,4,0,2,1.0
11,1,4,1,0,1.0
11,1,4,1,1,1.0
11,1,4,1,2,1.0
11,1,4,2,0,1.0
11,1,4,2,1,1.0
11,1,4,2,2,1.0
11,1,4,4,0,1.0
11,1,4,4,1,1.0
11,1,4,4,2,1.0
11,1,4,3,0,1.0
11,1,4,3,1,1.0
11,1,4,3,2,1.0
11,1,4,5,0,1.0
11,1,4,5,1,1.0
11,1,4,5,2,1.0
11,1,4,6,0,1.0
11,1,4,6,1,1.0
11,1,4,6,2,1.0
11,1,4,7,0,1.0
11,1,4,7,1,1.0
11,1,4,7,2,1.0
11,1,5,0,0,1.0
11,1,5,0,1,1.0
11,1,5,0,2,1.0
11,1,5,1,0,1.0
11,1,5,1,1,1.0
11,1,5,1,2,1.0
11,1,5,2,0,1.0
11,1,5,2,1,1.0
11,1,5,2,2,1.0
11,1,5,4,0,1.0
11,1,5,4,1,1.0
11,1,5,4,2,1.0
11,1,5,3,0,1.0
11,1,5,3,1,1.0
11,1,5,3,2,1.0
11,1,5,5,0,1.0
11,1,5,5,1,1.0
11,1,5,5,2,1.0
11,1,5,6,0,1.0
11,1,5,6,1,1.0
11,1,5,6,2,1.0
11,1,5,7,0,1.0
11,1,5,7,1,1.0
11,1,5,7,2,1.0
11,1,6,0,0,1.0
11,1,6,0,1,1.0
11,1,6,0,2,1.0
11,1,6,1,0,1.0
11,1,6,1,1,1.0
11,1,6,1,2,1.0
11,1,6,2,0,1.0
11,1,6,2,1,1.0
11,1,6,2,2,1.0
11,1,6,4,0,1.0
11,1,6,4,1,1.0
11,1,6,4,2,1.0
11,1,6,3,0,1.0
11,1,6,3,1,1.0
11,1,6,3,2,1.0
11,1,6,5,0,1.0
11,1,6,5,1,1.0
11,1,6,5,2,1.0
11,1,6,6,0,1.0
11,1,6,6,1,1.0
11,1,6,6,2,1.0
11,1,6,7,0,1.0
11,1,6,7,1,1.0
11,1,6,7,2,1.0
11,1,7,0,0,1.0
11,1,7,0,1,1.0
11,1,7,0,2,1.0
11,1,7,1,0,1.0
11,1,7,1,1,1.0
11,1,7,1,2,1.0
11,1,7,2,0,1.0
11,1,7,2,1,1.0
11,1,7,2,2,1.0
11,1,7,4,0,1.0
11,1,7,4,1,1.0
11,1,7,4,2,1.0
11,1,7,3,0,1.0
11,1,7,3,1,1.0
11,1,7,3,2,1.0
11,1,7,5,0,1.0
11,1,7,5,1,1.0
11,1,7,5,2,1.0
11,1,7,6,0,1.0
11,1,7,6,1,1.0
11,1,7,6,2,1.0
11,1,7,7,0,1.0
11,1,7,7,1,1.0
11,1,7,7,2,1.0
11,1,8,0,0,1.0
11,1,8,0,1,1.0
11,1,8,0,2,1.0
11,1,8,1,0,1.0
11,1,8,1,1,1.0
11,1,8,1,2,1.0
11,1,8,2,0,1.0
11,1,8,2,1,1.0
11,1,8,2,2,1.0
11,1,8,4,0,1.0
11,1,8,4,1,1.0
11,1,8,4,2,1.0
11,1,8,3,0,1.0
11,1,8,3,1,1.0
11,1,8,3,2,1.0
11,1,8,5,0,1.0
11,1,8,5,1,1.0
11,1,8,5,2,1.0
11,1,8,6,0,1.0
11,1,8,6,1,1.0
11,1,8,6,2,1.0
11,1,8,7,0,1.0
11,1,8,7,1,1.0
11,1,8,7,2,1.0
11,1,9,0,0,1.0
11,1,9,0,1,1.0
11,1,9,0,2,1.0
11,1,9,1,0,1.0
11,1,9,1,1,1.0
11,1,9,1,2,1.0
11,1,9,2,0,1.0
11,1,9,2,1,1.0
11,1,9,2,2,1.0
11,1,9,4,0,1.0
11,1,9,4,1,1.0
11,1,9,4,2,1.0
11,1,9,3,0,1.0
11,1,9,3,1,1.0
11,1,9,3,2,1.0
11,1,9,5,0,1.0
11,1,9,5,1,1.0
11,1,9,5,2,1.0
11,1,9,6,0,1.0
11,1,9,6,1,1.0
11,1,9,6,2,1.0
11,1,9,7,0,1.0
11,1,9,7,1,1.0
11,1,9,7,2,1.0
11,1,10,0,0,1.0
11,1,10,0,1,1.0
11,1,10,0,2,1.0
11,1,10,1,0,1.0
11,1,10,1,1,1.0
11,1,10,1,2,1.0
11,1,10,2,0,1.0
11,1,10,2,1,1.0
11,1,10,2,2,1.0
11,1,10,4,0,1.0
11,1,10,4,1,1.0
11,1,10,4,2,1.0
11,1,10,3,0,1.0
11,1,10,3,1,1.0
11,1,10,3,2,1.0
11,1,10,5,0,1.0
11,1,10,5,1,1.0
11,1,10,5,2,1.0
11,1,10,6,0,1.0
11,1,10,6,1,1.0
11,1,10,6,2,1.0
11,1,10,7,0,1.0
11,1,10,7,1,1.0
11,1,10,7,2,1.0
12,0,-10,0,0,4.7e-05
12,0,-10,0,1,4e-06
12,0,-10,0,2,0.0
12,0,-10,1,0,0.000134
12,0,-10,1,1,2.2e-05
12,0,-10,1,2,0.0
12,0,-10,2,0,0.0
12,0,-10,2,1,0.0
12,0,-10,2,2,0.0
12,0,-10,4,0,0.0
12,0,-10,4,1,0.0
12,0,-10,4,2,0.0
12,0,-10,3,0,0.000277
12,0,-10,3,1,6.3e-05
12,0,-10,3,2,2.6e-05
12,0,-10,5,0,0.000167
12,0,-10,5,1,0.0
12,0,-10,5,2,0.0
12,0,-10,6,0,0.000226
12,0,-10,6,1,-0.0
12,0,-10,6,2,0.0
12,0,-10,7,0,0.000425
12,0,-10,7,1,0.0
12,0,-10,7,2,0.0
12,0,-9,0,0,0.000171
12,0,-9,0,1,1.6e-05
12,0,-9,0,2,0.0
12,0,-9,1,0,0.00049
12,0,-9,1,1,8.3e-05
12,0,-9,1,2,0.0
12,0,-9,2,0,9.1e-05
12,0,-9,2,1,0.0
12,0,-9,2,2,0.0
12,0,-9,4,0,0.0
12,0,-9,4,1,0.0
12,0,-9,4,2,0.0
12,0,-9,3,0,0.001122
12,0,-9,3,1,0.000244
12,0,-9,3,2,0.0001
12,0,-9,5,0,0.001146
12,0,-9,5,1,7.1e-05
12,0,-9,5,2,5e-05
12,0,-9,6,0,0.00087
12,0,-9,6,1,-0.0
12,0,-9,6,2,0.0
12,0,-9,7,0,0.002274
12,0,-9,7,1,9.9e-05
12,0,-9,7,2,7.7e-05
12,0,-8,0,0,0.000384
12,0,-8,0,1,4.2e-05
12,0,-8,0,2,0.0
12,0,-8,1,0,0.001055
12,0,-8,1,1,0.000182
12,0,-8,1,2,0.0
12,0,-8,2,0,0.000444
12,0,-8,2,1,8.2e-05
12,0,-8,2,2,0.0
12,0,-8,4,0,0.0
12,0,-8,4,1,0.000187
12,0,-8,4,2,0.0
12,0,-8,3,0,0.0028
12,0,-8,3,1,0.000565
12,0,-8,3,2,0.000207
12,0,-8,5,0,0.002926
12,0,-8,5,1,0.000417
12,0,-8,5,2,0.000143
12,0,-8,6,0,0.00202
12,0,-8,6,1,0.000187
12,0,-8,6,2,0.0
12,0,-8,7,0,0.007102
12,0,-8,7,1,0.000577
12,0,-8,7,2,0.000372
12,0,-7,0,0,0.000824
12,0,-7,0,1,0.000116
12,0,-7,0,2,1.1e-05
12,0,-7,1,0,0.002164
12,0,-7,1,1,0.00041
12,0,-7,1,2,4.2e-05
12,0,-7,2,0,0.001856
12,0,-7,2,1,0.000342
12,0,-7,2,2,2.1e-05
12,0,-7,4,0,0.0
12,0,-7,4,1,0.001001
12,0,-7,4,2,5.5e-05
12,0,-7,3,0,0.00615
12,0,-7,3,1,0.001422
12,0,-7,3,2,0.000407
12,0,-7,5,0,0.005979
12,0,-7,5,1,0.001472
12,0,-7,5,2,0.000456
12,0,-7,6,0,0.003725
12,0,-7,6,1,0.001001
12,0,-7,6,2,7.4e-05
12,0,-7,7,0,0.017034
12,0,-7,7,1,0.002332
12,0,-7,7,2,0.00098
12,0,-6,0,0,0.001892
12,0,-6,0,1,0.000389
12,0,-6,0,2,4.6e-05
12,0,-6,1,0,0.004678
12,0,-6,1,1,0.001128
12,0,-6,1,2,0.000224
12,0,-6,2,0,0.005835
12,0,-6,2,1,0.001217
12,0,-6,2,2,0.000123
12,0,-6,4,0,0.001421
12,0,-6,4,1,0.002753
12,0,-6,4,2,0.000269
12,0,-6,3,0,0.013145
12,0,-6,3,1,0.003837
12,0,-6,3,2,0.000915
12,0,-6,5,0,0.012978
12,0,-6,5,1,0.004119
12,0,-6,5,2,0.001451
12,0,-6,6,0,0.007809
12,0,-6,6,1,0.003408
12,0,-6,6,2,0.000656
12,0,-6,7,0,0.035808
12,0,-6,7,1,0.008515
12,0,-6,7,2,0.002713
12,0,-5,0,0,0.004318
12,0,-5,0,1,0.001177
12,0,-5,0,2,0.000146
12,0,-5,1,0,0.010454
12,0,-5,1,1,0.003115
12,0,-5,1,2,0.000732
12,0,-5,2,0,0.013322
12,0,-5,2,1,0.00355
12,0,-5,2,2,0.000583
12,0,-5,4,0,0.009028
12,0,-5,4,1,0.005592
12,0,-5,4,2,0.000765
12,0,-5,3,0,0.027654
12,0,-5,3,1,0.009565
12,0,-5,3,2,0.002255
12,0,-5,5,0,0.029985
12,0,-5,5,1,0.010917
12,0,-5,5,2,0.003908
12,0,-5,6,0,0.021249
12,0,-5,6,1,0.010171
12,0,-5,6,2,0.002829
12,0,-5,7,0,0.069482
12,0,-5,7,1,0.025588
12,0,-5,7,2,0.007778
12,0,-4,0,0,0.009656
12,0,-4,0,1,0.003159
12,0,-4,0,2,0.000544
12,0,-4,1,0,0.023062
12,0,-4,1,1,0.008264
12,0,-4,1,2,0.002168
12,0,-4,2,0,0.028026
12,0,-4,2,1,0.009851
12,0,-4,2,2,0.002165
12,0,-4,4,0,0.026393
12,0,-4,4,1,0.012305
12,0,-4,4,2,0.0024
12,0,-4,3,0,0.055743
12,0,-4,3,1,0.022918
12,0,-4,3,2,0.00671
12,0,-4,5,0,0.065574
12,0,-4,5,1,0.028507
12,0,-4,5,2,0.009371
12,0,-4,6,0,0.055689
12,0,-4,6,1,0.026457
12,0,-4,6,2,0.008348
12,0,-4,7,0,0.12622
12,0,-4,7,1,0.063638
12,0,-4,7,2,0.023453
12,0,-3,0,0,0.022017
12,0,-3,0,1,0.00864
12,0,-3,0,2,0.00202
12,0,-3,1,0,0.050213
12,0,-3,1,1,0.022191
12,0,-3,1,2,0.006922
12,0,-3,2,0,0.058909
12,0,-3,2,1,0.025888
12,0,-3,2,2,0.007271
12,0,-3,4,0,0.06159
12,0,-3,4,1,0.03066
12,0,-3,4,2,0.007704
12,0,-3,3,0,0.111114
12,0,-3,3,1,0.056721
12,0,-3,3,2,0.021982
12,0,-3,5,0,0.132712
12,0,-3,5,1,0.067641
12,0,-3,5,2,0.024862
12,0,-3,6,0,0.124197
12,0,-3,6,1,0.063625
12,0,-3,6,2,0.024772
12,0,-3,7,0,0.214393
12,0,-3,7,1,0.12588
12,0,-3,7,2,0.054483
12,0,-2,0,0,0.050146
12,0,-2,0,1,0.023043
12,0,-2,0,2,0.006874
12,0,-2,1,0,0.107316
12,0,-2,1,1,0.057744
12,0,-2,1,2,0.022508
12,0,-2,2,0,0.122585
12,0,-2,2,1,0.063551
12,0,-2,2,2,0.023144
12,0,-2,4,0,0.133743
12,0,-2,4,1,0.072043
12,0,-2,4,2,0.022824
12,0,-2,3,0,0.204209
12,0,-2,3,1,0.119163
12,0,-2,3,2,0.053043
12,0,-2,5,0,0.241534
12,0,-2,5,1,0.135948
12,0,-2,5,2,0.05629
12,0,-2,6,0,0.255747
12,0,-2,6,1,0.154588
12,0,-2,6,2,0.071129
12,0,-2,7,0,0.340996
12,0,-2,7,1,0.213529
12,0,-2,7,2,0.108241
12,0,-1,0,0,0.110961
12,0,-1,0,1,0.05902
12,0,-1,0,2,0.022379
12,0,-1,1,0,0.203897
12,0,-1,1,1,0.122273
12,0,-1,1,2,0.053991
12,0,-1,2,0,0.258819
12,0,-1,2,1,0.154189
12,0,-1,2,2,0.071177
12,0,-1,4,0,0.316618
12,0,-1,4,1,0.21031
12,0,-1,4,2,0.076515
12,0,-1,3,0,0.337891
12,0,-1,3,1,0.212999
12,0,-1,3,2,0.105971
12,0,-1,5,0,0.426479
12,0,-1,5,1,0.276412
12,0,-1,5,2,0.115377
12,0,-1,6,0,0.453417
12,0,-1,6,1,0.321443
12,0,-1,6,2,0.138889
12,0,-1,7,0,0.512861
12,0,-1,7,1,0.351942
12,0,-1,7,2,0.185901
12,0,0,0,0,0.322491
12,0,0,0,1,0.264797
12,0,0,0,2,0.221268
12,0,0,1,0,0.413546
12,0,0,1,1,0.328843
12,0,0,1,2,0.254229
12,0,0,2,0,0.494454
12,0,0,2,1,0.380817
12,0,0,2,2,0.285312
12,0,0,4,0,0.584021
12,0,0,4,1,0.474005
12,0,0,4,2,0.296516
12,0,0,3,0,0.541465
12,0,0,3,1,0.419008
12,0,0,3,2,0.310645
12,0,0,5,0,0.656404
12,0,0,5,1,0.514559
12,0,0,5,2,0.324227
12,0,0,6,0,0.66617
12,0,0,6,1,0.551794
12,0,0,6,2,0.336118
12,0,0,7,0,0.703037
12,0,0,7,1,0.562995
12,0,0,7,2,0.383527
12,0,1,0,0,0.62611
12,0,1,0,1,0.59104
12,0,1,0,2,0.564191
12,0,1,1,0,0.679648
12,0,1,1,1,0.628937
12,0,1,1,2,0.583806
12,0,1,2,0,0.73182
12,0,1,2,1,0.663033
12,0,1,2,2,0.604501
12,0,1,4,0,0.790046
12,0,1,4,1,0.724346
12,0,1,4,2,0.612127
12,0,1,3,0,0.754836
12,0,1,3,1,0.682518
12,0,1,3,2,0.61807
12,0,1,5,0,0.827289
12,0,1,5,1,0.744382
12,0,1,5,2,0.626809
12,0,1,6,0,0.829573
12,0,1,6,1,0.764459
12,0,1,6,2,0.631564
12,0,1,7,0,0.848916
12,0,1,7,1,0.76897
12,0,1,7,2,0.660012
12,0,2,0,0,0.820894
12,0,2,0,1,0.803849
12,0,2,0,2,0.790787
12,0,2,1,0,0.846885
12,0,2,1,1,0.822273
12,0,2,1,2,0.800333
12,0,2,2,0,0.872288
12,0,2,2,1,0.83888
12,0,2,2,2,0.810419
12,0,2,4,0,0.900646
12,0,2,4,1,0.868745
12,0,2,4,2,0.814133
12,0,2,3,0,0.883279
12,0,2,3,1,0.848231
12,0,2,3,2,0.816958
12,0,2,5,0,0.918511
12,0,2,5,1,0.878353
12,0,2,5,2,0.821208
12,0,2,6,0,0.919688
12,0,2,6,1,0.88819
12,0,2,6,2,0.823545
12,0,2,7,0,0.928773
12,0,2,7,1,0.890131
12,0,2,7,2,0.837301
12,0,3,0,0,0.915738
12,0,3,0,1,0.907534
12,0,3,0,2,0.901228
12,0,3,1,0,0.928159
12,0,3,1,1,0.916352
12,0,3,1,2,0.905802
12,0,3,2,0,0.940529
12,0,3,2,1,0.924464
12,0,3,2,2,0.910743
12,0,3,4,0,0.954367
12,0,3,4,1,0.939066
12,0,3,4,2,0.912571
12,0,3,3,0,0.945555
12,0,3,3,1,0.928792
12,0,3,3,2,0.913806
12,0,3,5,0,0.962635
12,0,3,5,1,0.943466
12,0,3,5,2,0.915876
12,0,3,6,0,0.963014
12,0,3,6,1,0.948076
12,0,3,6,2,0.916879
12,0,3,7,0,0.967238
12,0,3,7,1,0.948884
12,0,3,7,2,0.923467
12,0,4,0,0,0.961881
12,0,4,0,1,0.95814
12,0,4,0,2,0.955263
12,0,4,1,0,0.967545
12,0,4,1,1,0.962165
12,0,4,1,2,0.957354
12,0,4,2,0,0.973188
12,0,4,2,1,0.965864
12,0,4,2,2,0.959607
12,0,4,4,0,0.979496
12,0,4,4,1,0.972519
12,0,4,4,2,0.960439
12,0,4,3,0,0.975446
12,0,4,3,1,0.967811
12,0,4,3,2,0.960988
12,0,4,5,0,0.983233
12,0,4,5,1,0.974509
12,0,4,5,2,0.961932
12,0,4,6,0,0.983445
12,0,4,6,1,0.976648
12,0,4,6,2,0.96241
12,0,4,7,0,0.98532
12,0,4,7,1,0.976977
12,0,4,7,2,0.965407
12,0,5,0,0,0.982928
12,0,5,0,1,0.981226
12,0,5,0,2,0.979913
12,0,5,1,0,0.985476
12,0,5,1,1,0.983034
12,0,5,1,2,0.98085
12,0,5,2,0,0.988092
12,0,5,2,1,0.984759
12,0,5,2,2,0.981905
12,0,5,4,0,0.991024
12,0,5,4,1,0.987866
12,0,5,4,2,0.982299
12,0,5,3,0,0.989068
12,0,5,3,1,0.98561
12,0,5,3,2,0.982518
12,0,5,5,0,0.992661
12,0,5,5,1,0.98872
12,0,5,5,2,0.982956
12,0,5,6,0,0.992653
12,0,5,6,1,0.989603
12,0,5,6,2,0.983107
12,0,5,7,0,0.993536
12,0,5,7,1,0.989791
12,0,5,7,2,0.984489
12,0,6,0,0,0.992665
12,0,6,0,1,0.991956
12,0,6,0,2,0.991414
12,0,6,1,0,0.99376
12,0,6,1,1,0.992732
12,0,6,1,2,0.991816
12,0,6,2,0,0.994796
12,0,6,2,1,0.993406
12,0,6,2,2,0.992223
12,0,6,4,0,0.995953
12,0,6,4,1,0.994616
12,0,6,4,2,0.992372
12,0,6,3,0,0.995285
12,0,6,3,1,0.993819
12,0,6,3,2,0.992508
12,0,6,5,0,0.996732
12,0,6,5,1,0.995045
12,0,6,5,2,0.992681
12,0,6,6,0,0.996818
12,0,6,6,1,0.995481
12,0,6,6,2,0.9928
12,0,6,7,0,0.997185
12,0,6,7,1,0.995558
12,0,6,7,2,0.993369
12,0,7,0,0,0.996544
12,0,7,0,1,0.996174
12,0,7,0,2,0.995887
12,0,7,1,0,0.9971
12,0,7,1,1,0.996571
12,0,7,1,2,0.996094
12,0,7,2,0,0.997667
12,0,7,2,1,0.996944
12,0,7,2,2,0.996322
12,0,7,4,0,0.998304
12,0,7,4,1,0.997617
12,0,7,4,2,0.996407
12,0,7,3,0,0.99787
12,0,7,3,1,0.997125
12,0,7,3,2,0.996455
12,0,7,5,0,0.998647
12,0,7,5,1,0.997798
12,0,7,5,2,0.996549
12,0,7,6,0,0.998663
12,0,7,6,1,0.998007
12,0,7,6,2,0.996591
12,0,7,7,0,0.99882
12,0,7,7,1,0.99802
12,0,7,7,2,0.996882
12,0,8,0,0,0.998659
12,0,8,0,1,0.998504
12,0,8,0,2,0.998382
12,0,8,1,0,0.998889
12,0,8,1,1,0.998669
12,0,8,1,2,0.998469
12,0,8,2,0,0.999132
12,0,8,2,1,0.99883
12,0,8,2,2,0.998568
12,0,8,4,0,0.999406
12,0,8,4,1,0.999121
12,0,8,4,2,0.998605
12,0,8,3,0,0.999203
12,0,8,3,1,0.998897
12,0,8,3,2,0.998619
12,0,8,5,0,0.999533
12,0,8,5,1,0.999186
12,0,8,5,2,0.99866
12,0,8,6,0,0.999537
12,0,8,6,1,0.999273
12,0,8,6,2,0.998675
12,0,8,7,0,0.999589
12,0,8,7,1,0.999267
12,0,8,7,2,0.998794
12,0,9,0,0,0.999566
12,0,9,0,1,0.999509
12,0,9,0,2,0.999464
12,0,9,1,0,0.999646
12,0,9,1,1,0.999567
12,0,9,1,2,0.999495
12,0,9,2,0,0.999741
12,0,9,2,1,0.999631
12,0,9,2,2,0.999535
12,0,9,4,0,0.999848
12,0,9,4,1,0.999746
12,0,9,4,2,0.99955
12,0,9,3,0,0.999756
12,0,9,3,1,0.999648
12,0,9,3,2,0.999549
12,0,9,5,0,0.999881
12,0,9,5,1,0.999761
12,0,9,5,2,0.999565
12,0,9,6,0,0.999876
12,0,9,6,1,0.999788
12,0,9,6,2,0.999566
12,0,9,7,0,0.99989
12,0,9,7,1,0.999781
12,0,9,7,2,0.999609
12,0,10,0,0,0.999916
12,0,10,0,1,0.999904
12,0,10,0,2,0.999893
12,0,10,1,0,0.999933
12,0,10,1,1,0.999916
12,0,10,1,2,0.9999
12,0,10,2,0,0.999955
12,0,10,2,1,0.999931
12,0,10,2,2,0.99991
12,0,10,4,0,0.999982
12,0,10,4,1,0.99996
12,0,10,4,2,0.999914
12,0,10,3,0,0.999956
12,0,10,3,1,0.999933
12,0,10,3,2,0.999912
12,0,10,5,0,0.999985
12,0,10,5,1,0.99996
12,0,10,5,2,0.999916
12,0,10,6,0,0.999981
12,0,10,6,1,0.999964
12,0,10,6,2,0.999914
12,0,10,7,0,0.999984
12,0,10,7,1,0.999962
12,0,10,7,2,0.999924
12,1,-10,0,0,4.1e-05
12,1,-10,0,1,0.0
12,1,-10,0,2,0.0
12,1,-10,1,0,0.000136
12,1,-10,1,1,0.0
12,1,-10,1,2,0.0
12,1,-10,2,0,0.000114
12,1,-10,2,1,0.0
12,1,-10,2,2,0.0
12,1,-10,4,0,0.000867
12,1,-10,4,1,0.0
12,1,-10,4,2,0.0
12,1,-10,3,0,0.000279
12,1,-10,3,1,0.0
12,1,-10,3,2,0.0
12,1,-10,5,0,0.000797
12,1,-10,5,1,0.0
12,1,-10,5,2,0.0
12,1,-10,6,0,0.000523
12,1,-10,6,1,0.0
12,1,-10,6,2,0.0
12,1,-10,7,0,0.001031
12,1,-10,7,1,0.0
12,1,-10,7,2,0.0
12,1,-9,0,0,0.000222
12,1,-9,0,1,0.0
12,1,-9,0,2,0.0
12,1,-9,1,0,0.000676
12,1,-9,1,1,0.0
12,1,-9,1,2,0.0
12,1,-9,2,0,0.000569
12,1,-9,2,1,6.9e-05
12,1,-9,2,2,0.0
12,1,-9,4,0,0.001715
12,1,-9,4,1,0.0
12,1,-9,4,2,0.0
12,1,-9,3,0,0.001666
12,1,-9,3,1,8e-05
12,1,-9,3,2,0.0
12,1,-9,5,0,0.002373
12,1,-9,5,1,0.00036
12,1,-9,5,2,0.0
12,1,-9,6,0,0.002082
12,1,-9,6,1,0.000233
12,1,-9,6,2,0.0
12,1,-9,7,0,0.0041
12,1,-9,7,1,0.000485
12,1,-9,7,2,0.0
12,1,-8,0,0,0.00059
12,1,-8,0,1,4.6e-05
12,1,-8,0,2,2.8e-05
12,1,-8,1,0,0.001752
12,1,-8,1,1,0.000167
12,1,-8,1,2,5.5e-05
12,1,-8,2,0,0.001706
12,1,-8,2,1,0.000276
12,1,-8,2,2,0.0
12,1,-8,4,0,0.001715
12,1,-8,4,1,0.000232
12,1,-8,4,2,0.0
12,1,-8,3,0,0.004987
12,1,-8,3,1,0.000637
12,1,-8,3,2,0.000133
12,1,-8,5,0,0.003152
12,1,-8,5,1,0.001432
12,1,-8,5,2,0.0
12,1,-8,6,0,0.004676
12,1,-8,6,1,0.000928
12,1,-8,6,2,0.0
12,1,-8,7,0,0.008693
12,1,-8,7,1,0.002416
12,1,-8,7,2,0.000372
12,1,-7,0,0,0.001419
12,1,-7,0,1,0.000375
12,1,-7,0,2,0.000113
12,1,-7,1,0,0.003637
12,1,-7,1,1,0.001026
12,1,-7,1,2,0.000217
12,1,-7,2,0,0.004319
12,1,-7,2,1,0.001035
12,1,-7,2,2,0.000106
12,1,-7,4,0,0.005184
12,1,-7,4,1,0.001154
12,1,-7,4,2,0.000139
12,1,-7,3,0,0.009399
12,1,-7,3,1,0.002702
12,1,-7,3,2,0.000529
12,1,-7,5,0,0.006738
12,1,-7,5,1,0.003577
12,1,-7,5,2,0.000256
12,1,-7,6,0,0.010921
12,1,-7,6,1,0.002785
12,1,-7,6,2,0.000383
12,1,-7,7,0,0.017397
12,1,-7,7,1,0.006753
12,1,-7,7,2,0.001665
12,1,-6,0,0,0.003445
12,1,-6,0,1,0.001245
12,1,-6,0,2,0.000297
12,1,-6,1,0,0.007987
12,1,-6,1,1,0.003099
12,1,-6,1,2,0.000651
12,1,-6,2,0,0.008968
12,1,-6,2,1,0.003238
12,1,-6,2,2,0.000527
12,1,-6,4,0,0.012912
12,1,-6,4,1,0.002762
12,1,-6,4,2,0.000693
12,1,-6,3,0,0.018688
12,1,-6,3,1,0.007616
12,1,-6,3,2,0.001521
12,1,-6,5,0,0.017017
12,1,-6,5,1,0.007866
12,1,-6,5,2,0.00102
12,1,-6,6,0,0.022855
12,1,-6,6,1,0.00859
12,1,-6,6,2,0.001334
12,1,-6,7,0,0.038906
12,1,-6,7,1,0.018096
12,1,-6,7,2,0.003503
12,1,-5,0,0,0.008302
12,1,-5,0,1,0.003145
12,1,-5,0,2,0.000679
12,1,-5,1,0,0.01918
12,1,-5,1,1,0.007579
12,1,-5,1,2,0.001762
12,1,-5,2,0,0.021029
12,1,-5,2,1,0.0093
12,1,-5,2,2,0.00179
12,1,-5,4,0,0.022356
12,1,-5,4,1,0.006684
12,1,-5,4,2,0.002217
12,1,-5,3,0,0.044876
12,1,-5,3,1,0.018958
12,1,-5,3,2,0.004632
12,1,-5,5,0,0.040771
12,1,-5,5,1,0.020406
12,1,-5,5,2,0.004343
12,1,-5,6,0,0.049908
12,1,-5,6,1,0.023897
12,1,-5,6,2,0.003622
12,1,-5,7,0,0.084947
12,1,-5,7,1,0.045578
12,1,-5,7,2,0.009988
12,1,-4,0,0,0.01967
12,1,-4,0,1,0.007841
12,1,-4,0,2,0.001726
12,1,-4,1,0,0.044717
12,1,-4,1,1,0.019648
12,1,-4,1,2,0.005425
12,1,-4,2,0,0.04679
12,1,-4,2,1,0.02278
12,1,-4,2,2,0.005845
12,1,-4,4,0,0.04392
12,1,-4,4,1,0.017286
12,1,-4,4,2,0.005396
12,1,-4,3,0,0.101601
12,1,-4,3,1,0.050393
12,1,-4,3,2,0.016754
12,1,-4,5,0,0.092982
12,1,-4,5,1,0.050439
12,1,-4,5,2,0.014798
12,1,-4,6,0,0.113319
12,1,-4,6,1,0.061234
12,1,-4,6,2,0.013361
12,1,-4,7,0,0.184244
12,1,-4,7,1,0.114812
12,1,-4,7,2,0.04425
12,1,-3,0,0,0.044388
12,1,-3,0,1,0.019652
12,1,-3,0,2,0.005082
12,1,-3,1,0,0.094879
12,1,-3,1,1,0.048432
12,1,-3,1,2,0.016215
12,1,-3,2,0,0.103268
12,1,-3,2,1,0.053203
12,1,-3,2,2,0.017896
12,1,-3,4,0,0.10686
12,1,-3,4,1,0.05028
12,1,-3,4,2,0.016216
12,1,-3,3,0,0.202102
12,1,-3,3,1,0.120204
12,1,-3,3,2,0.051267
12,1,-3,5,0,0.205742
12,1,-3,5,1,0.115342
12,1,-3,5,2,0.044895
12,1,-3,6,0,0.228536
12,1,-3,6,1,0.142807
12,1,-3,6,2,0.044817
12,1,-3,7,0,0.328054
12,1,-3,7,1,0.21758
12,1,-3,7,2,0.100306
12,1,-2,0,0,0.097519
12,1,-2,0,1,0.048885
12,1,-2,0,2,0.015501
12,1,-2,1,0,0.19437
12,1,-2,1,1,0.115812
12,1,-2,1,2,0.048952
12,1,-2,2,0,0.21848
12,1,-2,2,1,0.124783
12,1,-2,2,2,0.052365
12,1,-2,4,0,0.215093
12,1,-2,4,1,0.132973
12,1,-2,4,2,0.050433
12,1,-2,3,0,0.341767
12,1,-2,3,1,0.220558
12,1,-2,3,2,0.103809
12,1,-2,5,0,0.370154
12,1,-2,5,1,0.219861
12,1,-2,5,2,0.100572
12,1,-2,6,0,0.45408
12,1,-2,6,1,0.315705
12,1,-2,6,2,0.143607
12,1,-2,7,0,0.506749
12,1,-2,7,1,0.349894
12,1,-2,7,2,0.181102
12,1,-1,0,0,0.207848
12,1,-1,0,1,0.119105
12,1,-1,0,2,0.048348
12,1,-1,1,0,0.342298
12,1,-1,1,1,0.219969
12,1,-1,1,2,0.103595
12,1,-1,2,0,0.454832
12,1,-1,2,1,0.293622
12,1,-1,2,2,0.153049
12,1,-1,4,0,0.547574
12,1,-1,4,1,0.422743
12,1,-1,4,2,0.16466
12,1,-1,3,0,0.522657
12,1,-1,3,1,0.351394
12,1,-1,3,2,0.183824
12,1,-1,5,0,0.658643
12,1,-1,5,1,0.470582
12,1,-1,5,2,0.208972
12,1,-1,6,0,0.726481
12,1,-1,6,1,0.560508
12,1,-1,6,2,0.243169
12,1,-1,7,0,0.736366
12,1,-1,7,1,0.557831
12,1,-1,7,2,0.285126
12,1,0,0,0,0.644361
12,1,0,0,1,0.588493
12,1,0,0,2,0.541601
12,1,0,1,0,0.714516
12,1,0,1,1,0.642046
12,1,0,1,2,0.571393
12,1,0,2,0,0.808819
12,1,0,2,1,0.708491
12,1,0,2,2,0.617771
12,1,0,4,0,0.907555
12,1,0,4,1,0.827395
12,1,0,4,2,0.630079
12,1,0,3,0,0.814733
12,1,0,3,1,0.716741
12,1,0,3,2,0.621823
12,1,0,5,0,0.929085
12,1,0,5,1,0.83078
12,1,0,5,2,0.645403
12,1,0,6,0,0.923221
12,1,0,6,1,0.844998
12,1,0,6,2,0.638113
12,1,0,7,0,0.931452
12,1,0,7,1,0.844044
12,1,0,7,2,0.671515
12,1,1,0,0,1.0
12,1,1,0,1,1.0
12,1,1,0,2,1.0
12,1,1,1,0,1.0
12,1,1,1,1,1.0
12,1,1,1,2,1.0
12,1,1,2,0,1.0
12,1,1,2,1,1.0
12,1,1,2,2,1.0
12,1,1,4,0,1.0
12,1,1,4,1,1.0
12,1,1,4,2,1.0
12,1,1,3,0,1.0
12,1,1,3,1,1.0
12,1,1,3,2,1.0
12,1,1,5,0,1.0
12,1,1,5,1,1.0
12,1,1,5,2,1.0
12,1,1,6,0,1.0
12,1,1,6,1,1.0
12,1,1,6,2,1.0
12,1,1,7,0,1.0
12,1,1,7,1,1.0
12,1,1,7,2,1.0
12,1,2,0,0,1.0
12,1,2,0,1,1.0
12,1,2,0,2,1.0
12,1,2,1,0,1.0
12,1,2,1,1,1.0
12,1,2,1,2,1.0
12,1,2,2,0,1.0
12,1,2,2,1,1.0
12,1,2,2,2,1.0
12,1,2,4,0,1.0
12,1,2,4,1,1.0
12,1,2,4,2,1.0
12,1,2,3,0,1.0
12,1,2,3,1,1.0
12,1,2,3,2,1.0
12,1,2,5,0,1.0
12,1,2,5,1,1.0
12,1,2,5,2,1.0
12,1,2,6,0,1.0
12,1,2,6,1,1.0
12,1,2,6,2,1.0
12,1,2,7,0,1.0
12,1,2,7,1,1.0
12,1,2,7,2,1.0
12,1,3,0,0,1.0
12,1,3,0,1,1.0
12,1,3,0,2,1.0
12,1,3,1,0,1.0
12,1,3,1,1,1.0
12,1,3,1,2,1.0
12,1,3,2,0,1.0
12,1,3,2,1,1.0
12,1,3,2,2,1.0
12,1,3,4,0,1.0
12,1,3,4,1,1.0
12,1,3,4,2,1.0
12,1,3,3,0,1.0
12,1,3,3,1,1.0
12,1,3,3,2,1.0
12,1,3,5,0,1.0
12,1,3,5,1,1.0
12,1,3,5,2,1.0
12,1,3,6,0,1.0
12,1,3,6,1,1.0
12,1,3,6,2,1.0
12,1,3,7,0,1.0
12,1,3,7,1,1.0
12,1,3,7,2,1.0
12,1,4,0,0,1.0
12,1,4,0,1,1.0
12,1,4,0,2,1.0
12,1,4,1,0,1.0
12,1,4,1,1,1.0
12,1,4,1,2,1.0
12,1,4,2,0,1.0
12,1,4,2,1,1.0
12,1,4,2,2,1.0
12,1,4,4,0,1.0
12,1,4,4,1,1.0
12,1,4,4,2,1.0
12,1,4,3,0,1.0
12,1,4,3,1,1.0
12,1,4,3,2,1.0
12,1,4,5,0,1.0
12,1,4,5,1,1.0
12,1,4,5,2,1.0
12,1,4,6,0,1.0
12,1,4,6,1,1.0
12,1,4,6,2,1.0
12,1,4,7,0,1.0
12,1,4,7,1,1.0
12,1,4,7,2,1.0
12,1,5,0,0,1.0
12,1,5,0,1,1.0
12,1,5,0,2,1.0
12,1,5,1,0,1.0
12,1,5,1,1,1.0
12,1,5,1,2,1.0
12,1,5,2,0,1.0
12,1,5,2,1,1.0
12,1,5,2,2,1.0
12,1,5,4,0,1.0
12,1,5,4,1,1.0
12,1,5,4,2,1.0
12,1,5,3,0,1.0
12,1,5,3,1,1.0
12,1,5,3,2,1.0
12,1,5,5,0,1.0
12,1,5,5,1,1.0
12,1,5,5,2,1.0
12,1,5,6,0,1.0
12,1,5,6,1,1.0
12,1,5,6,2,1.0
12,1,5,7,0,1.0
12,1,5,7,1,1.0
12,1,5,7,2,1.0
12,1,6,0,0,1.0
12,1,6,0,1,1.0
12,1,6,0,2,1.0
12,1,6,1,0,1.0
12,1,6,1,1,1.0
12,1,6,1,2,1.0
12,1,6,2,0,1.0
12,1,6,2,1,1.0
12,1,6,2,2,1.0
12,1,6,4,0,1.0
12,1,6,4,1,1.0
12,1,6,4,2,1.0
12,1,6,3,0,1.0
12,1,6,3,1,1.0
12,1,6,3,2,1.0
12,1,6,5,0,1.0
12,1,6,5,1,1.0
12,1,6,5,2,1.0
12,1,6,6,0,1.0
12,1,6,6,1,1.0
12,1,6,6,2,1.0
12,1,6,7,0,1.0
12,1,6,7,1,1.0
12,1,6,7,2,1.0
12,1,7,0,0,1.0
12,1,7,0,1,1.0
12,1,7,0,2,1.0
12,1,7,1,0,1.0
12,1,7,1,1,1.0
12,1,7,1,2,1.0
12,1,7,2,0,1.0
12,1,7,2,1,1.0
12,1,7,2,2,1.0
12,1,7,4,0,1.0
12,1,7,4,1,1.0
12,1,7,4,2,1.0
12,1,7,3,0,1.0
12,1,7,3,1,1.0
12,1,7,3,2,1.0
12,1,7,5,0,1.0
12,1,7,5,1,1.0
12,1,7,5,2,1.0
12,1,7,6,0,1.0
12,1,7,6,1,1.0
12,1,7,6,2,1.0
12,1,7,7,0,1.0
12,1,7,7,1,1.0
12,1,7,7,2,1.0
12,1,8,0,0,1.0
12,1,8,0,1,1.0
12,1,8,0,2,1.0
12,1,8,1,0,1.0
12,1,8,1,1,1.0
12,1,8,1,2,1.0
12,1,8,2,0,1.0
12,1,8,2,1,1.0
12,1,8,2,2,1.0
12,1,8,4,0,1.0
12,1,8,4,1,1.0
12,1,8,4,2,1.0
12,1,8,3,0,1.0
12,1,8,3,1,1.0
12,1,8,3,2,1.0
12,1,8,5,0,1.0
12,1,8,5,1,1.0
12,1,8,5,2,1.0
12,1,8,6,0,1.0
12,1,8,6,1,1.0
12,1,8,6,2,1.0
12,1,8,7,0,1.0
12,1,8,7,1,1.0
12,1,8,7,2,1.0
12,1,9,0,0,1.0
12,1,9,0,1,1.0
12,1,9,0,2,1.0
12,1,9,1,0,1.0
12,1,9,1,1,1.0
12,1,9,1,2,1.0
12,1,9,2,0,1.0
12,1,9,2,1,1.0
12,1,9,2,2,1.0
12,1,9,4,0,1.0
12,1,9,4,1,1.0
12,1,9,4,2,1.0
12,1,9,3,0,1.0
12,1,9,3,1,1.0
12,1,9,3,2,1.0
12,1,9,5,0,1.0
12,1,9,5,1,1.0
12,1,9,5,2,1.0
12,1,9,6,0,1.0
12,1,9,6,1,1.0
12,1,9,6,2,1.0
12,1,9,7,0,1.0
12,1,9,7,1,1.0
12,1,9,7,2,1.0
12,1,10,0,0,1.0
12,1,10,0,1,1.0
12,1,10,0,2,1.0
12,1,10,1,0,1.0
12,1,10,1,1,1.0
12,1,10,1,2,1.0
12,1,10,2,0,1.0
12,1,10,2,1,1.0
12,1,10,2,2,1.0
12,1,10,4,0,1.0
12,1,10,4,1,1.0
12,1,10,4,2,1.0
12,1,10,3,0,1.0
12,1,10,3,1,1.0
12,1,10,3,2,1.0
12,1,10,5,0,1.0
12,1,10,5,1,1.0
12,1,10,5,2,1.0
12,1,10,6,0,1.0
12,1,10,6,1,1.0
12,1,10,6,2,1.0
12,1,10,7,0,1.0
12,1,10,7,1,1.0
12,1,10,7,2,1.0
